
Cadence Innovus(TM) Implementation System.
Copyright 2025 Cadence Design Systems, Inc. All rights reserved worldwide.

Version:	v25.10-p002_1, built Wed Apr 23 12:43:30 PDT 2025
Options:	-stylus -abort_on_error -overwrite -log /home/edu4chip_18/project_calendar/logs/innovus.log /home/edu4chip_18/project_calendar/logs/innovus.cmd -files /home/edu4chip_18/project_calendar/scripts/phy_synt.tcl 
Date:		Thu Aug 20 17:43:17 2026
Host:		tallinn.emse.fr (x86_64 w/Linux 5.14.0-687.39.1.el9_8.x86_64) (20cores*80cpus*Intel(R) Xeon(R) Gold 5218R CPU @ 2.10GHz 28160KB)
OS:		AlmaLinux 9.8 (Olive Jaguar)

License:
		[17:43:17.083386] Configured Lic search path (25.01-s002): 30000@licences.cnfm.fr:30000@cadence.cnfm.fr

		invs	Innovus Implementation System	25.1	checkout succeeded
		8 CPU jobs allowed with the current license(s). Use set_multi_cpu_usage to set your required CPU count.


Create and set the environment variable TMPDIR to /home/edu4chip_18/project_calendar/work/innovus_temp_3435128_b12acddd-786a-4b77-b4e7-160af6b8cafd_tallinn.emse.fr_edu4chip_18_DH9k1p.

Change the soft stacksize limit to 0.2%RAM (255 mbytes). Set global soft_stack_size_limit to change the value.
Info: Process UID = 3435128 / b12acddd-786a-4b77-b4e7-160af6b8cafd / VEiKAMYOyk
Loading attribute definitions from mini dummy db...
Info: Defined 24273 Synthesis attributes
Info: Skipped defining 1018 Synthesis attributes already defined in Innovus

**INFO:  MMMC transition support version v31-84 

#@ Processing -files option
@innovus 1> source /home/edu4chip_18/project_calendar/scripts/phy_synt.tcl
#@ Begin verbose source (pre): source /home/edu4chip_18/project_calendar/scripts/phy_synt.tcl
@file 1: set scr $env(scr)
@file 2:
@file 3: source $scr/Setup.tcl
#@ Begin verbose source /home/edu4chip_18/project_calendar/scripts/Setup.tcl (pre)
@file 1: # Global Definition
@file 2: set ROOT $env(ROOT)
@file 3:
@file 4: set cons $env(cons)
@file 5: set lyt $env(lyt)
@file 6: set lib $env(lib)
@file 7: set logs $env(logs)
@file 8: set src $env(src)
@file 9: set syn $env(syn)
@file 10:
@file 11: set design $env(design)
@file 12: set tech_node_used $env(tech_node_used)
@file 13:
@file 14: set design_first_syn "0"
@file 15: set design_first_lyt "0"
@file 16:
@file 17: if {![file exists ${syn}/${design}_${tech_node_used}]} {...}
@file 21:
@file 22: if {![file exists ${lyt}/${design}_${tech_node_used}]} {...}
@file 26:
@file 27: if {![file exists $ROOT/pics/${design}_${tech_node_used}]} {...}
@file 30:
@file 31:
@file 32: set syn_folder ${syn}/${design}_${tech_node_used}
@file 33: set lyt_folder ${lyt}/${design}_${tech_node_used}
@file 34:
@file 35: # ---------------------------------- [ Data Preparation ] ----------------------------------
@file 36: set TECH_ROOT "/apps/DESIGN_KITS/XFAB_xh018/XKIT/xh018"
@file 37: set STD_CELL_ROOT "${TECH_ROOT}/diglibs/D_CELLS_HD/v6_0"
@file 38: set LIB_ROOT "${STD_CELL_ROOT}/liberty_LPMOS/v6_0_0/PVT_1_80V_range"
@file 39: set LEF_ROOT "${STD_CELL_ROOT}/LEF/v6_0_0"
@file 40:
@file 41:     # Process
@file 42: set Tech_process_node "180"
@file 43:
@file 44:     # Timing Libraries
@file 45: set Tech_fast_lib "$LIB_ROOT/D_CELLS_HD_LPMOS_fast_1_98V_0C.lib"
@file 46: set Tech_typ_lib "$LIB_ROOT/D_CELLS_HD_LPMOS_typ_1_80V_25C.lib"
@file 47: set Tech_slow_lib "$LIB_ROOT/D_CELLS_HD_LPMOS_slow_1_62V_85C.lib"
@file 48:
@file 49:     # PVT - Voltage and Temperature
@file 50: set Tech_fast_temp "0";
@file 50: # â
@file 51: set Tech_typ_temp  "25";
@file 51: # â
@file 52: set Tech_slow_temp "85";
@file 52: # â
@file 53: set Tech_v_fast "1.98";
@file 53: # V
@file 54: set Tech_v_typ  "1.80";
@file 54: # V
@file 55: set Tech_v_slow "1.62";
@file 55: # V
@file 56:
@file 57:     # Physical Libraries
@file 58: set Tech_lef_list "${TECH_ROOT}/cadence/v9_0/techLEF/v9_0_1/xh018_xx43_HD_MET4_METMID_METTHK.lef\
        ${LEF_ROOT}/xh018_xx43_MET4_METMID_METTHK_D_CELLS_HD_mprobe.lef\
        ${LEF_ROOT}/xh018_D_CELLS_HD.lef"
@file 61:
@file 62:     # Extraction
@file 63: set qrc_path "${TECH_ROOT}/cadence/v10_1/QRC_assura/v10_1_1/"
@file 64:
@file 65:     # CTS
@file 66: set Tech_cts_file "${scr}/physical/cts/${tech_node_used}_cts.ccopt"
@file 67:
@file 68:     # Filler Cells
@file 69: set Tech_fill_cell "FEED1HD FEED2HD FEED3HD FEED5HD \
        FEED7HD FEED10HD FEED15HD FEED25HD"
@file 71:
@file 72:     # Metal Stack
@file 73: set Tech_Metal_List "MET1 MET2 MET3 MET4";
@file 73: # All metals
@file 74: set Tech_Metal_first "MET1";
@file 74: # First routing layer
@file 75: set Tech_Metal_lastr "MET4";
@file 75: # Last routing layer
@file 76:
@file 77: set Tech_power_ring_v "MET4";
@file 77: # Power ring Vertical metal
@file 78: set Tech_power_ring_h "MET3";
@file 78: # Power ring Horizontal metal
@file 79:
@file 80: set Tech_metal_plimit "MET4";
@file 80: # Stripes configuration
@file 81: set Tech_metal_limit  "MET4";
@file 81: # Stripes configuration
@file 82:
@file 83: set Tech_Metal_pin_h "MET3";
@file 83: # I/O signals on top or bottom side
@file 84: set Tech_Metal_pin_v "MET2";
@file 84: # I/O signals on left or right side
@file 85:
@file 86:     # Floorplan / Power
@file 87: set Tech_die_especs "1 0.8 15 15 15 15";
@file 87: #[ (ratio) (density) spacing{left back rigth top})]
@file 88:
@file 89: set Tech_PR_width "3"
@file 90: set Tech_PR_spacing "3"
@file 91: set Tech_PR_offset "3"
@file 92:
@file 93: set Tech_power_name  "vdd"
@file 94: set Tech_ground_name "gnd"
#@ End verbose source /home/edu4chip_18/project_calendar/scripts/Setup.tcl
@file 4: source $scr/physical/1_DesignInit.tcl
#@ Begin verbose source /home/edu4chip_18/project_calendar/scripts/physical/1_DesignInit.tcl (pre)
@file 1: #------------------------------------ [01] - Naming Power domain
@@file 2: set_db init_power_nets $Tech_power_name
@@file 3: set_db init_ground_nets $Tech_ground_name
@file 4: #------------------------------------ [02] - Constraints config w/ MultiMode MultiCorner
@file 5: if {[file exists $cons/${design}/${design}_${tech_node_used}.view]} {...
@file 7: } else {
@@file 8: read_mmmc $cons/basic_${tech_node_used}.view
#@ Begin verbose source /home/edu4chip_18/project_calendar/constraints/basic_XH180.view (pre)
@@file 1: create_library_set -name fast -timing $Tech_fast_lib
@@file 2: create_library_set -name typ -timing $Tech_typ_lib
@@file 3: create_library_set -name slow -timing $Tech_slow_lib
@file 4:
@@file 5: create_rc_corner -name rc_best -qrc_tech ${qrc_path}/XH018_1143/QRC-Min/qrcTechFile -temp ${Tech_fast_temp}
@@file 6: create_rc_corner -name rc_typ -qrc_tech ${qrc_path}/XH018_1143/QRC-Typ/qrcTechFile -temp ${Tech_typ_temp}
@@file 7: create_rc_corner -name rc_worst -qrc_tech ${qrc_path}/XH018_1143/QRC-Max/qrcTechFile -temp ${Tech_slow_temp}
@file 8:
@@file 9: create_opcond -name oc_fast -process {1.0} -voltage ${Tech_v_fast} -temperature ${Tech_fast_temp}
@@file 10: create_opcond -name oc_typ  -process {1.0} -voltage ${Tech_v_typ}  -temperature ${Tech_typ_temp}
@@file 11: create_opcond -name oc_slow -process {1.0} -voltage ${Tech_v_slow} -temperature ${Tech_slow_temp}
@file 12:
@@file 13: create_timing_condition -name fast_timing -library_sets [list fast] -opcond oc_fast
@@file 14: create_timing_condition -name typ_timing -library_sets [list typ] -opcond oc_typ
@@file 15: create_timing_condition -name slow_timing -library_sets [list slow] -opcond oc_slow
@file 16:
@@file 17: create_delay_corner -name fast_min -timing_condition fast_timing -rc_corner rc_best
@@file 18: create_delay_corner -name typ      -timing_condition typ_timing  -rc_corner rc_typ
@@file 19: create_delay_corner -name slow_max -timing_condition slow_timing -rc_corner rc_worst
@file 20:
@@file 21: create_constraint_mode -name basic_constraint -sdc_files ${cons}/basic_${tech_node_used}.sdc
@file 22:
@@file 23: create_analysis_view -name analysis_normal_fast_min -constraint_mode {basic_constraint} -delay_corner fast_min
@@file 24: create_analysis_view -name analysis_normal_typ -constraint_mode {basic_constraint} -delay_corner typ
@@file 25: create_analysis_view -name analysis_normal_slow_max -constraint_mode {basic_constraint} -delay_corner slow_max
@file 26:
@@file 27: set_analysis_view -setup [list analysis_normal_slow_max] -hold [list analysis_normal_fast_min]
#@ End verbose source /home/edu4chip_18/project_calendar/constraints/basic_XH180.view
Reading slow timing library '/apps/DESIGN_KITS/XFAB_xh018/XKIT/xh018/diglibs/D_CELLS_HD/v6_0/liberty_LPMOS/v6_0_0/PVT_1_80V_range/D_CELLS_HD_LPMOS_slow_1_62V_85C.lib' ...
Read 854 cells in library 'D_CELLS_HD_LPMOS_slow_1_62V_85C' 
Reading fast timing library '/apps/DESIGN_KITS/XFAB_xh018/XKIT/xh018/diglibs/D_CELLS_HD/v6_0/liberty_LPMOS/v6_0_0/PVT_1_80V_range/D_CELLS_HD_LPMOS_fast_1_98V_0C.lib' ...
Read 854 cells in library 'D_CELLS_HD_LPMOS_fast_1_98V_0C' 
@file 9: }
@file 11: #------------------------------------ [03] - Read PDK Physical information
@file 12: switch {top} {
@@file 16: read_physical -lefs $Tech_lef_list

Loading LEF file /apps/DESIGN_KITS/XFAB_xh018/XKIT/xh018/cadence/v9_0/techLEF/v9_0_1/xh018_xx43_HD_MET4_METMID_METTHK.lef ...

Loading LEF file /apps/DESIGN_KITS/XFAB_xh018/XKIT/xh018/diglibs/D_CELLS_HD/v6_0/LEF/v6_0_0/xh018_xx43_MET4_METMID_METTHK_D_CELLS_HD_mprobe.lef ...
Set DBUPerIGU to M2 pitch 560.

Loading LEF file /apps/DESIGN_KITS/XFAB_xh018/XKIT/xh018/diglibs/D_CELLS_HD/v6_0/LEF/v6_0_0/xh018_D_CELLS_HD.lef ...
**WARN: (IMPLF-200):	Pin 'A' in macro 'ANTENNACELLP2HD' has no ANTENNAGATEAREA value defined. The library data is incomplete and some process antenna rules will not be checked correctly.
Type 'man IMPLF-200' for more detail.
**WARN: (IMPLF-200):	Pin 'A' in macro 'ANTENNACELLNP2HD' has no ANTENNAGATEAREA value defined. The library data is incomplete and some process antenna rules will not be checked correctly.
Type 'man IMPLF-200' for more detail.
**WARN: (IMPLF-200):	Pin 'A' in macro 'ANTENNACELLN2HD' has no ANTENNAGATEAREA value defined. The library data is incomplete and some process antenna rules will not be checked correctly.
Type 'man IMPLF-200' for more detail.
**WARN: (IMPLF-200):	Pin 'A' in macro 'MPROBEHD' has no ANTENNAGATEAREA value defined. The library data is incomplete and some process antenna rules will not be checked correctly.
Type 'man IMPLF-200' for more detail.

##  Check design process and node:  
##  Both design process and tech node are not set.

@file 17: }
@file 19:
@file 20: #------------------------------------ [04] - Read Netlist
@file 21: switch {top} {
@@file 25: read_netlist $syn/${design}_${tech_node_used}/$design.v
#% Begin Load netlist data ... (date=08/20 17:44:27, mem=1991.8M)
*** Begin netlist parsing (mem=1991.8M) ***
Created 854 new cells from 2 timing libraries.
Reading netlist ...
Backslashed names will retain backslash and a trailing blank character.
Reading verilog netlist '/home/edu4chip_18/project_calendar/synthesis/top_XH180/top.v'

*** Memory Usage v#1 (Current mem = 2029.191M, initial mem = 952.973M) ***
*** End netlist parsing (cpu=0:00:00.0, real=0:00:00.0, mem=2029.2M) ***
#% End Load netlist data ... (date=08/20 17:44:27, total cpu=0:00:00.1, real=0:00:00.0, peak res=2029.2M, current mem=2029.2M)
Top level cell is top.
Hooked 1708 DB cells to tlib cells.
** Removed 1 unused lib cells.
Starting recursive module instantiation check.
No recursion found.
Building hierarchical netlist for Cell top ...
***** UseNewTieNetMode *****.
*** Netlist is unique.
** info: there are 1715 modules.
** info: there are 576 stdCell insts.
** info: there are 576 stdCell insts with at least one signal pin.

*** Memory Usage v#1 (Current mem = 2099.320M, initial mem = 952.973M) ***
@file 26: }
@file 28: #------------------------------------ [05] - Init design
@@file 29: init_design
Start create_tracks
Extraction setup Started for TopCell top 
Initializing multi-corner RC extraction with 2 active RC Corners ...
Captable file(s) not specified in multi-corner setup. PreRoute extraction will use technology file. For post_route extraction, default value for effort level would be 'medium' and effort level 'low' would not be allowed.
Generating auto layer map file.
Importing multi-corner technology file(s) for preRoute extraction...
/apps/DESIGN_KITS/XFAB_xh018/XKIT/xh018/cadence/v10_1/QRC_assura/v10_1_1//XH018_1143/QRC-Max/qrcTechFile
Generating auto layer map file.
/apps/DESIGN_KITS/XFAB_xh018/XKIT/xh018/cadence/v10_1/QRC_assura/v10_1_1//XH018_1143/QRC-Min/qrcTechFile
Generating auto layer map file.
Completed (cpu: 0:00:02.6 real: 0:00:04.0)
Set Shrink Factor to 1.00000
Summary of Active RC-Corners : 
 
 Analysis View: analysis_normal_slow_max
    RC-Corner Name        : rc_worst
    RC-Corner Index       : 0
    RC-Corner Temperature : 85 Celsius
    RC-Corner Cap Table   : ''
    RC-Corner PreRoute Res Factor         : 1
    RC-Corner PreRoute Cap Factor         : 1
    RC-Corner PostRoute Res Factor        : 1 {1 1 1}
    RC-Corner PostRoute Cap Factor        : 1 {1 1 1}
    RC-Corner PostRoute XCap Factor       : 1 {1 1 1}
    RC-Corner PreRoute Clock Res Factor   : 1	[Derived from postRoute_res (effortLevel low)]
    RC-Corner PreRoute Clock Cap Factor   : 1	[Derived from postRoute_cap (effortLevel low)]
    RC-Corner PostRoute Clock Cap Factor  : 1 {1 1 1} 	[Derived from postRoute_cap (effortLevel low)]
    RC-Corner PostRoute Clock Res Factor  : 1 {1 1 1} 	[Derived from postRoute_res (effortLevel low)]
    RC-Corner PostRoute Clock coupling capacitance Factor : 1 {1 1 1} 
    RC-Corner Technology file: '/apps/DESIGN_KITS/XFAB_xh018/XKIT/xh018/cadence/v10_1/QRC_assura/v10_1_1//XH018_1143/QRC-Max/qrcTechFile'
 
 Analysis View: analysis_normal_fast_min
    RC-Corner Name        : rc_best
    RC-Corner Index       : 1
    RC-Corner Temperature : 0 Celsius
    RC-Corner Cap Table   : ''
    RC-Corner PreRoute Res Factor         : 1
    RC-Corner PreRoute Cap Factor         : 1
    RC-Corner PostRoute Res Factor        : 1 {1 1 1}
    RC-Corner PostRoute Cap Factor        : 1 {1 1 1}
    RC-Corner PostRoute XCap Factor       : 1 {1 1 1}
    RC-Corner PreRoute Clock Res Factor   : 1	[Derived from postRoute_res (effortLevel low)]
    RC-Corner PreRoute Clock Cap Factor   : 1	[Derived from postRoute_cap (effortLevel low)]
    RC-Corner PostRoute Clock Cap Factor  : 1 {1 1 1} 	[Derived from postRoute_cap (effortLevel low)]
    RC-Corner PostRoute Clock Res Factor  : 1 {1 1 1} 	[Derived from postRoute_res (effortLevel low)]
    RC-Corner PostRoute Clock coupling capacitance Factor : 1 {1 1 1} 
    RC-Corner Technology file: '/apps/DESIGN_KITS/XFAB_xh018/XKIT/xh018/cadence/v10_1/QRC_assura/v10_1_1//XH018_1143/QRC-Min/qrcTechFile'
Updating RC Grid density data for preRoute extraction ...
Initializing multi-corner resistance tables ...
Default value for post_route extraction mode's extract_rc_effort_level (extract_rc_effort_level option of set_db) changed to 'medium'.
*Info: initialize multi-corner CTS.
Total number of combinational cells: 452
Total number of sequential cells: 300
Total number of tristate cells: 28
Total number of level shifter cells: 0
Total number of power gating cells: 0
Total number of isolation cells: 0
Total number of power switch cells: 0
Total number of pulse generator cells: 0
Total number of always on buffers: 0
Total number of retention cells: 0
Total number of physical cells: 73
List of usable buffers: BUHDX1 BUHDX0 BUHDX2 BUHDX3 BUHDX4 BUHDX6 BUHDX8 BUHDX12
Total number of usable buffers: 8
List of unusable buffers:
Total number of unusable buffers: 0
List of usable inverters: INHDX1 INHDX0 INHDX2 INHDX3 INHDX4 INHDX6 INHDX8 INHDX12
Total number of usable inverters: 8
List of unusable inverters:
Total number of unusable inverters: 0
List of identified usable delay cells: DLY1HDX1 DLY1HDX0 DLY2HDX1 DLY2HDX0 DLY4HDX1 DLY4HDX0 DLY8HDX1 DLY8HDX0
Total number of identified usable delay cells: 8
List of identified unusable delay cells: BUSSHDX1 BUSSHDX0 STEHDX1 STEHDX0 STEHDX2 STEHDX4
Total number of identified unusable delay cells: 6
Reading timing constraints file '/home/edu4chip_18/project_calendar/constraints/basic_XH180.sdc' ...
Current (total cpu=0:01:10, real=0:01:19, peak res=2562.3M, current mem=2562.3M)
top

Usage: create_clock [-help] [<source_objects>] [-add] [-comment <string>] [-name <clock_name>]
                    -period <period_value> [-waveform <edge_list>]

**ERROR: (IMPTCM-48):	"global_clk" is not a legal option for command "create_clock". Either the current option or an option prior to it is not specified correctly.
**WARN: (TCLCMD-513):	The software could not find a matching object of the specified type for the pattern 'clk' (File /home/edu4chip_18/project_calendar/constraints/basic_XH180.sdc, Line 13).

**ERROR: (TCLCMD-917):	Cannot find 'clocks' that match 'clk' (File /home/edu4chip_18/project_calendar/constraints/basic_XH180.sdc, Line 13).

**ERROR: (TCLCMD-917):	Cannot find 'clocks, ports, or pins' that match '' (File /home/edu4chip_18/project_calendar/constraints/basic_XH180.sdc, Line 13).

**WARN: (TCLCMD-513):	The software could not find a matching object of the specified type for the pattern 'clk' (File /home/edu4chip_18/project_calendar/constraints/basic_XH180.sdc, Line 14).

**ERROR: (TCLCMD-917):	Cannot find 'clocks' that match 'clk' (File /home/edu4chip_18/project_calendar/constraints/basic_XH180.sdc, Line 14).

**ERROR: (TCLCMD-917):	Cannot find 'clocks, ports, or pins' that match '' (File /home/edu4chip_18/project_calendar/constraints/basic_XH180.sdc, Line 14).

**WARN: (TCLCMD-513):	The software could not find a matching object of the specified type for the pattern 'clk' (File /home/edu4chip_18/project_calendar/constraints/basic_XH180.sdc, Line 17).

**ERROR: (TCLCMD-917):	Cannot find 'clocks' that match 'clk' (File /home/edu4chip_18/project_calendar/constraints/basic_XH180.sdc, Line 17).


Usage: set_input_delay [-help] <value> <pin_or_port_list> [-add_delay] [-clock <clock_name>]
                       [-clock_fall] [-fall] [-level_sensitive] [-max] [-min]
                       [-network_latency_included] [-reference_pin <pin_name>] [-rise]
                       [-source_latency_included]

**ERROR: (IMPTCM-48):	"set_output_delay" is not a legal option for command "set_input_delay". Either the current option or an option prior to it is not specified correctly.
INFO (CTE): Reading of timing constraints file /home/edu4chip_18/project_calendar/constraints/basic_XH180.sdc completed, with 3 Warnings and 7 Errors.
------------------------------------------------------------------------------------
CONSTRAINT READING SUMMARY                                                          
------------------------------------------------------------------------------------
Constraint                                        | Success        | Fail           
------------------------------------------------------------------------------------
set_load                                          | 1              | 0              
set_input_delay                                   | 0              | 1              
all_outputs                                       | 2              | 0              
get_ports                                         | 2              | 0              
all_inputs                                        | 1              | 0              
set_clock_uncertainty                             | 0              | 2              
get_clocks                                        | 3              | 0              
create_clock                                      | 0              | 1              
current_design                                    | 1              | 0              
------------------------------------------------------------------------------------
Ending "Constraint file reading stats" (total cpu=0:00:00.1, real=0:00:00.0, peak res=2568.2M, current mem=2568.2M)
Current (total cpu=0:01:11, real=0:01:19, peak res=2568.2M, current mem=2568.2M)
@file 30: #------------------------------------ [06] - Connect Power domain nets
@file 31: switch {top} {
@@file 35: connect_global_net $Tech_power_name -type pg_pin -pin_base_name $Tech_power_name -inst_base_name *
@@file 36: connect_global_net $Tech_ground_name -type pg_pin -pin_base_name $Tech_ground_name -inst_base_name *
@file 37: }
@file 39: #------------------------------------ [07] - Set Process node
@@file 40: set_db design_process_node $Tech_process_node
**WARN: (IMPDB-6501):	"set_db design_process_node" will be obsoleted in future release. Remove it from the script to avoid the interruption of running the script in future.
##  Process: 180           (User Set)               
##     Node: (not set)                           

##  Check design process and node:  
##  Design tech node is not set.

Applying the recommended capacitance filtering threshold values for 180nm process node: total_c_th=5, relative_c_th=0.03 and coupling_c_th=3.
	These values will be used by all post-route extraction engines, including TQuantus, IQuantus and Quantus QRC extraction.
	For post_route extract_rc_effort_level low extraction, the coupling_c_th value will be used only when the extract_rc_cap_filter_mode parameter of the set_db command is set to relative_and_coupling or relative_or_coupling. Default value of extract_rc_cap_filter_mode parameter in post_route extraction extract_rc_effort_level low is relative_only.
	The accuracy mode for post_route extract_rc_effort_level low extraction will be set to 'standard'.
	Default value for EffortLevel(extract_rc_effort_level option of the set_db) in post_route extraction mode is 'low'.
@file 41: #------------------------------------ [08] - Create Floorplan
@file 42: switch {top} {
@@file 61: create_floorplan -core_density_size ${Tech_die_especs}
Adjusting coreMargin left    to finFet grid (PlacementGrid) : after adjusting :15.12
Adjusting coreMargin bottom  to finFet grid (PlacementGrid) : after adjusting :15.12
Adjusting coreMargin right   to finFet grid (PlacementGrid) : after adjusting :15.12
Adjusting coreMargin top     to finFet grid (PlacementGrid) : after adjusting :15.12
Adjusting core size to PlacementGrid : width :136.64 height : 134.4
Start create_tracks
**WARN: (IMPFP-325):	Floorplan of the design is resized. All current create_floorplan objects are automatically derived based on specified new create_floorplan. This may change blocks, fixed standard cells, existing routes and blockages.
@file 62: }
@file 64:
@file 65: #------------------------------------ [09] - Create Power Ring
@file 66: # set_db add_rings_skip_shared_inner_ring none
@@file 67: set_db add_rings_avoid_short 1
add_rings command will avoid shorts while creating rings.
@file 68: # set_db add_rings_ignore_rows 0
@file 69: # set_db add_rings_extend_over_row 0
@file 70:
@file 71: switch {top} {
@@file 91: add_rings -type core_rings -follow core  -nets "$Tech_power_name $Tech_ground_name" -width $Tech_PR_width -spacing $Tech_PR_spacing -offset $Tech_PR_offset  -layer [list  bottom $Tech_power_ring_h  top    $Tech_power_ring_h  right  $Tech_power_ring_v  left   $Tech_power_ring_v]
#% Begin add_rings (date=08/20 17:44:36, mem=2598.6M)


viaInitial starts at Thu Aug 20 17:44:36 2026
viaInitial ends at Thu Aug 20 17:44:36 2026
Loading cell geometries (cpu: 0:00:00.0, real: 0:00:00.0, peak mem: 2600.1M)
Ring generation is complete.
vias are now being generated.
add_rings created 8 wires.
ViaGen created 8 vias, deleted 0 via to avoid violation.
+--------+----------------+----------------+
|  Layer |     Created    |     Deleted    |
+--------+----------------+----------------+
|  MET3  |        4       |       NA       |
|  VIA3  |        8       |        0       |
|  MET4  |        4       |       NA       |
+--------+----------------+----------------+
#% End add_rings (date=08/20 17:44:36, total cpu=0:00:00.1, real=0:00:00.0, peak res=2604.0M, current mem=2604.0M)
@file 92: }
@file 100:
@file 101: #------------------------------------ [10] - Add Power Stripes
@file 102: switch {top} {
@@file 118: add_stripes  -block_ring_top_layer_limit $Tech_metal_limit  -max_same_layer_jog_length 0.44  -set_to_set_distance 7  -pad_core_ring_top_layer_limit $Tech_metal_limit  -spacing 0.4  -layer $Tech_metal_plimit  -width 0.28  -start_offset 1  -nets "$Tech_power_name $Tech_ground_name"   
#% Begin add_stripes (date=08/20 17:44:36, mem=2604.0M)

Initialize fgc environment(mem: 2604.5M) ...  fail and won't use fgc to check drc(cpu: 0:00:00.0, real: 0:00:00.0, peak mem: 2604.5M)
Loading cell geometries (cpu: 0:00:00.0, real: 0:00:00.0, peak mem: 2604.6M)
Loading wires (cpu: 0:00:00.0, real: 0:00:00.0, peak mem: 2604.6M)
Loading via instances (cpu: 0:00:00.0, real: 0:00:00.0, peak mem: 2604.6M)
Starting stripe generation ...
Non-Default Mode Option Settings :
  NONE
Completing 10% stripe generation(cpu: 0:00:00.0, real: 0:00:00.0, peak mem: 2605.5M)
Completing 20% stripe generation(cpu: 0:00:00.0, real: 0:00:00.0, peak mem: 2605.5M)
Completing 30% stripe generation(cpu: 0:00:00.0, real: 0:00:00.0, peak mem: 2605.5M)
Completing 40% stripe generation(cpu: 0:00:00.0, real: 0:00:00.0, peak mem: 2605.5M)
Completing 50% stripe generation(cpu: 0:00:00.0, real: 0:00:00.0, peak mem: 2605.5M)
Completing 60% stripe generation(cpu: 0:00:00.0, real: 0:00:00.0, peak mem: 2605.5M)
Completing 70% stripe generation(cpu: 0:00:00.0, real: 0:00:00.0, peak mem: 2605.5M)
Completing 80% stripe generation(cpu: 0:00:00.0, real: 0:00:00.0, peak mem: 2605.5M)
Completing 90% stripe generation(cpu: 0:00:00.0, real: 0:00:00.0, peak mem: 2605.5M)
Completing 100% stripe generation(cpu: 0:00:00.0, real: 0:00:00.0, peak mem: 2605.5M)
Stripe generation is complete.
vias are now being generated.
add_stripes created 40 wires.
ViaGen created 80 vias, deleted 0 via to avoid violation.
+--------+----------------+----------------+
|  Layer |     Created    |     Deleted    |
+--------+----------------+----------------+
|  VIA3  |       80       |        0       |
|  MET4  |       40       |       NA       |
+--------+----------------+----------------+
#% End add_stripes (date=08/20 17:44:37, total cpu=0:00:00.1, real=0:00:00.0, peak res=2605.6M, current mem=2605.6M)
@file 119: }
@file 130:
@file 131: #------------------------------------ [11] - Route Power and Ground nets
@file 132: switch {top} {
@@file 136: route_special -layer_change_range [list $Tech_Metal_first $Tech_Metal_lastr] -block_pin_target nearest_target -allow_jogging 1  -crossover_via_layer_range [list $Tech_Metal_first $Tech_Metal_lastr]  -nets "$Tech_power_name $Tech_ground_name" -allow_layer_change 1  -target_via_layer_range [list $Tech_Metal_first $Tech_Metal_lastr]
#% Begin route_special (date=08/20 17:44:37, mem=2605.6M)
**WARN: (IMPSR-4058):	Route_special option: blockPinTarget should be used in conjunction with option: -connect blockPin. 
*** Begin SPECIAL ROUTE on Thu Aug 20 17:44:37 2026 ***
SPECIAL ROUTE ran on directory: /home/edu4chip_18/project_calendar/work
SPECIAL ROUTE ran on machine: tallinn.emse.fr (Linux 5.14.0-687.39.1.el9_8.x86_64 Xeon 2.60Ghz)

Begin option processing ...
srouteConnectPowerBump set to false
routeSelectNet set to "vdd gnd"
routeSpecial set to true
srouteBottomLayerLimit set to 1
srouteBottomTargetLayerLimit set to 1
srouteConnectConverterPin set to false
srouteCrossoverViaBottomLayer set to 1
srouteCrossoverViaTopLayer set to 4
srouteFollowCorePinEnd set to 3
srouteJogControl set to "preferWithChanges differentLayer"
sroutePadPinAllPorts set to true
sroutePreserveExistingRoutes set to true
srouteRoutePowerBarPortOnBothDir set to true
srouteStopBlockPin set to "nearestTarget"
srouteTopLayerLimit set to 4
srouteTopTargetLayerLimit set to 4
End option processing: cpu: 0:00:00, real: 0:00:00, peak: 154.00 megs.

Reading DB technology information...
Finished reading DB technology information.
Reading floorplan and netlist information...
Finished reading floorplan and netlist information.
**WARN: (IMPSR-4302):	Cap-table/qrcTechFile is found in the design, so the same information from the technology file will be ignored.
Read in 12 layers, 6 routing layers, 1 overlap layer
Read in 853 macros, 53 used
Read in 50 components
  50 core components: 50 unplaced, 0 placed, 0 fixed
Read in 4 logical pins
Read in 4 nets
Read in 2 special nets, 2 routed
Read in 100 terminals
2 nets selected.

Begin power routing ...
**WARN: (IMPSR-1254):	Unable to connect the specified objects, since block pins of the vdd net were not found in the design. Check netlist or change the parameter value to include block pins in the design.
**WARN: (IMPSR-1256):	Unable to find any CORE class pad pin of the vdd net due to unavailability of the pin or check netlist in the routing area or layer. Change routing area or layer to include the expected pin or check netlist. Alternatively, change port class in the technology file.
Type 'man IMPSR-1256' for more detail.
Cannot find any AREAIO class pad pin of net vdd. Check net list, or change port class in the technology file, or change option to include pin in given range.
**WARN: (IMPSR-1254):	Unable to connect the specified objects, since block pins of the gnd net were not found in the design. Check netlist or change the parameter value to include block pins in the design.
**WARN: (IMPSR-1256):	Unable to find any CORE class pad pin of the gnd net due to unavailability of the pin or check netlist in the routing area or layer. Change routing area or layer to include the expected pin or check netlist. Alternatively, change port class in the technology file.
Type 'man IMPSR-1256' for more detail.
Cannot find any AREAIO class pad pin of net gnd. Check net list, or change port class in the technology file, or change option to include pin in given range.
CPU time for vdd FollowPin 0 seconds
CPU time for gnd FollowPin 0 seconds
  Number of IO ports routed: 0
  Number of Block ports routed: 0
  Number of Stripe ports routed: 0
  Number of Core ports routed: 62
  Number of Pad ports routed: 0
  Number of Power Bump ports routed: 0
  Number of Followpin connections: 31
End power routing: cpu: 0:00:01, real: 0:00:01, peak: 216.00 megs.



 Begin updating DB with routing results ...
 Updating DB with 0 via definition ...Extracting standard cell pins and blockage ...... 
Pin and blockage extraction finished

route_special created 93 wires.
ViaGen created 2046 vias, deleted 0 via to avoid violation.
+--------+----------------+----------------+
|  Layer |     Created    |     Deleted    |
+--------+----------------+----------------+
|  MET1  |       93       |       NA       |
|  VIA1  |       682      |        0       |
|  VIA2  |       682      |        0       |
|  VIA3  |       682      |        0       |
+--------+----------------+----------------+
#% End route_special (date=08/20 17:44:38, total cpu=0:00:01.5, real=0:00:01.0, peak res=2673.7M, current mem=2669.5M)
@file 137: }
@file 143:
@file 144: #------------------------------------ [12] - Pin Configuration
@file 145: if {[file exists $scr/pins/${design}_pin.tcl]} {...
@file 147: } else {
@@file 148: set_db place_global_place_io_pins 1
@file 149: }
#@ End verbose source /home/edu4chip_18/project_calendar/scripts/physical/1_DesignInit.tcl
@file 5: # puts "Script Stopped at DesignInit phase"
@file 6:     # puts "\[resume\] to PreCTS"
@@file 7: suspend
**INFO(SUSPEND): The current script is stopped at 'suspend' command. Type 'resume' to continue.
[SUSPEND]innovus 2> gui_open
ambiguous command name "gui_open": gui_open_cell_view gui_open_ctd gui_open_gtd gui_open_schematic
ambiguous command name "gui_open": gui_open_cell_view gui_open_ctd gui_open_gtd gui_open_schematic
[SUSPEND]innovus 3> gui_show
[SUSPEND]innovus 4> resume
@innovus 5> @@file 8: write_db ${lyt_folder}/checkpoint/${design}_1.enc
#% Begin save design ... (date=08/20 17:45:28, mem=2682.6M)
fast slow typ
rc_typ rc_best rc_worst
basic_constraint
INFO: Current data have to be saved into a temporary db: 'top_1.enc.tmp' first. It will be renamed to the correct name 'top_1.enc' after the old db was deleted.
/home/edu4chip_18/project_calendar/constraints/basic_XH180.sdc
% Begin Save ccopt configuration ... (date=08/20 17:45:28, mem=2682.7M)
% End Save ccopt configuration ... (date=08/20 17:45:28, total cpu=0:00:00.1, real=0:00:00.0, peak res=2684.1M, current mem=2684.1M)
% Begin Save netlist data ... (date=08/20 17:45:28, mem=2684.1M)
Writing Binary DB to /home/edu4chip_18/project_calendar/layout/top_XH180/checkpoint/top_1.enc.tmp/top.v.bin in single-threaded mode...
% End Save netlist data ... (date=08/20 17:45:28, total cpu=0:00:00.1, real=0:00:01.0, peak res=2684.4M, current mem=2684.4M)
Saving symbol-table file ...
Saving congestion map file /home/edu4chip_18/project_calendar/layout/top_XH180/checkpoint/top_1.enc.tmp/top.route.congmap.gz ...
% Begin Save AAE data ... (date=08/20 17:45:29, mem=2684.7M)
Saving AAE Data ...
% End Save AAE data ... (date=08/20 17:45:29, total cpu=0:00:00.2, real=0:00:00.0, peak res=2730.5M, current mem=2685.1M)
Saving preference file /home/edu4chip_18/project_calendar/layout/top_XH180/checkpoint/top_1.enc.tmp/gui.pref.tcl ...
Saving mode setting ...
Saving root attributes to be loaded post write_db ...
**WARN: (IMPMF-5054):	fill_setting_save command is obsolete and should not be used any more. It still works in this release but will be removed in future release. Recommend to use Pegasus metal fill flow which is the replacement.
Saving global file ...
Saving root attributes to be loaded previous write_db ...
% Begin Save floorplan data ... (date=08/20 17:45:32, mem=2691.7M)
Saving floorplan file ...
% End Save floorplan data ... (date=08/20 17:45:32, total cpu=0:00:00.1, real=0:00:00.0, peak res=2691.8M, current mem=2691.8M)
Saving PG file /home/edu4chip_18/project_calendar/layout/top_XH180/checkpoint/top_1.enc.tmp/top.pg.gz, version#2, (Created by Innovus v25.10-p002_1 on Thu Aug 20 17:45:32 2026)
*** Completed savePGFile (cpu=0:00:00.0 real=0:00:00.0 mem=2691.8M) ***
*info - save blackBox cells to lef file /home/edu4chip_18/project_calendar/layout/top_XH180/checkpoint/top_1.enc.tmp/top.bbox.lef
Saving Drc markers ...
... No Drc file written since there is no markers found.
% Begin Save placement data ... (date=08/20 17:45:32, mem=2692.3M)
** Saving stdCellPlacement_binary (version# 2) ...
Save Adaptive View Pruning View Names to Binary file
% End Save placement data ... (date=08/20 17:45:32, total cpu=0:00:00.1, real=0:00:00.0, peak res=2692.4M, current mem=2692.4M)
% Begin Save routing data ... (date=08/20 17:45:32, mem=2692.5M)
Saving route file ...
*** Completed saveRoute (cpu=0:00:00.0 real=0:00:01.0 mem=2693.6M) ***
% End Save routing data ... (date=08/20 17:45:33, total cpu=0:00:00.1, real=0:00:01.0, peak res=2692.6M, current mem=2692.6M)
Saving property file /home/edu4chip_18/project_calendar/layout/top_XH180/checkpoint/top_1.enc.tmp/top.prop
*** Completed saveProperty (cpu=0:00:00.1 real=0:00:00.0 mem=2696.5M) ***
Saving preRoute extracted patterns in file '/home/edu4chip_18/project_calendar/layout/top_XH180/checkpoint/top_1.enc.tmp/top.techData.gz' ...
Saving preRoute extraction data in directory '/home/edu4chip_18/project_calendar/layout/top_XH180/checkpoint/top_1.enc.tmp/extraction/' ...
% Begin Save power constraints data ... (date=08/20 17:45:33, mem=2696.1M)
% End Save power constraints data ... (date=08/20 17:45:33, total cpu=0:00:00.1, real=0:00:00.0, peak res=2696.5M, current mem=2696.5M)
rc_typ rc_best rc_worst
rc_typ rc_best rc_worst
rc_typ rc_best rc_worst
rc_typ rc_best rc_worst
rc_typ rc_best rc_worst
rc_typ rc_best rc_worst
rc_typ rc_best rc_worst
**WARN: (GLOBAL-100):	Global 'timing_enable_backward_compatible_mmmc_mode' has become obsolete. It will be removed in the next release.
**WARN: (GLOBAL-100):	Global 'timing_enable_backward_compatible_mmmc_mode' has become obsolete. It will be removed in the next release.
Generated self-contained design top_1.enc.tmp
#% End save design ... (date=08/20 17:45:34, total cpu=0:00:04.5, real=0:00:06.0, peak res=2742.9M, current mem=2726.9M)

*** Summary of all messages that are not suppressed in this session:
Severity  ID               Count  Summary                                  
WARNING   IMPMF-5054           1  fill_setting_save command is obsolete an...
*** Message Summary: 1 warning(s), 0 error(s)

@file 9:
@file 10: source $scr/physical/2_PreCTS.tcl
#@ Begin verbose source /home/edu4chip_18/project_calendar/scripts/physical/2_PreCTS.tcl (pre)
@file 1: #------------------------------------ [14] - Place Design
@@file 2: place_design
*** placeDesign #1 [begin] () : totSession cpu/real = 0:01:20.8/0:02:10.3 (0.6), mem = 2727.0M
*** Starting place_design default flow ***
*** Starting delete buffer tree (mem=2728.0M) ***

Buffer/Inverters difference: 0
*** Finished delete buffer tree (cpu=0:00:00.8 real=0:00:00.0 mem=2746.1M) ***
**INFO: Enable pre-place timing setting for timing analysis
Set Using Default Delay Limit as 101.
**WARN: (IMPDC-1629):	The default delay limit was set to 101. This is less than the default of 1000 and may result in inaccurate delay calculation for nets with a fanout higher than the setting.  If needed, the default delay limit may be adjusted by running the command 'set delaycal_use_default_delay_limit'.
Set Default Net Delay as 0 ps.
Set Default Net Load as 0 pF. 
Set Default Input Pin Transition as 1 ps.
**INFO: Analyzing IO path groups for slack adjustment
**INFO: Disable pre-place timing setting for timing analysis
Set Using Default Delay Limit as 1000.
Set Default Net Delay as 1000 ps.
Set Default Input Pin Transition as 0.1 ps.
Set Default Net Load as 0.5 pF. 
**INFO: Pre-place timing setting for timing analysis already disabled
Deleted 0 physical inst  (cell - / prefix -).
INFO: #ExclusiveGroups=0
INFO: There are no Exclusive Groups.
*** Starting "NanoPlace(TM) placement v#2 (mem=2746.9M)" ...
Estimated loop count for BSM: 34400
*** Build Buffered Sizing Timing Model
(cpu=0:00:05.2 mem=2775.6M) ***
*** Build Virtual Sizing Timing Model
(cpu=0:00:05.9 mem=2792.5M) ***
No user-set net weight.
Net fanout histogram:
2		: 450 (67.5%) nets
3		: 127 (19.0%) nets
4     -	14	: 82 (12.3%) nets
15    -	39	: 7 (1.0%) nets
40    -	79	: 0 (0.0%) nets
80    -	159	: 1 (0.1%) nets
160   -	319	: 0 (0.0%) nets
320   -	639	: 0 (0.0%) nets
640   -	1279	: 0 (0.0%) nets
1280  -	2559	: 0 (0.0%) nets
2560  -	5119	: 0 (0.0%) nets
5120+		: 0 (0.0%) nets
Scan chains were not defined.
#std cell=576 (0 fixed + 576 movable) #buf cell=0 #inv cell=19 #block=0 (0 floating + 0 preplaced)
#ioInst=0 #net=667 #term=2022 #term/net=3.03, #fixedIo=0, #floatIo=0, #fixedPin=0, #floatPin=4
stdCell: 576 single + 0 double + 0 multi
Total standard cell length = 3.2732 (mm), area = 0.0147 (mm^2)
Average module density = 0.798.
Density for the design = 0.798.
       = stdcell_area 5845 sites (14664 um^2) / alloc_area 7320 sites (18364 um^2).
Pin Density = 0.2762.
            = total # of pins 2022 / total area 7320.
[spp] 0
Clock gating cells determined by native netlist tracing.
=== lastAutoLevel = 6 
Iteration  1: Total net bbox = 3.086e-11 (9.40e-12 2.15e-11)
              Est.  stn bbox = 3.270e-11 (1.02e-11 2.25e-11)
              cpu = 0:00:00.0 real = 0:00:00.0 mem = 2868.4M
Iteration  2: Total net bbox = 3.086e-11 (9.40e-12 2.15e-11)
              Est.  stn bbox = 3.270e-11 (1.02e-11 2.25e-11)
              cpu = 0:00:00.0 real = 0:00:00.0 mem = 2868.4M
Iteration  3: Total net bbox = 2.051e+01 (1.04e+01 1.02e+01)
              Est.  stn bbox = 2.466e+01 (1.27e+01 1.20e+01)
              cpu = 0:00:00.0 real = 0:00:00.0 mem = 2876.8M
Active setup views:
    analysis_normal_slow_max
Iteration  4: Total net bbox = 4.681e+03 (3.08e+03 1.60e+03)
              Est.  stn bbox = 5.548e+03 (3.61e+03 1.93e+03)
              cpu = 0:00:00.3 real = 0:00:00.0 mem = 2877.5M
Iteration  5: Total net bbox = 6.953e+03 (3.92e+03 3.03e+03)
              Est.  stn bbox = 8.217e+03 (4.57e+03 3.64e+03)
              cpu = 0:00:00.4 real = 0:00:01.0 mem = 2877.6M
Iteration  6: Total net bbox = 7.991e+03 (4.11e+03 3.88e+03)
              Est.  stn bbox = 9.438e+03 (4.78e+03 4.66e+03)
              cpu = 0:00:00.4 real = 0:00:00.0 mem = 2880.8M
Iteration  7: Total net bbox = 9.361e+03 (4.92e+03 4.44e+03)
              Est.  stn bbox = 1.089e+04 (5.61e+03 5.28e+03)
              cpu = 0:00:00.6 real = 0:00:01.0 mem = 2881.7M
Iteration  8: Total net bbox = 7.420e+03 (3.48e+03 3.94e+03)
              Est.  stn bbox = 8.728e+03 (4.04e+03 4.69e+03)
              cpu = 0:00:00.3 real = 0:00:00.0 mem = 2883.6M

[NR-eGR] Started Early Global Route kernel ( Curr Mem: 2.79 MB )
Iteration  9: Total net bbox = 9.055e+03 (4.69e+03 4.36e+03)
              Est.  stn bbox = 1.045e+04 (5.28e+03 5.17e+03)
              cpu = 0:00:01.4 real = 0:00:02.0 mem = 2892.8M
Iteration 10: Total net bbox = 9.055e+03 (4.69e+03 4.36e+03)
              Est.  stn bbox = 1.045e+04 (5.28e+03 5.17e+03)
              cpu = 0:00:00.0 real = 0:00:00.0 mem = 2892.9M
*** cost = 9.055e+03 (4.69e+03 4.36e+03) (cpu for global=0:00:03.5) real=0:00:05.0***
Info: 0 clock gating cells identified, 0 (on average) moved 0/2
Solver runtime cpu: 0:00:03.3 real: 0:00:03.8
Core Placement runtime cpu: 0:00:03.5 real: 0:00:05.0
Begin: Reorder Scan Chains
**WARN: (IMPSP-9025):	No scan chain specified/traced.
Type 'man IMPSP-9025' for more detail.
End: Reorder Scan Chains
*** Starting place_detail (0:01:34 mem=2894.7M) ***
Total net bbox length = 9.065e+03 (4.719e+03 4.346e+03) (ext = 1.914e+02)
Move report: Detail placement moved 576 insts, mean move: 3.18 um, max move: 16.51 um 
	Max move on inst (funky/fca2005/csa_tree_ADD_TC_OP_3_groupi_g1260): (134.69, 100.24) --> (146.72, 104.72)
	Runtime: CPU: 0:00:00.1 REAL: 0:00:00.0 MEM: 2896.6MB
Summary Report:
Instances moved: 576 (out of 576 movable)
Instances flipped: 0
Mean displacement: 3.18 um
Max displacement: 16.51 um (Instance: funky/fca2005/csa_tree_ADD_TC_OP_3_groupi_g1260) (134.686, 100.242) -> (146.72, 104.72)
	Length: 3 sites, height: 1 rows, site name: core_hd, cell type: INHDX0
Physical-only instances moved: 0 (out of 0 movable physical-only)
Total net bbox length = 1.054e+04 (5.629e+03 4.914e+03) (ext = 1.768e+02)
Runtime: CPU: 0:00:00.1 REAL: 0:00:00.0 MEM: 2896.6MB
*** Finished place_detail (0:01:34 mem=2896.6M) ***
*** End of Placement (cpu=0:00:12.1, real=0:00:14.0, mem=2896.6M) ***
default core: bins with density > 0.750 = 50.00 % ( 6 / 12 )
Density distribution unevenness ratio = 6.916%
*** Free Virtual Timing Model ...(mem=2896.6M)
Starting IO pin assignment...
The design is not routed. Using placement based method for pin assignment.
Completed IO pin assignment.
UM:   flow.cputime  flow.realtime  timing.setup.tns  timing.setup.wns  snapshot
UM:*                                                                   final
      flow.cputime  flow.realtime  timing.setup.tns  timing.setup.wns  snapshot
UM:*                                                                   global_place
**INFO: Enable pre-place timing setting for timing analysis
Set Using Default Delay Limit as 101.
**WARN: (IMPDC-1629):	The default delay limit was set to 101. This is less than the default of 1000 and may result in inaccurate delay calculation for nets with a fanout higher than the setting.  If needed, the default delay limit may be adjusted by running the command 'set delaycal_use_default_delay_limit'.
Set Default Net Delay as 0 ps.
Set Default Net Load as 0 pF. 
**INFO: Analyzing IO path groups for slack adjustment
**INFO: Disable pre-place timing setting for timing analysis
Set Using Default Delay Limit as 1000.
Set Default Net Delay as 1000 ps.
Set Default Net Load as 0.5 pF. 
Info: Disable timing driven in postCTS congRepair.

Starting congRepair ...
[NR-eGR] Early global route reroute all routable nets
[NR-eGR] Track table information for default rule: 
[NR-eGR] MET1 has single uniform track structure
[NR-eGR] MET2 has single uniform track structure
[NR-eGR] MET3 has single uniform track structure
[NR-eGR] MET4 has single uniform track structure
[NR-eGR] METTP has single uniform track structure
[NR-eGR] METTPL has single uniform track structure
[NR-eGR] Read 3634 PG shapes
[NR-eGR] Read 0 clock shapes
[NR-eGR] Read 0 other shapes
[NR-eGR] #Routing Blockages  : 0
[NR-eGR] #Bump Blockages     : 0
[NR-eGR] #Instance Blockages : 0
[NR-eGR] #PG Blockages       : 3634
[NR-eGR] #Halo Blockages     : 0
[NR-eGR] #Boundary Blockages : 0
[NR-eGR] #Clock Blockages    : 0
[NR-eGR] #Other Blockages    : 0
[NR-eGR] #prerouted nets         : 0
[NR-eGR] #prerouted special nets : 0
[NR-eGR] #prerouted wires        : 0
[NR-eGR] Read 667 nets ( ignored 0 )
[NR-eGR] Handle net priority by net group ordering
[NR-eGR] == Routing rule table ==
[NR-eGR]  ID  Name       #Nets 
[NR-eGR] ----------------------
[NR-eGR]   0  (Default)    667 
[NR-eGR] Layer group 1: route 667 net(s) in layer range [2, 6]
[NR-eGR] Early Global Route overflow of layer group 1: 0.00% H + 0.61% V. EstWL: 1.204224e+04um
[NR-eGR] Congestion Analysis By layer: (blocked Gcells are excluded) 
[NR-eGR]                        OverCon            
[NR-eGR]                         #Gcell     %Gcell
[NR-eGR]        Layer               (1)    OverCon
[NR-eGR] ----------------------------------------------
[NR-eGR]    MET1 ( 1)         0( 0.00%)   ( 0.00%) 
[NR-eGR]    MET2 ( 2)         2( 0.15%)   ( 0.15%) 
[NR-eGR]    MET3 ( 3)         0( 0.00%)   ( 0.00%) 
[NR-eGR]    MET4 ( 4)         0( 0.00%)   ( 0.00%) 
[NR-eGR]   METTP ( 5)         0( 0.00%)   ( 0.00%) 
[NR-eGR]  METTPL ( 6)         0( 0.00%)   ( 0.00%) 
[NR-eGR] ----------------------------------------------
[NR-eGR]        Total         2( 0.03%)   ( 0.03%) 
[NR-eGR] 
[NR-eGR] Overflow after Early Global Route 0.00% H + 0.00% V
[NR-eGR] Finished Early Global Route kernel ( CPU: 0.08 sec, Real: 0.45 sec, Curr Mem: 2.73 MB )
Early Global Route congestion estimation runtime: 0.47 seconds, mem = 2851.1M
Local HotSpot Analysis: normalized max congestion hotspot area = 0.00, normalized total congestion hotspot area = 0.00 (area is in unit of 4 std-cell row bins)
Skipped repairing congestion.
[NR-eGR] Connected 0 must-join pins/ports (post-process)
[NR-eGR] Total eGR-routed clock nets wire length: 0um, number of vias: 0
[NR-eGR] --------------------------------------------------------------------------
[NR-eGR]                 Length (um)  Vias 
[NR-eGR] ----------------------------------
[NR-eGR]  MET1    (1H)             0  2018 
[NR-eGR]  MET2    (2V)          5708  2874 
[NR-eGR]  MET3    (3H)          6839   119 
[NR-eGR]  MET4    (4V)           635     0 
[NR-eGR]  METTP   (5H)             0     0 
[NR-eGR]  METTPL  (6V)             0     0 
[NR-eGR] ----------------------------------
[NR-eGR]          Total        13181  5011 
[NR-eGR] --------------------------------------------------------------------------
[NR-eGR] Total half perimeter of net bounding box: 10535um
[NR-eGR] Total length: 13181um, number of vias: 5011
[NR-eGR] --------------------------------------------------------------------------
Early Global Route wiring runtime: 0.06 seconds, mem = 2852.5M
Tdgp not enabled or already been cleared! skip clearing
End of congRepair (cpu=0:00:00.2, real=0:00:01.0)
*** Finishing place_design default flow ***
***** Total cpu  0:0:14
***** Total real time  0:0:17
**place_design ... cpu = 0: 0:14, real = 0: 0:17, mem = 2852.5M **
Tdgp not enabled or already been cleared! skip clearing

*** Summary of all messages that are not suppressed in this session:
Severity  ID               Count  Summary                                  
WARNING   IMPDC-1629           2  The default delay limit was set to %d. T...
WARNING   IMPSP-9025           1  No scan chain specified/traced.          
WARNING   NRIF-95              2  Option set_db route_top_routing_layer ha...
*** Message Summary: 5 warning(s), 0 error(s)

      flow.cputime  flow.realtime  timing.setup.tns  timing.setup.wns  snapshot
UM:*                                                                   final
UM: Running design category ...
      flow.cputime  flow.realtime  timing.setup.tns  timing.setup.wns  snapshot
UM:          96.01            155                                      place_design
*** placeDesign #1 [finish] () : cpu/real = 0:00:15.2/0:00:17.6 (0.9), totSession cpu/real = 0:01:36.0/0:02:27.9 (0.6), mem = 2853.7M
@file 3: #------------------------------------ [15] - Extract RC
@file 4: # set_db extract_rc_engine pre_route
@@file 5: extract_rc
Extraction called for design 'top' of instances=576 and nets=811 using extraction engine 'pre_route' .
pre_route RC Extraction called for design top.
RC Extraction called in multi-corner(2) mode.
RCMode: PreRoute
      RC Corner Indexes            0       1   
Capacitance Scaling Factor   : 1.00000 1.00000 
Resistance Scaling Factor    : 1.00000 1.00000 
Clock Cap. Scaling Factor    : 1.00000 1.00000 
Clock Res. Scaling Factor    : 1.00000 1.00000 
Shrink Factor                : 1.00000
PreRoute extraction is honoring NDR/Shielding/ExtraSpace for clock nets.
Using Quantus QRC technology file ...
Updating RC Grid density data for preRoute extraction ...
Initializing multi-corner resistance tables ...
PreRoute RC Extraction DONE (CPU Time: 0:00:01.1  Real Time: 0:00:01.0  MEM: 2853.934M)
@file 6: #------------------------------------ [16] - Optmize design (Fix cap, max transition and fanout)
@file 7: # set_db opt_drv_fix_max_cap true ; set_db opt_drv_fix_max_tran true ; set_db opt_fix_fanout_load false
@@file 8: opt_design -pre_cts
Executing: place_opt_design -opt
**INFO: User settings:
delaycal_default_net_delay                     1000ps
delaycal_default_net_load                      0.5pf
delaycal_ignore_net_load                       false
delaycal_input_transition_delay                0.1ps
delaycal_use_default_delay_limit               1000
setAnalysisMode -virtualIPO                    false
setDelayCalMode -engine                        aae
design_process_node                            180
extract_rc_coupling_cap_threshold              3.0
extract_rc_engine                              pre_route
extract_rc_relative_cap_threshold              0.03
extract_rc_shrink_factor                       1.0
extract_rc_total_cap_threshold                 5.0
place_global_place_io_pins                     true
getAnalysisMode -virtualIPO                    false
getDelayCalMode -engine                        aae
getAnalysisMode -virtualIPO                    false
Info: Place_opt_design has being started with standard effort
*** place_opt_design #1 [begin] () : totSession cpu/real = 0:01:37.2/0:02:29.1 (0.7), mem = 2854.2M
No user sequential activity specified, applying default sequential activity of "0.2" for Dynamic Power reporting.
'set_default_switching_activity' finished successfully.
*** Starting GigaPlace ***
-earlyGlobalBlockTracks {}                # string, default="", private
-earlyGlobalCapacityScreen {}             # string, default="", private
There is no track adjustment
Starting place_opt_design V2 flow
#optDebug: fT-E <X 2 3 1 0>
*** GlobalPlace #1 [begin] (place_opt_design #1) : totSession cpu/real = 0:01:37.5/0:02:29.4 (0.7), mem = 2854.9M
*** GlobalPlace #1 [finish] (place_opt_design #1) : cpu/real = 0:00:00.0/0:00:00.0 (0.0), totSession cpu/real = 0:01:37.5/0:02:29.4 (0.7), mem = 2854.9M
Enable CTE adjustment.
Enable Layer aware incrSKP.
**opt_design ... cpu = 0:00:00, real = 0:00:00, mem = 2854.6M, totSessionCpu=0:01:38 **
GigaOpt running with 1 threads.
*** InitOpt #1 [begin] (place_opt_design #1) : totSession cpu/real = 0:01:37.6/0:02:29.5 (0.7), mem = 2854.6M
**INFO: set_db design_flow_effort standard -> setting 'set_db opt_all_end_points true' for the duration of this command.
	CornerforLayerOpt timing analysis view analysis_normal_slow_max has been selected for calibration 
	CornerforLayerOpt timing analysis view analysis_normal_slow_max has been selected for calibration 
	CornerforLayerOpt timing analysis view analysis_normal_slow_max has been selected for calibration 
	CornerforLayerOpt timing analysis view analysis_normal_slow_max has been selected for calibration 
AAE DB initialization (MEM=2920.933594 CPU=0:00:00.0 REAL=0:00:00.0) 
fast slow typ
Info: Using SynthesisEngine executable '/apps/CADENCE/DDI251/INNOVUS251/bin/innovus_'.
      SynthesisEngine workers will not check out additional licenses.
**INFO: Using Advanced Metric Collection system.
**opt_design ... cpu = 0:00:06, real = 0:00:55, mem = 2924.0M, totSessionCpu=0:01:44 **
#optDebug: { P: 180 W: 4201 FE: standard PE: none LDR: 1}
*** opt_design -pre_cts ***
DRC Margin: user margin 0.0; extra margin 0.2
Setup Target Slack: user slack 0; extra slack 0.0
Hold Target Slack: user slack 0
**WARN: (IMPOPT-3195):	Analysis mode has changed.
Type 'man IMPOPT-3195' for more detail.
Multi-VT timing optimization disabled based on library information.
	CornerforLayerOpt timing analysis view analysis_normal_slow_max has been selected for calibration 
	CornerforLayerOpt timing analysis view analysis_normal_slow_max has been selected for calibration 
	CornerforLayerOpt timing analysis view analysis_normal_slow_max has been selected for calibration 
	CornerforLayerOpt timing analysis view analysis_normal_slow_max has been selected for calibration 
[NR-eGR] Started Early Global Route ( Curr Mem: 2.78 MB )
[NR-eGR] Started Early Global Route kernel ( Curr Mem: 2.78 MB )
[NR-eGR] Early global route reroute all routable nets
[NR-eGR] Track table information for default rule: 
[NR-eGR] MET1 has single uniform track structure
[NR-eGR] MET2 has single uniform track structure
[NR-eGR] MET3 has single uniform track structure
[NR-eGR] MET4 has single uniform track structure
[NR-eGR] METTP has single uniform track structure
[NR-eGR] METTPL has single uniform track structure
[NR-eGR] Read 3634 PG shapes
[NR-eGR] Read 0 clock shapes
[NR-eGR] Read 0 other shapes
[NR-eGR] #Routing Blockages  : 0
[NR-eGR] #Bump Blockages     : 0
[NR-eGR] #Instance Blockages : 0
[NR-eGR] #PG Blockages       : 3634
[NR-eGR] #Halo Blockages     : 0
[NR-eGR] #Boundary Blockages : 0
[NR-eGR] #Clock Blockages    : 0
[NR-eGR] #Other Blockages    : 0
[NR-eGR] #prerouted nets         : 0
[NR-eGR] #prerouted special nets : 0
[NR-eGR] #prerouted wires        : 0
[NR-eGR] Read 667 nets ( ignored 0 )
[NR-eGR] Handle net priority by net group ordering
[NR-eGR] == Routing rule table ==
[NR-eGR]  ID  Name       #Nets 
[NR-eGR] ----------------------
[NR-eGR]   0  (Default)    667 
[NR-eGR] Layer group 1: route 667 net(s) in layer range [2, 6]
[NR-eGR] Early Global Route overflow of layer group 1: 0.00% H + 0.71% V. EstWL: 1.213184e+04um
[NR-eGR] Congestion Analysis By layer: (blocked Gcells are excluded) 
[NR-eGR]                        OverCon            
[NR-eGR]                         #Gcell     %Gcell
[NR-eGR]        Layer               (1)    OverCon
[NR-eGR] ----------------------------------------------
[NR-eGR]    MET1 ( 1)         0( 0.00%)   ( 0.00%) 
[NR-eGR]    MET2 ( 2)         1( 0.08%)   ( 0.08%) 
[NR-eGR]    MET3 ( 3)         0( 0.00%)   ( 0.00%) 
[NR-eGR]    MET4 ( 4)         0( 0.00%)   ( 0.00%) 
[NR-eGR]   METTP ( 5)         0( 0.00%)   ( 0.00%) 
[NR-eGR]  METTPL ( 6)         0( 0.00%)   ( 0.00%) 
[NR-eGR] ----------------------------------------------
[NR-eGR]        Total         1( 0.02%)   ( 0.02%) 
[NR-eGR] 
[NR-eGR] Overflow after Early Global Route 0.00% H + 0.00% V
[NR-eGR] Connected 0 must-join pins/ports (post-process)
[NR-eGR] Total eGR-routed clock nets wire length: 0um, number of vias: 0
[NR-eGR] --------------------------------------------------------------------------
[NR-eGR]                 Length (um)  Vias 
[NR-eGR] ----------------------------------
[NR-eGR]  MET1    (1H)             0  2018 
[NR-eGR]  MET2    (2V)          5699  2881 
[NR-eGR]  MET3    (3H)          6901   132 
[NR-eGR]  MET4    (4V)           691     0 
[NR-eGR]  METTP   (5H)             0     0 
[NR-eGR]  METTPL  (6V)             0     0 
[NR-eGR] ----------------------------------
[NR-eGR]          Total        13290  5031 
[NR-eGR] --------------------------------------------------------------------------
[NR-eGR] Total half perimeter of net bounding box: 10535um
[NR-eGR] Total length: 13290um, number of vias: 5031
[NR-eGR] --------------------------------------------------------------------------
[NR-eGR] Finished Early Global Route kernel ( CPU: 0.11 sec, Real: 0.48 sec, Curr Mem: 2.78 MB )
[NR-eGR] Finished Early Global Route ( CPU: 0.12 sec, Real: 0.49 sec, Curr Mem: 2.78 MB )
Extraction called for design 'top' of instances=576 and nets=811 using extraction engine 'pre_route' .
pre_route RC Extraction called for design top.
RC Extraction called in multi-corner(2) mode.
RCMode: PreRoute
      RC Corner Indexes            0       1   
Capacitance Scaling Factor   : 1.00000 1.00000 
Resistance Scaling Factor    : 1.00000 1.00000 
Clock Cap. Scaling Factor    : 1.00000 1.00000 
Clock Res. Scaling Factor    : 1.00000 1.00000 
Shrink Factor                : 1.00000
PreRoute extraction is honoring NDR/Shielding/ExtraSpace for clock nets.
Using Quantus QRC technology file ...
Updating RC Grid density data for preRoute extraction ...
Initializing multi-corner resistance tables ...
PreRoute RC Extraction DONE (CPU Time: 0:00:00.1  Real Time: 0:00:00.0  MEM: 2924.805M)
Starting delay calculation for Setup views
AAE_INFO: opIsDesignInPostRouteState() is 0
#################################################################################
# Design Stage: PreRoute
# Design Name: top
# Design Mode: 180nm
# Analysis Mode: MMMC Non-OCV 
# Parasitics Mode: No SPEF/RCDB 
# Signoff Settings: SI Off 
#################################################################################
Calculate delays in BcWc mode...
Start delay calculation (fullDC) (1 T). (MEM=2948.34)
Total number of fetched objects 675
AAE_INFO: Total number of nets for which stage creation was skipped for all views 0
End delay calculation. (MEM=2960.88 CPU=0:00:00.2 REAL=0:00:00.0)
End delay calculation (fullDC). (MEM=2937.52 CPU=0:00:00.9 REAL=0:00:01.0)
*** Done Building Timing Graph (cpu=0:00:01.8 real=0:00:02.0 totSessionCpu=0:01:48 mem=2977.0M)

OptSummary:

------------------------------------------------------------------
             Initial Summary
------------------------------------------------------------------

Setup views included:
 analysis_normal_slow_max 

+--------------------+---------+
|     Setup mode     |   all   |
+--------------------+---------+
|           WNS (ns):|   N/A   |
|           TNS (ns):|   N/A   |
|    Violating Paths:|   N/A   |
|          All Paths:|   N/A   |
+--------------------+---------+

+----------------+-------------------------------+------------------+
|                |              Real             |       Total      |
|    DRVs        +------------------+------------+------------------|
|                |  Nr nets(terms)  | Worst Vio  |  Nr nets(terms)  |
+----------------+------------------+------------+------------------+
|   max_cap      |      0 (0)       |   0.000    |      0 (0)       |
|   max_tran     |      0 (0)       |   0.000    |      0 (0)       |
|   max_fanout   |      0 (0)       |     0      |      0 (0)       |
|   max_length   |      0 (0)       |     0      |      0 (0)       |
+----------------+------------------+------------+------------------+

Density: 79.850%
------------------------------------------------------------------
**opt_design ... cpu = 0:00:11, real = 0:01:01, mem = 2967.4M, totSessionCpu=0:01:48 **
*** InitOpt #1 [finish] (place_opt_design #1) : cpu/real = 0:00:11.0/0:01:00.7 (0.2), totSession cpu/real = 0:01:48.6/0:03:30.2 (0.5), mem = 2963.3M
** INFO : this run is activating medium effort placeOptDesign flow
*** ExcludedClockNetOpt #1 [begin] (place_opt_design #1) : totSession cpu/real = 0:01:49.0/0:03:30.5 (0.5), mem = 2967.6M
*** Starting optimizing excluded clock nets MEM= 2967.6M) ***
*info: No excluded clock nets to be optimized.
*** Finished optimizing excluded clock nets (CPU Time= 0:00:00.0  MEM= 2967.8M) ***
*** ExcludedClockNetOpt #1 [finish] (place_opt_design #1) : cpu/real = 0:00:00.0/0:00:00.0 (0.0), totSession cpu/real = 0:01:49.0/0:03:30.5 (0.5), mem = 2967.8M
**WARN: (TCLCMD-513):	The software could not find a matching object of the specified type for the pattern '*'
**ERROR: (TCLCMD-917):	Cannot find 'clocks' that match '*'
The useful skew maximum allowed delay is: 0.15
*** SimplifyNetlist #1 [begin] (place_opt_design #1) : totSession cpu/real = 0:01:49.2/0:03:30.7 (0.5), mem = 2970.7M

Footprint cell information for calculating maxBufDist
*info: There are 8 candidate Buffer cells
*info: There are 8 candidate Inverter cells


Netlist preparation processing... 
Removed 0 instance
*info: Marking 0 isolation instances dont touch
*info: Marking 0 level shifter instances dont touch
*** SimplifyNetlist #1 [finish] (place_opt_design #1) : cpu/real = 0:00:02.6/0:00:02.6 (1.0), totSession cpu/real = 0:01:51.8/0:03:33.4 (0.5), mem = 2977.1M
Running new flow changes for HFN
Begin: GigaOpt high fanout net optimization
GigaOpt HFN: use maxLocalDensity 1.2
GigaOpt Checkpoint: Internal optDRV -useLevelizedBufferTreeOnly -auxMaxFanoutCountLimit 500 -largeScaleFixing -maxIter 1 -maxLocalDensity 1.2 -numThreads 1 -preCTS -preRouteDontEndWithRefinePlaceIncrSteinerRouteDC
*** DrvOpt #1 [begin] (place_opt_design #1) : totSession cpu/real = 0:01:52.1/0:03:33.7 (0.5), mem = 2972.1M
	CornerforLayerOpt timing analysis view analysis_normal_slow_max has been selected for calibration 
	CornerforLayerOpt timing analysis view analysis_normal_slow_max has been selected for calibration 
	CornerforLayerOpt timing analysis view analysis_normal_slow_max has been selected for calibration 
	CornerforLayerOpt timing analysis view analysis_normal_slow_max has been selected for calibration 
	CornerforLayerOpt timing analysis view analysis_normal_slow_max has been selected for calibration 
	CornerforLayerOpt timing analysis view analysis_normal_slow_max has been selected for calibration 
	CornerforLayerOpt timing analysis view analysis_normal_slow_max has been selected for calibration 
	CornerforLayerOpt timing analysis view analysis_normal_slow_max has been selected for calibration 
*** DrvOpt #1 [finish] (place_opt_design #1) : cpu/real = 0:00:01.2/0:00:01.2 (1.0), totSession cpu/real = 0:01:53.3/0:03:34.9 (0.5), mem = 2973.8M
GigaOpt HFN: restore maxLocalDensity to 0.98
End: GigaOpt high fanout net optimization

Active setup views:
 analysis_normal_slow_max
  Dominating endpoints: 0
  Dominating TNS: -0.000

Begin: GigaOpt Global Optimization
*info: use new DP (enabled)
GigaOpt Checkpoint: Internal globalOpt -maxLocalDensity 1.2 -numThreads 1 -preCTS -rebufferAll -preRouteDontEndWithRefinePlaceIncrSteinerRouteDC -enableHighLayerOpt -maxIter 50 -maxIterForLEPG 50
*** GlobalOpt #1 [begin] (place_opt_design #1) : totSession cpu/real = 0:01:53.7/0:03:35.3 (0.5), mem = 2975.1M
*info: 142 no-driver nets excluded.
** GigaOpt Global Opt WNS Slack 0.000  TNS Slack 0.000 
+--------+--------+---------+------------+--------+------------------------+---------+-------------+
|  WNS   |  TNS   | Density |    Real    |  Mem   |       Worst View       |Pathgroup|  End Point  |
+--------+--------+---------+------------+--------+------------------------+---------+-------------+
|   0.000|   0.000|   79.85%|   0:00:00.0| 2979.6M|analysis_normal_slow_max|       NA| NA          |
+--------+--------+---------+------------+--------+------------------------+---------+-------------+

*** Finish pre-CTS Global Setup Fixing (cpu=0:00:00.0 real=0:00:00.0 mem=2979.6M) ***

*** Finish pre-CTS Setup Fixing (cpu=0:00:00.0 real=0:00:00.0 mem=2979.6M) ***
Bottom Preferred Layer:
    None
Via Pillar Rule:
    None
** GigaOpt Global Opt End WNS Slack 0.000  TNS Slack 0.000 
*** GlobalOpt #1 [finish] (place_opt_design #1) : cpu/real = 0:00:03.4/0:00:03.6 (1.0), totSession cpu/real = 0:01:57.2/0:03:38.9 (0.5), mem = 2979.7M
End: GigaOpt Global Optimization
*** Check timing (0:00:00.0)
GigaOpt Checkpoint: Internal reclaim -numThreads 1 -preCTS -force -doRemoveUselessTerm -tgtSlackMult 3 -routeType -noRouteTypeResizePolish -noViewPrune -weedwhack -nonLegal -nativePathGroupFlow -SimpCCIn -GCompAndPhase
Begin: Area Reclaim Optimization
*** AreaOpt #1 [begin] (place_opt_design #1) : totSession cpu/real = 0:01:57.8/0:03:39.5 (0.5), mem = 2975.1M
Reclaim Optimization WNS Slack 0.000  TNS Slack 0.000 Density 79.85
+---------+---------+--------+--------+------------+--------+
| Density | Commits |  WNS   |  TNS   |    Real    |  Mem   |
+---------+---------+--------+--------+------------+--------+
|   79.85%|        -|   0.000|   0.000|   0:00:00.0| 2977.6M|
|   79.85%|        0|   0.000|   0.000|   0:00:01.0| 2978.9M|
|   79.85%|        0|   0.000|   0.000|   0:00:00.0| 2978.9M|
|   79.85%|        0|   0.000|   0.000|   0:00:00.0| 2979.2M|
|   79.85%|        0|   0.000|   0.000|   0:00:01.0| 2979.2M|
|   79.85%|        0|   0.000|   0.000|   0:00:00.0| 2979.2M|
+---------+---------+--------+--------+------------+--------+
Reclaim Optimization End WNS Slack 0.000  TNS Slack 0.000 Density 79.85
Bottom Preferred Layer:
    None
Via Pillar Rule:
    None

Number of times islegalLocAvaiable called = 0 skipped = 0, called in commitmove = 0, skipped in commitmove = 0
End: Core Area Reclaim Optimization (cpu = 0:00:04.7) (real = 0:00:04.0) **
*** AreaOpt #1 [finish] (place_opt_design #1) : cpu/real = 0:00:04.7/0:00:04.8 (1.0), totSession cpu/real = 0:02:02.4/0:03:44.3 (0.5), mem = 2979.2M
Executing incremental physical updates
Executing incremental physical updates
End: Area Reclaim Optimization (cpu=0:00:05, real=0:00:04, mem=2978.22M, totSessionCpu=0:02:02).
*** IncrReplace #1 [begin] (place_opt_design #1) : totSession cpu/real = 0:02:02.8/0:03:44.7 (0.5), mem = 2978.2M

*** Start incrementalPlace ***
No Views given, use default active views for adaptive view pruning
Active views:
  analysis_normal_slow_max
[NR-eGR] Started Early Global Route kernel ( Curr Mem: 2.80 MB )
[NR-eGR] Early global route reroute all routable nets
[NR-eGR] Track table information for default rule: 
[NR-eGR] MET1 has single uniform track structure
[NR-eGR] MET2 has single uniform track structure
[NR-eGR] MET3 has single uniform track structure
[NR-eGR] MET4 has single uniform track structure
[NR-eGR] METTP has single uniform track structure
[NR-eGR] METTPL has single uniform track structure
[NR-eGR] Read 3634 PG shapes
[NR-eGR] Read 0 clock shapes
[NR-eGR] Read 0 other shapes
[NR-eGR] #Routing Blockages  : 0
[NR-eGR] #Bump Blockages     : 0
[NR-eGR] #Instance Blockages : 0
[NR-eGR] #PG Blockages       : 3634
[NR-eGR] #Halo Blockages     : 0
[NR-eGR] #Boundary Blockages : 0
[NR-eGR] #Clock Blockages    : 0
[NR-eGR] #Other Blockages    : 0
[NR-eGR] #prerouted nets         : 0
[NR-eGR] #prerouted special nets : 0
[NR-eGR] #prerouted wires        : 0
[NR-eGR] Read 667 nets ( ignored 0 )
[NR-eGR] Handle net priority by net group ordering
[NR-eGR] == Routing rule table ==
[NR-eGR]  ID  Name       #Nets 
[NR-eGR] ----------------------
[NR-eGR]   0  (Default)    667 
[NR-eGR] Layer group 1: route 667 net(s) in layer range [2, 6]
[NR-eGR] Early Global Route overflow of layer group 1: 0.00% H + 0.61% V. EstWL: 1.204224e+04um
[NR-eGR] Congestion Analysis By layer: (blocked Gcells are excluded) 
[NR-eGR]                        OverCon            
[NR-eGR]                         #Gcell     %Gcell
[NR-eGR]        Layer               (1)    OverCon
[NR-eGR] ----------------------------------------------
[NR-eGR]    MET1 ( 1)         0( 0.00%)   ( 0.00%) 
[NR-eGR]    MET2 ( 2)         2( 0.15%)   ( 0.15%) 
[NR-eGR]    MET3 ( 3)         0( 0.00%)   ( 0.00%) 
[NR-eGR]    MET4 ( 4)         0( 0.00%)   ( 0.00%) 
[NR-eGR]   METTP ( 5)         0( 0.00%)   ( 0.00%) 
[NR-eGR]  METTPL ( 6)         0( 0.00%)   ( 0.00%) 
[NR-eGR] ----------------------------------------------
[NR-eGR]        Total         2( 0.03%)   ( 0.03%) 
[NR-eGR] 
[NR-eGR] Overflow after Early Global Route 0.00% H + 0.00% V
[NR-eGR] Finished Early Global Route kernel ( CPU: 0.07 sec, Real: 0.41 sec, Curr Mem: 2.80 MB )
Early Global Route congestion estimation runtime: 0.42 seconds, mem = 2982.1M
Local HotSpot Analysis: normalized max congestion hotspot area = 0.00, normalized total congestion hotspot area = 0.00 (area is in unit of 4 std-cell row bins)

=== incrementalPlace Internal Loop 1 ===
      flow.cputime  flow.realtime  timing.setup.tns  timing.setup.wns  snapshot
UM:*                                                                   incrNP_iter_start
[spp] 0
**WARN: (IMPSP-12502):	Slack driven placement is disabled because either timing libraries or timing constraint files are not provided.
Iteration  4: Total net bbox = 4.929e+03 (3.42e+03 1.51e+03)
              Est.  stn bbox = 5.866e+03 (4.03e+03 1.84e+03)
              cpu = 0:00:00.1 real = 0:00:00.0 mem = 2988.1M
Iteration  5: Total net bbox = 6.964e+03 (3.78e+03 3.18e+03)
              Est.  stn bbox = 8.317e+03 (4.47e+03 3.84e+03)
              cpu = 0:00:00.5 real = 0:00:01.0 mem = 2987.5M
Iteration  6: Total net bbox = 8.136e+03 (4.48e+03 3.66e+03)
              Est.  stn bbox = 9.641e+03 (5.21e+03 4.43e+03)
              cpu = 0:00:00.3 real = 0:00:00.0 mem = 2988.5M
Iteration  7: Total net bbox = 9.282e+03 (4.99e+03 4.30e+03)
              Est.  stn bbox = 1.082e+04 (5.73e+03 5.09e+03)
              cpu = 0:00:00.6 real = 0:00:01.0 mem = 2989.1M
Iteration  8: Total net bbox = 7.723e+03 (3.84e+03 3.88e+03)
              Est.  stn bbox = 9.064e+03 (4.47e+03 4.59e+03)
              cpu = 0:00:00.4 real = 0:00:00.0 mem = 2990.2M
Move report: Timing Driven Placement moved 576 insts, mean move: 13.46 um, max move: 80.59 um 
	Max move on inst (uart/recv_state_reg[2]): (54.32, 86.80) --> (23.03, 136.09)

Finished Incremental Placement (cpu=0:00:02.5, real=0:00:03.0, mem=2989.6M)
Begin: Reorder Scan Chains
**WARN: (IMPSP-9025):	No scan chain specified/traced.
Type 'man IMPSP-9025' for more detail.
End: Reorder Scan Chains
*** Starting place_detail (0:02:06 mem=2989.6M) ***
Total net bbox length = 8.852e+03 (4.756e+03 4.095e+03) (ext = 1.411e+02)
Move report: Detail placement moved 576 insts, mean move: 4.36 um, max move: 18.62 um 
	Max move on inst (funky/p_state_reg[1]): (61.19, 91.27) --> (51.52, 82.32)
	Runtime: CPU: 0:00:00.1 REAL: 0:00:00.0 MEM: 2988.6MB
Summary Report:
Instances moved: 576 (out of 576 movable)
Instances flipped: 0
Mean displacement: 4.36 um
Max displacement: 18.62 um (Instance: funky/p_state_reg[1]) (61.187, 91.273) -> (51.52, 82.32)
	Length: 23 sites, height: 1 rows, site name: core_hd, cell type: DFRRQHDX0
Physical-only instances moved: 0 (out of 0 movable physical-only)
Total net bbox length = 1.092e+04 (5.897e+03 5.018e+03) (ext = 1.324e+02)
Runtime: CPU: 0:00:00.1 REAL: 0:00:00.0 MEM: 2988.6MB
*** Finished place_detail (0:02:06 mem=2988.6M) ***
[NR-eGR] Early global route reroute all routable nets
[NR-eGR] Track table information for default rule: 
[NR-eGR] MET1 has single uniform track structure
[NR-eGR] MET2 has single uniform track structure
[NR-eGR] MET3 has single uniform track structure
[NR-eGR] MET4 has single uniform track structure
[NR-eGR] METTP has single uniform track structure
[NR-eGR] METTPL has single uniform track structure
[NR-eGR] Read 0 clock shapes
[NR-eGR] Read 0 other shapes
[NR-eGR] #Routing Blockages  : 0
[NR-eGR] #Bump Blockages     : 0
[NR-eGR] #Instance Blockages : 0
[NR-eGR] #PG Blockages       : 3634
[NR-eGR] #Halo Blockages     : 0
[NR-eGR] #Boundary Blockages : 0
[NR-eGR] #Clock Blockages    : 0
[NR-eGR] #Other Blockages    : 0
[NR-eGR] #prerouted nets         : 0
[NR-eGR] #prerouted special nets : 0
[NR-eGR] #prerouted wires        : 0
[NR-eGR] Read 667 nets ( ignored 0 )
[NR-eGR] Handle net priority by net group ordering
[NR-eGR] == Routing rule table ==
[NR-eGR]  ID  Name       #Nets 
[NR-eGR] ----------------------
[NR-eGR]   0  (Default)    667 
[NR-eGR] Layer group 1: route 667 net(s) in layer range [2, 6]
[NR-eGR] Early Global Route overflow of layer group 1: 0.00% H + 0.40% V. EstWL: 1.247680e+04um
[NR-eGR] Congestion Analysis By layer: (blocked Gcells are excluded) 
[NR-eGR]                        OverCon            
[NR-eGR]                         #Gcell     %Gcell
[NR-eGR]        Layer             (1-0)    OverCon
[NR-eGR] ----------------------------------------------
[NR-eGR]    MET1 ( 1)         0( 0.00%)   ( 0.00%) 
[NR-eGR]    MET2 ( 2)         0( 0.00%)   ( 0.00%) 
[NR-eGR]    MET3 ( 3)         0( 0.00%)   ( 0.00%) 
[NR-eGR]    MET4 ( 4)         0( 0.00%)   ( 0.00%) 
[NR-eGR]   METTP ( 5)         0( 0.00%)   ( 0.00%) 
[NR-eGR]  METTPL ( 6)         0( 0.00%)   ( 0.00%) 
[NR-eGR] ----------------------------------------------
[NR-eGR]        Total         0( 0.00%)   ( 0.00%) 
[NR-eGR] 
[NR-eGR] Overflow after Early Global Route 0.00% H + 0.00% V
[NR-eGR] Finished Early Global Route kernel ( CPU: 0.08 sec, Real: 0.47 sec, Curr Mem: 2.81 MB )
Early Global Route congestion estimation runtime: 0.48 seconds, mem = 2985.1M
Local HotSpot Analysis: normalized max congestion hotspot area = 0.00, normalized total congestion hotspot area = 0.00 (area is in unit of 4 std-cell row bins)
[NR-eGR] Connected 0 must-join pins/ports (post-process)
[NR-eGR] Total eGR-routed clock nets wire length: 0um, number of vias: 0
[NR-eGR] --------------------------------------------------------------------------
[NR-eGR]                 Length (um)  Vias 
[NR-eGR] ----------------------------------
[NR-eGR]  MET1    (1H)             0  2018 
[NR-eGR]  MET2    (2V)          5725  2852 
[NR-eGR]  MET3    (3H)          7127   135 
[NR-eGR]  MET4    (4V)           745     0 
[NR-eGR]  METTP   (5H)             0     0 
[NR-eGR]  METTPL  (6V)             0     0 
[NR-eGR] ----------------------------------
[NR-eGR]          Total        13597  5005 
[NR-eGR] --------------------------------------------------------------------------
[NR-eGR] Total half perimeter of net bounding box: 10915um
[NR-eGR] Total length: 13597um, number of vias: 5005
[NR-eGR] --------------------------------------------------------------------------
Early Global Route wiring runtime: 0.28 seconds, mem = 2954.8M
[hotspot] +------------+---------------+---------------+
[hotspot] |            |   max hotspot | total hotspot |
[hotspot] +------------+---------------+---------------+
[hotspot] | normalized |          0.00 |          0.00 |
[hotspot] +------------+---------------+---------------+
Local HotSpot Analysis: normalized max congestion hotspot area = 0.00, normalized total congestion hotspot area = 0.00 (area is in unit of 4 std-cell row bins)
[hotspot] Hotspot report including placement blocked areas
[hotspot] +------------+---------------+---------------+
[hotspot] |            |   max hotspot | total hotspot |
[hotspot] +------------+---------------+---------------+
[hotspot] | normalized |          0.00 |          0.00 |
[hotspot] +------------+---------------+---------------+
Local HotSpot Analysis (blockage included): normalized max congestion hotspot area = 0.00, normalized total congestion hotspot area = 0.00 (area is in unit of 4 std-cell row bins)
Tdgp not enabled or already been cleared! skip clearing

*** Finished incrementalPlace (cpu=0:00:03.3, real=0:00:04.0)***
Start to check current routing status for nets...
All nets are already routed correctly.
End to check current routing status for nets (mem=2955.1M)
Extraction called for design 'top' of instances=576 and nets=811 using extraction engine 'pre_route' .
pre_route RC Extraction called for design top.
RC Extraction called in multi-corner(2) mode.
RCMode: PreRoute
      RC Corner Indexes            0       1   
Capacitance Scaling Factor   : 1.00000 1.00000 
Resistance Scaling Factor    : 1.00000 1.00000 
Clock Cap. Scaling Factor    : 1.00000 1.00000 
Clock Res. Scaling Factor    : 1.00000 1.00000 
Shrink Factor                : 1.00000
PreRoute extraction is honoring NDR/Shielding/ExtraSpace for clock nets.
Using Quantus QRC technology file ...
Updating RC Grid density data for preRoute extraction ...
Initializing multi-corner resistance tables ...
PreRoute RC Extraction DONE (CPU Time: 0:00:00.1  Real Time: 0:00:00.0  MEM: 2955.094M)
**opt_design ... cpu = 0:00:29, real = 0:01:20, mem = 2955.1M, totSessionCpu=0:02:06 **
Starting delay calculation for Setup views
AAE_INFO: opIsDesignInPostRouteState() is 0
#################################################################################
# Design Stage: PreRoute
# Design Name: top
# Design Mode: 180nm
# Analysis Mode: MMMC Non-OCV 
# Parasitics Mode: No SPEF/RCDB 
# Signoff Settings: SI Off 
#################################################################################
Calculate delays in BcWc mode...
Start delay calculation (fullDC) (1 T). (MEM=2980.34)
Total number of fetched objects 675
AAE_INFO: Total number of nets for which stage creation was skipped for all views 0
End delay calculation. (MEM=3023.26 CPU=0:00:00.2 REAL=0:00:00.0)
End delay calculation (fullDC). (MEM=3023.26 CPU=0:00:00.3 REAL=0:00:00.0)
*** Done Building Timing Graph (cpu=0:00:01.1 real=0:00:02.0 totSessionCpu=0:02:07 mem=3023.3M)
*** IncrReplace #1 [finish] (place_opt_design #1) : cpu/real = 0:00:05.1/0:00:06.9 (0.7), totSession cpu/real = 0:02:07.9/0:03:51.6 (0.6), mem = 2999.8M
*** Check timing (0:00:00.0)
Begin: GigaOpt Optimization in TNS mode
GigaOpt Checkpoint: Internal optTiming -allEndPoints -maxLocalDensity 0.95 -maxLocalDensityForHardenOpt 0.92 -numThreads 1 -preCTS -lowEffort -pgMode all -nativePathGroupFlow -skipLowEffortCategoryOptimization -skipLowEffortCategoryOptimization -qftns -ftns -integratedAreaOpt -nonLegalPlaceEcoBumpRecoveryInTNSOpt -ipoTgtSlackCoef 0 -effTgtSlackCoef 0
*** TnsOpt #1 [begin] (place_opt_design #1) : totSession cpu/real = 0:02:08.2/0:03:51.9 (0.6), mem = 3002.6M
*info: 142 no-driver nets excluded.
** GigaOpt Optimizer WNS Slack 0.000 TNS Slack 0.000 Density 79.85
OptDebug: Start of Optimizer TNS Pass:
+----------+-----+-----+
|Path Group|  WNS|  TNS|
+----------+-----+-----+
|default   |0.000|0.000|
|reg2reg   |0.000|0.000|
|HEPG      |0.000|0.000|
|All Paths |0.000|0.000|
+----------+-----+-----+


*** Finished Optimize Step Cumulative (cpu=0:00:00.0 real=0:00:00.0 mem=3005.6M) ***
OptDebug: End of Optimizer TNS Pass:
+----------+-----+-----+
|Path Group|  WNS|  TNS|
+----------+-----+-----+
|default   |0.000|0.000|
|reg2reg   |0.000|0.000|
|HEPG      |0.000|0.000|
|All Paths |0.000|0.000|
+----------+-----+-----+

OptDebug: End of Setup Fixing:
+----------+-----+-----+
|Path Group|  WNS|  TNS|
+----------+-----+-----+
|default   |0.000|0.000|
|reg2reg   |0.000|0.000|
|HEPG      |0.000|0.000|
|All Paths |0.000|0.000|
+----------+-----+-----+

Bottom Preferred Layer:
    None
Via Pillar Rule:
    None

*** Finish pre-CTS Setup Fixing (cpu=0:00:01.2 real=0:00:01.0 mem=3005.6M) ***

*** TnsOpt #1 [finish] (place_opt_design #1) : cpu/real = 0:00:04.1/0:00:04.1 (1.0), totSession cpu/real = 0:02:12.2/0:03:56.0 (0.6), mem = 3005.6M
End: GigaOpt Optimization in TNS mode
*** Check timing (0:00:00.0)
Begin: GigaOpt Optimization in WNS mode
GigaOpt Checkpoint: Internal optTiming -maxLocalDensity 1.0 -maxLocalDensityForHardenOpt 0.92 -numThreads 1 -preCTS -wtns -integratedAreaOpt -pgMode all -ipoTgtSlackCoef 1.5 -effTgtSlackCoef 1 -nativePathGroupFlow -NDROptEffortAuto -usefulSkew -nonLegalPlaceEcoBumpRecoveryInWNSOpt
*** WnsOpt #1 [begin] (place_opt_design #1) : totSession cpu/real = 0:02:12.7/0:03:56.6 (0.6), mem = 2994.5M
*info: 142 no-driver nets excluded.
** GigaOpt Optimizer WNS Slack 0.176 TNS Slack 0.000 Density 79.85
OptDebug: End of Setup Fixing:
+----------+-----+-----+
|Path Group|  WNS|  TNS|
+----------+-----+-----+
|default   |0.000|0.000|
|reg2reg   |0.000|0.000|
|HEPG      |0.000|0.000|
|All Paths |0.000|0.000|
+----------+-----+-----+

Bottom Preferred Layer:
    None
Via Pillar Rule:
    None

*** Finish pre-CTS Setup Fixing (cpu=0:00:00.2 real=0:00:01.0 mem=2997.6M) ***

*** WnsOpt #1 [finish] (place_opt_design #1) : cpu/real = 0:00:03.0/0:00:03.1 (1.0), totSession cpu/real = 0:02:15.8/0:03:59.7 (0.6), mem = 2997.6M
End: GigaOpt Optimization in WNS mode
*** Check timing (0:00:00.0)
Begin: GigaOpt Optimization in TNS mode
GigaOpt Checkpoint: Internal optTiming -allEndPoints -maxLocalDensity 0.95 -maxLocalDensityForHardenOpt 0.92 -numThreads 1 -preCTS -pgMode all -nativePathGroupFlow -skipLowEffortCategoryOptimization -wtns -nonLegalPlaceEcoBumpRecoveryInTNSOpt -NDROptEffortAuto -ipoTgtSlackCoef 1.5 -effTgtSlackCoef 1
*** TnsOpt #2 [begin] (place_opt_design #1) : totSession cpu/real = 0:02:16.2/0:04:00.1 (0.6), mem = 2994.4M
*info: 142 no-driver nets excluded.
** GigaOpt Optimizer WNS Slack 0.176 TNS Slack 0.000 Density 79.85
OptDebug: Start of Optimizer TNS Pass:
+----------+-----+-----+
|Path Group|  WNS|  TNS|
+----------+-----+-----+
|default   |0.000|0.000|
|reg2reg   |0.000|0.000|
|HEPG      |0.000|0.000|
|All Paths |0.000|0.000|
+----------+-----+-----+


*** Finished Optimize Step Cumulative (cpu=0:00:00.0 real=0:00:00.0 mem=2999.7M) ***
OptDebug: End of Optimizer TNS Pass:
+----------+-----+-----+
|Path Group|  WNS|  TNS|
+----------+-----+-----+
|default   |0.000|0.000|
|reg2reg   |0.000|0.000|
|HEPG      |0.000|0.000|
|All Paths |0.000|0.000|
+----------+-----+-----+

OptDebug: End of Setup Fixing:
+----------+-----+-----+
|Path Group|  WNS|  TNS|
+----------+-----+-----+
|default   |0.000|0.000|
|reg2reg   |0.000|0.000|
|HEPG      |0.000|0.000|
|All Paths |0.000|0.000|
+----------+-----+-----+

Bottom Preferred Layer:
    None
Via Pillar Rule:
    None

*** Finish pre-CTS Setup Fixing (cpu=0:00:00.8 real=0:00:00.0 mem=2999.7M) ***

*** TnsOpt #2 [finish] (place_opt_design #1) : cpu/real = 0:00:03.2/0:00:03.2 (1.0), totSession cpu/real = 0:02:19.4/0:04:03.4 (0.6), mem = 2999.7M
End: GigaOpt Optimization in TNS mode
GigaOpt Checkpoint: Internal reclaim -noViewPrune -rebufferOnly -costCleanup -preRouteDontEndWithRefinePlaceIncrSteinerRouteDC -force -numThreads 1 -preCTS
Begin: Area Reclaim Optimization
*** AreaOpt #2 [begin] (place_opt_design #1) : totSession cpu/real = 0:02:20.0/0:04:04.1 (0.6), mem = 2996.5M
Reclaim Optimization WNS Slack 0.000  TNS Slack 0.000 Density 79.85
+---------+---------+--------+--------+------------+--------+
| Density | Commits |  WNS   |  TNS   |    Real    |  Mem   |
+---------+---------+--------+--------+------------+--------+
|   79.85%|        -|   0.000|   0.000|   0:00:00.0| 2996.6M|
|   79.85%|        0|   0.000|   0.000|   0:00:02.0| 2998.8M|
+---------+---------+--------+--------+------------+--------+
Reclaim Optimization End WNS Slack 0.000  TNS Slack 0.000 Density 79.85
Bottom Preferred Layer:
    None
Via Pillar Rule:
    None

Number of times islegalLocAvaiable called = 0 skipped = 0, called in commitmove = 0, skipped in commitmove = 0
End: Core Area Reclaim Optimization (cpu = 0:00:01.6) (real = 0:00:02.0) **
*** AreaOpt #2 [finish] (place_opt_design #1) : cpu/real = 0:00:01.6/0:00:01.7 (0.9), totSession cpu/real = 0:02:21.6/0:04:05.8 (0.6), mem = 2998.8M
End: Area Reclaim Optimization (cpu=0:00:02, real=0:00:02, mem=2997.66M, totSessionCpu=0:02:22).
GigaOpt Checkpoint: Internal reclaim -numThreads 1 -customPhyUpdate -noGCompAndPhase -ensureOneAreaReclaim -force -svrReclaim -rtrShortNets -allowDegradingShortNetRemoval -preCTS -tgtSlackMult 2 -wtns -noRouteTypeResizePolish -noViewPrune -nativePathGroupFlow
Begin: Area Reclaim Optimization
*** AreaOpt #3 [begin] (place_opt_design #1) : totSession cpu/real = 0:02:22.3/0:04:06.6 (0.6), mem = 2997.7M
Reclaim Optimization WNS Slack 0.000  TNS Slack 0.000 Density 79.85
+---------+---------+--------+--------+------------+--------+
| Density | Commits |  WNS   |  TNS   |    Real    |  Mem   |
+---------+---------+--------+--------+------------+--------+
|   79.85%|        -|   0.000|   0.000|   0:00:00.0| 2997.7M|
|   79.85%|        0|   0.000|   0.000|   0:00:00.0| 2998.6M|
|   79.85%|        0|   0.000|   0.000|   0:00:01.0| 2998.6M|
|   79.85%|        0|   0.000|   0.000|   0:00:01.0| 2998.6M|
|   79.85%|        0|   0.000|   0.000|   0:00:00.0| 2998.6M|
+---------+---------+--------+--------+------------+--------+
Reclaim Optimization End WNS Slack 0.000  TNS Slack 0.000 Density 79.85
Bottom Preferred Layer:
    None
Via Pillar Rule:
    None

Number of times islegalLocAvaiable called = 0 skipped = 0, called in commitmove = 0, skipped in commitmove = 0
End: Core Area Reclaim Optimization (cpu = 0:00:01.9) (real = 0:00:02.0) **
*** Finished re-routing un-routed nets (2999.3M) ***

*** Finish Physical Update (cpu=0:00:00.2 real=0:00:00.0 mem=2999.3M) ***
*** AreaOpt #3 [finish] (place_opt_design #1) : cpu/real = 0:00:02.2/0:00:02.2 (1.0), totSession cpu/real = 0:02:24.5/0:04:08.8 (0.6), mem = 2999.3M
End: Area Reclaim Optimization (cpu=0:00:02, real=0:00:02, mem=2997.70M, totSessionCpu=0:02:25).
-opt_exp_set_preroute_early_power_reclaim_recovery_split_flow false
                                           # bool, default=false, private
Begin: GigaOpt postEco DRV Optimization
GigaOpt Checkpoint: Internal optDRV -inPostEcoStage -smallScaleFixing -maxIter 3 -max_tran -max_cap -maxLocalDensity 0.98 -numThreads 1 -preRouteDontEndWithRefinePlaceIncrSteinerRouteDC -setupTNSCostFactor 1.0 -preCTS
*** DrvOpt #2 [begin] (place_opt_design #1) : totSession cpu/real = 0:02:25.2/0:04:09.5 (0.6), mem = 3002.9M
	CornerforLayerOpt timing analysis view analysis_normal_slow_max has been selected for calibration 
	CornerforLayerOpt timing analysis view analysis_normal_slow_max has been selected for calibration 
	CornerforLayerOpt timing analysis view analysis_normal_slow_max has been selected for calibration 
	CornerforLayerOpt timing analysis view analysis_normal_slow_max has been selected for calibration 
	CornerforLayerOpt timing analysis view analysis_normal_slow_max has been selected for calibration 
	CornerforLayerOpt timing analysis view analysis_normal_slow_max has been selected for calibration 
	CornerforLayerOpt timing analysis view analysis_normal_slow_max has been selected for calibration 
	CornerforLayerOpt timing analysis view analysis_normal_slow_max has been selected for calibration 
+-------------------------------------------------------------------------------------------------------------------------------------------------------+
|        max-tran       |        max-cap        |  max-fanout |  max-length |       setup       |        |        |        |       |          |         |
+-------------------------------------------------------------------------------------------------------------------------------------------------------+
| nets | terms|  wViol  | nets | terms|  wViol  | nets | terms| nets | terms|   WNS   |   TNS   |  #Buf  |  #Inv  | #Resize|Density|   Real   |   Mem   |
+-------------------------------------------------------------------------------------------------------------------------------------------------------+
|     0|     0|     0.00|     0|     0|     0.00|     0|     0|     0|     0||-9.22e+14|     0.00|       0|       0|       0| 79.85%|          |         |
|     0|     0|     0.00|     0|     0|     0.00|     0|     0|     0|     0||-9.22e+14|     0.00|       1|       0|       0| 79.90%| 0:00:01.0|  3019.3M|
|     0|     0|     0.00|     0|     0|     0.00|     0|     0|     0|     0||-9.22e+14|     0.00|       0|       0|       0| 79.90%| 0:00:00.0|  3019.3M|
+-------------------------------------------------------------------------------------------------------------------------------------------------------+
Bottom Preferred Layer:
    None
Via Pillar Rule:
    None

*** Finish DRV Fixing (cpu=0:00:00.5 real=0:00:01.0 mem=3019.3M) ***

*** DrvOpt #2 [finish] (place_opt_design #1) : cpu/real = 0:00:01.3/0:00:01.4 (1.0), totSession cpu/real = 0:02:26.5/0:04:10.9 (0.6), mem = 3019.2M
End: GigaOpt postEco DRV Optimization
**WARN: (IMPOPT-7329):	Skipping place_detail due to user configuration.
GigaOpt: WNS changes after postEco optimization: -922337203685477.625 -> -922337203685477.625 (bump = 0.0)
GigaOpt: Skipping nonLegal postEco optimization
Register exp ratio and priority group on 0 nets on 668 nets : 

Active setup views:
 analysis_normal_slow_max
  Dominating endpoints: 0
  Dominating TNS: -0.000

Extraction called for design 'top' of instances=577 and nets=812 using extraction engine 'pre_route' .
pre_route RC Extraction called for design top.
RC Extraction called in multi-corner(2) mode.
RCMode: PreRoute
      RC Corner Indexes            0       1   
Capacitance Scaling Factor   : 1.00000 1.00000 
Resistance Scaling Factor    : 1.00000 1.00000 
Clock Cap. Scaling Factor    : 1.00000 1.00000 
Clock Res. Scaling Factor    : 1.00000 1.00000 
Shrink Factor                : 1.00000
PreRoute extraction is honoring NDR/Shielding/ExtraSpace for clock nets.
Using Quantus QRC technology file ...
Grid density data update skipped
Initializing multi-corner resistance tables ...
PreRoute RC Extraction DONE (CPU Time: 0:00:00.1  Real Time: 0:00:00.0  MEM: 2976.332M)
Skewing Data Summary (End_of_FINAL)

Skew summary for view analysis_normal_slow_max:
* Accumulated skew : count = 0

Starting delay calculation for Setup views
AAE_INFO: opIsDesignInPostRouteState() is 0
#################################################################################
# Design Stage: PreRoute
# Design Name: top
# Design Mode: 180nm
# Analysis Mode: MMMC Non-OCV 
# Parasitics Mode: No SPEF/RCDB 
# Signoff Settings: SI Off 
#################################################################################
Calculate delays in BcWc mode...
Start delay calculation (fullDC) (1 T). (MEM=3001.73)
Total number of fetched objects 676
AAE_INFO: Total number of nets for which stage creation was skipped for all views 0
End delay calculation. (MEM=3020.53 CPU=0:00:00.2 REAL=0:00:00.0)
End delay calculation (fullDC). (MEM=3020.53 CPU=0:00:00.2 REAL=0:00:00.0)
*** Done Building Timing Graph (cpu=0:00:00.7 real=0:00:01.0 totSessionCpu=0:02:28 mem=3020.5M)
OPTC: user 20.0
Reported timing to dir ./timingReports
**opt_design ... cpu = 0:00:51, real = 0:01:44, mem = 3005.9M, totSessionCpu=0:02:28 **

OptSummary:

------------------------------------------------------------------
     opt_design Final Summary
------------------------------------------------------------------

Setup views included:
 analysis_normal_slow_max 

+--------------------+---------+---------+---------+
|     Setup mode     |   all   | reg2reg | default |
+--------------------+---------+---------+---------+
|           WNS (ns):|  0.000  |   N/A   |  0.000  |
|           TNS (ns):|  0.000  |   N/A   |  0.000  |
|    Violating Paths:|    0    |   N/A   |    0    |
|          All Paths:|    0    |   N/A   |    0    |
+--------------------+---------+---------+---------+

+----------------+-------------------------------+------------------+
|                |              Real             |       Total      |
|    DRVs        +------------------+------------+------------------|
|                |  Nr nets(terms)  | Worst Vio  |  Nr nets(terms)  |
+----------------+------------------+------------+------------------+
|   max_cap      |      0 (0)       |   0.000    |      0 (0)       |
|   max_tran     |      0 (0)       |   0.000    |      0 (0)       |
|   max_fanout   |      0 (0)       |     0      |      0 (0)       |
|   max_length   |      0 (0)       |     0      |      0 (0)       |
+----------------+------------------+------------+------------------+

Density: 79.904%
Routing Overflow: 0.00% H and 0.00% V
------------------------------------------------------------------
Begin: Collecting metrics
 ------------------------------------------------------------------------------------------------------------------------------------------------------- 
| Snapshot                | WNS                  | TNS                  | Density (%) | Hotspot                   | Resource               | DRVs       |
|                         | HEPG (ns) | ALL (ns) | HEPG (ns) | ALL (ns) |             | Max (bins) | Total (bins) | Real (s) | Memory (MB) | Tran | Cap |
|-------------------------+-----------+----------+-----------+----------+-------------+------------+--------------+----------+-------------+------+-----|
| initial_summary         |           |          |           |          |       79.85 |            |              | 0:00:02  |        2967 |    0 |   0 |
| simplify_netlist        |           |          |           |          |             |            |              | 0:00:03  |        2972 |      |     |
| drv_fixing              |           |          |           |          |             |            |              | 0:00:01  |        2973 |      |     |
| global_opt              |           |    0.000 |           |        0 |       79.85 |            |              | 0:00:04  |        2975 |      |     |
| area_reclaiming         |     0.000 |    0.000 |         0 |        0 |       79.85 |            |              | 0:00:06  |        2978 |      |     |
| incremental_replacement |           |          |           |          |             |       0.00 |         0.00 | 0:00:06  |        3000 |      |     |
| tns_fixing              |     0.000 |    0.000 |         0 |        0 |       79.85 |            |              | 0:00:04  |        3006 |      |     |
| wns_fixing              |     0.000 |    0.000 |         0 |        0 |       79.85 |            |              | 0:00:03  |        2998 |      |     |
| tns_fixing_2            |     0.000 |    0.000 |         0 |        0 |       79.85 |            |              | 0:00:04  |        3000 |      |     |
| area_reclaiming_2       |     0.000 |    0.000 |         0 |        0 |       79.85 |            |              | 0:00:02  |        2998 |      |     |
| area_reclaiming_3       |     0.000 |    0.000 |         0 |        0 |       79.85 |            |              | 0:00:03  |        2998 |      |     |
| drv_eco_fixing          |     0.000 |    0.000 |         0 |        0 |       79.90 |            |              | 0:00:02  |        3015 |    0 |   0 |
| legalization            |           |          |           |          |             |            |              | 0:00:00  |        3015 |      |     |
| final_summary           |           |    0.000 |           |        0 |       79.90 |            |              | 0:00:02  |        3005 |    0 |   0 |
 ------------------------------------------------------------------------------------------------------------------------------------------------------- 
End: Collecting metrics
**opt_design ... cpu = 0:00:51, real = 0:01:46, mem = 3005.2M, totSessionCpu=0:02:29 **
**WARN: (IMPOPT-3195):	Analysis mode has changed.
Type 'man IMPOPT-3195' for more detail.
*** Finished opt_design ***
      flow.cputime  flow.realtime  timing.setup.tns  timing.setup.wns  snapshot
UM:*                                                                   final
      flow.cputime  flow.realtime  timing.setup.tns  timing.setup.wns  snapshot
UM:*                                                                   opt_design_prects
Info: final physical memory for 2 CRR processes is 1110.87MB.
Info: Summary of CRR changes:
      - Timing transform commits:       0
Disable CTE adjustment.
Disable Layer aware incrSKP.
#optDebug: fT-D <X 1 0 0 0>
**place_opt_design ... cpu = 0:00:53, real = 0:02:11, mem = 2946.0M **
*** Finished GigaPlace ***

*** Summary of all messages that are not suppressed in this session:
Severity  ID               Count  Summary                                  
WARNING   IMPSP-12502          1  Slack driven placement is disabled becau...
WARNING   IMPSP-9025           1  No scan chain specified/traced.          
WARNING   IMPOPT-3195          2  Analysis mode has changed.               
WARNING   IMPOPT-7329          1  Skipping place_detail due to user config...
WARNING   TCLCMD-513           1  The software could not find a matching o...
ERROR     TCLCMD-917           1  Cannot find '%s' that match '%s'         
*** Message Summary: 6 warning(s), 1 error(s)

*** place_opt_design #1 [finish] () : cpu/real = 0:00:52.7/0:02:10.6 (0.4), totSession cpu/real = 0:02:30.0/0:04:39.7 (0.5), mem = 2946.0M
      flow.cputime  flow.realtime  timing.setup.tns  timing.setup.wns  snapshot
UM:*                                                                   place_opt_design_opt
#@ End verbose source /home/edu4chip_18/project_calendar/scripts/physical/2_PreCTS.tcl
@file 11: # puts "Script Stopped at PreCTs phase"
@file 12:     # puts "\[resume\] to PostCTS"
@file 13:     # suspend
@@file 14: write_db ${lyt_folder}/checkpoint/${design}_2.enc
#% Begin save design ... (date=08/20 17:48:04, mem=2946.0M)
fast slow typ
rc_typ rc_best rc_worst
basic_constraint
% Begin Save ccopt configuration ... (date=08/20 17:48:04, mem=2946.0M)
/home/edu4chip_18/project_calendar/constraints/basic_XH180.sdc
% End Save ccopt configuration ... (date=08/20 17:48:04, total cpu=0:00:00.1, real=0:00:00.0, peak res=2946.2M, current mem=2946.2M)
% Begin Save netlist data ... (date=08/20 17:48:04, mem=2946.2M)
Writing Binary DB to /home/edu4chip_18/project_calendar/layout/top_XH180/checkpoint/top_2.enc/top.v.bin in single-threaded mode...
% End Save netlist data ... (date=08/20 17:48:04, total cpu=0:00:00.1, real=0:00:00.0, peak res=2946.2M, current mem=2946.2M)
Saving symbol-table file ...
Saving congestion map file /home/edu4chip_18/project_calendar/layout/top_XH180/checkpoint/top_2.enc/top.route.congmap.gz ...
% Begin Save AAE data ... (date=08/20 17:48:05, mem=2946.7M)
Saving AAE Data ...
% End Save AAE data ... (date=08/20 17:48:05, total cpu=0:00:00.2, real=0:00:00.0, peak res=2946.9M, current mem=2946.9M)
**WARN: (IMPCTE-104):	The constraint mode of this inactive view 'analysis_normal_typ' has been modified and may need to be reanalyzed to ensure proper timing results. To reanalyze timing for this view make the view active using 'set_analysis_view' and run timing analysis.
Type 'man IMPCTE-104' for more detail.
Saving preference file /home/edu4chip_18/project_calendar/layout/top_XH180/checkpoint/top_2.enc/gui.pref.tcl ...
Saving mode setting ...
Saving root attributes to be loaded post write_db ...
**WARN: (IMPMF-5054):	fill_setting_save command is obsolete and should not be used any more. It still works in this release but will be removed in future release. Recommend to use Pegasus metal fill flow which is the replacement.
Saving global file ...
Saving root attributes to be loaded previous write_db ...
% Begin Save floorplan data ... (date=08/20 17:48:08, mem=2950.1M)
Saving floorplan file ...
% End Save floorplan data ... (date=08/20 17:48:08, total cpu=0:00:00.1, real=0:00:00.0, peak res=2950.1M, current mem=2950.1M)
Saving PG file /home/edu4chip_18/project_calendar/layout/top_XH180/checkpoint/top_2.enc/top.pg.gz, version#2, (Created by Innovus v25.10-p002_1 on Thu Aug 20 17:48:08 2026)
*** Completed savePGFile (cpu=0:00:00.0 real=0:00:00.0 mem=2950.1M) ***
*info - save blackBox cells to lef file /home/edu4chip_18/project_calendar/layout/top_XH180/checkpoint/top_2.enc/top.bbox.lef
Saving Drc markers ...
... No Drc file written since there is no markers found.
% Begin Save placement data ... (date=08/20 17:48:08, mem=2950.1M)
** Saving stdCellPlacement_binary (version# 2) ...
Save Adaptive View Pruning View Names to Binary file
% End Save placement data ... (date=08/20 17:48:08, total cpu=0:00:00.1, real=0:00:00.0, peak res=2950.1M, current mem=2950.1M)
% Begin Save routing data ... (date=08/20 17:48:08, mem=2950.1M)
Saving route file ...
*** Completed saveRoute (cpu=0:00:00.0 real=0:00:00.0 mem=2951.2M) ***
% End Save routing data ... (date=08/20 17:48:08, total cpu=0:00:00.1, real=0:00:01.0, peak res=2950.2M, current mem=2950.2M)
Saving property file /home/edu4chip_18/project_calendar/layout/top_XH180/checkpoint/top_2.enc/top.prop
*** Completed saveProperty (cpu=0:00:00.1 real=0:00:00.0 mem=2952.7M) ***
Saving rc congestion map /home/edu4chip_18/project_calendar/layout/top_XH180/checkpoint/top_2.enc/top.congmap.gz ...
Saving preRoute extracted patterns in file '/home/edu4chip_18/project_calendar/layout/top_XH180/checkpoint/top_2.enc/top.techData.gz' ...
Saving preRoute extraction data in directory '/home/edu4chip_18/project_calendar/layout/top_XH180/checkpoint/top_2.enc/extraction/' ...
% Begin Save power constraints data ... (date=08/20 17:48:09, mem=2952.1M)
% End Save power constraints data ... (date=08/20 17:48:09, total cpu=0:00:00.1, real=0:00:00.0, peak res=2952.1M, current mem=2952.1M)
rc_typ rc_best rc_worst
rc_typ rc_best rc_worst
rc_typ rc_best rc_worst
rc_typ rc_best rc_worst
rc_typ rc_best rc_worst
rc_typ rc_best rc_worst
rc_typ rc_best rc_worst
**WARN: (GLOBAL-100):	Global 'timing_enable_backward_compatible_mmmc_mode' has become obsolete. It will be removed in the next release.
**WARN: (GLOBAL-100):	Global 'timing_enable_backward_compatible_mmmc_mode' has become obsolete. It will be removed in the next release.
Generated self-contained design top_2.enc
#% End save design ... (date=08/20 17:48:10, total cpu=0:00:04.3, real=0:00:06.0, peak res=2957.5M, current mem=2957.5M)

*** Summary of all messages that are not suppressed in this session:
Severity  ID               Count  Summary                                  
WARNING   IMPMF-5054           1  fill_setting_save command is obsolete an...
WARNING   IMPCTE-104           1  The constraint mode of this inactive vie...
*** Message Summary: 2 warning(s), 0 error(s)

@file 15:
@file 16: source $scr/physical/3_PostCTS.tcl
#@ Begin verbose source /home/edu4chip_18/project_calendar/scripts/physical/3_PostCTS.tcl (pre)
@file 1: #------------------------------------ [17] - Create clock trees
@@file 2: get_db clock_trees
@file 3: source ${cons}/cts/${tech_node_used}_cts.ccopt
#@ Begin verbose source /home/edu4chip_18/project_calendar/constraints/cts/XH180_cts.ccopt (pre)
@file 1: # List of buffers, iverters and delay cells obtained at innovus.log after init_design
@file 2:
@file 3: #### List of usable buffers: 
@file 4: # BUHDX1 BUHDX2 BUHDX3 BUHDX4 BUHDX6 BUHDX8
@file 5: #### List of usable inverters: 
@file 6: # INHDX1 INHDX2 INHDX3 INHDX4 INHDX6 INHDX8
@file 7: #### List of identified usable delay cells:  
@file 8:
@@file 9: get_db cts_buffer_cells;
@file 10: set BUFFERS_CTS "BUHDX1 BUHDX2 BUHDX3 BUHDX4 BUHDX6 BUHDX8"
@@file 11: set_db cts_buffer_cells $BUFFERS_CTS ;
@file 11: # specifies the buffer cells for CTS
@@file 12: get_db cts_buffer_cells;
@file 13: #
@@file 14: get_db cts_inverter_cells;
@file 15: set INVERTERS_CTS "INHDX1 INHDX2 INHDX3 INHDX4 INHDX6 INHDX8"
@@file 16: set_db cts_inverter_cells $INVERTERS_CTS ;
@file 16: # specifies the inverter cells for CTS
@@file 17: get_db cts_inverter_cells;
@file 18:
@@file 19: get_db cts_delay_cells;
@file 20: set DELAY_CELLS ""
@@file 21: set_db cts_delay_cells $DELAY_CELLS
@@file 22: get_db cts_delay_cells;
#@ End verbose source /home/edu4chip_18/project_calendar/constraints/cts/XH180_cts.ccopt
@file 5: if {[llength [get_db clocks]] > 0} {...}
@file 11:
@file 12: #delete_clock_tree_spec ;# removes the already loaded cts specification (reset_cts_config)
@file 13: # look for "CTS constraint violations" in the innovus.log file
@file 14: # GUI: Viewing clock tree results in the physical view
@file 15: # select Clock -> CCOpt Clock Tree Debugger -> click OK for default selection in the window
@file 16:
@file 17: #------------------------------------ [18] - Check timings
@file 18: # set_db timing_analysis_type best_case_worst_case
@file 19: # set_db timing_analysis_clock_propagation_mode sdc_control
@file 20: # time_design -post_cts
@file 21: # time_design -post_cts -hold
@file 22:
@file 23: #------------------------------------ [19] - Fix Timings (Iterative if you want)
@file 24: # opt_design -post_cts -setup;# optimize for setup
#@ End verbose source /home/edu4chip_18/project_calendar/scripts/physical/3_PostCTS.tcl
@file 17: # puts "Script Stopped at PostCTS phase"
@file 18:     # puts "\[resume\] to PostRoute"
@file 19:     # suspend
@@file 20: write_db ${lyt_folder}/checkpoint/${design}_3.enc
#% Begin save design ... (date=08/20 17:48:10, mem=2957.8M)
fast slow typ
rc_typ rc_best rc_worst
basic_constraint
% Begin Save ccopt configuration ... (date=08/20 17:48:10, mem=2957.8M)
/home/edu4chip_18/project_calendar/constraints/basic_XH180.sdc
% End Save ccopt configuration ... (date=08/20 17:48:10, total cpu=0:00:00.1, real=0:00:00.0, peak res=2957.9M, current mem=2957.9M)
% Begin Save netlist data ... (date=08/20 17:48:10, mem=2957.9M)
Writing Binary DB to /home/edu4chip_18/project_calendar/layout/top_XH180/checkpoint/top_3.enc/top.v.bin in single-threaded mode...
% End Save netlist data ... (date=08/20 17:48:10, total cpu=0:00:00.1, real=0:00:00.0, peak res=2957.9M, current mem=2957.9M)
Saving symbol-table file ...
Saving congestion map file /home/edu4chip_18/project_calendar/layout/top_XH180/checkpoint/top_3.enc/top.route.congmap.gz ...
% Begin Save AAE data ... (date=08/20 17:48:11, mem=2957.9M)
Saving AAE Data ...
% End Save AAE data ... (date=08/20 17:48:11, total cpu=0:00:00.2, real=0:00:00.0, peak res=2957.9M, current mem=2956.5M)
**WARN: (IMPCTE-104):	The constraint mode of this inactive view 'analysis_normal_typ' has been modified and may need to be reanalyzed to ensure proper timing results. To reanalyze timing for this view make the view active using 'set_analysis_view' and run timing analysis.
Type 'man IMPCTE-104' for more detail.
Saving preference file /home/edu4chip_18/project_calendar/layout/top_XH180/checkpoint/top_3.enc/gui.pref.tcl ...
Saving mode setting ...
Saving root attributes to be loaded post write_db ...
**WARN: (IMPMF-5054):	fill_setting_save command is obsolete and should not be used any more. It still works in this release but will be removed in future release. Recommend to use Pegasus metal fill flow which is the replacement.
Saving global file ...
Saving root attributes to be loaded previous write_db ...
% Begin Save floorplan data ... (date=08/20 17:48:14, mem=2956.9M)
Saving floorplan file ...
% End Save floorplan data ... (date=08/20 17:48:14, total cpu=0:00:00.1, real=0:00:00.0, peak res=2956.9M, current mem=2956.9M)
Saving PG file /home/edu4chip_18/project_calendar/layout/top_XH180/checkpoint/top_3.enc/top.pg.gz, version#2, (Created by Innovus v25.10-p002_1 on Thu Aug 20 17:48:14 2026)
*** Completed savePGFile (cpu=0:00:00.0 real=0:00:00.0 mem=2956.9M) ***
*info - save blackBox cells to lef file /home/edu4chip_18/project_calendar/layout/top_XH180/checkpoint/top_3.enc/top.bbox.lef
Saving Drc markers ...
... No Drc file written since there is no markers found.
% Begin Save placement data ... (date=08/20 17:48:14, mem=2956.9M)
** Saving stdCellPlacement_binary (version# 2) ...
Save Adaptive View Pruning View Names to Binary file
% End Save placement data ... (date=08/20 17:48:14, total cpu=0:00:00.1, real=0:00:00.0, peak res=2956.9M, current mem=2956.9M)
% Begin Save routing data ... (date=08/20 17:48:14, mem=2956.9M)
Saving route file ...
*** Completed saveRoute (cpu=0:00:00.0 real=0:00:01.0 mem=2957.9M) ***
% End Save routing data ... (date=08/20 17:48:15, total cpu=0:00:00.1, real=0:00:01.0, peak res=2956.9M, current mem=2956.9M)
Saving property file /home/edu4chip_18/project_calendar/layout/top_XH180/checkpoint/top_3.enc/top.prop
*** Completed saveProperty (cpu=0:00:00.1 real=0:00:00.0 mem=2960.6M) ***
Saving rc congestion map /home/edu4chip_18/project_calendar/layout/top_XH180/checkpoint/top_3.enc/top.congmap.gz ...
Saving preRoute extracted patterns in file '/home/edu4chip_18/project_calendar/layout/top_XH180/checkpoint/top_3.enc/top.techData.gz' ...
Saving preRoute extraction data in directory '/home/edu4chip_18/project_calendar/layout/top_XH180/checkpoint/top_3.enc/extraction/' ...
% Begin Save power constraints data ... (date=08/20 17:48:15, mem=2959.7M)
% End Save power constraints data ... (date=08/20 17:48:15, total cpu=0:00:00.1, real=0:00:00.0, peak res=2959.7M, current mem=2959.7M)
rc_typ rc_best rc_worst
rc_typ rc_best rc_worst
rc_typ rc_best rc_worst
rc_typ rc_best rc_worst
rc_typ rc_best rc_worst
rc_typ rc_best rc_worst
rc_typ rc_best rc_worst
**WARN: (GLOBAL-100):	Global 'timing_enable_backward_compatible_mmmc_mode' has become obsolete. It will be removed in the next release.
**WARN: (GLOBAL-100):	Global 'timing_enable_backward_compatible_mmmc_mode' has become obsolete. It will be removed in the next release.
Generated self-contained design top_3.enc
#% End save design ... (date=08/20 17:48:16, total cpu=0:00:04.6, real=0:00:06.0, peak res=2959.7M, current mem=2958.7M)

*** Summary of all messages that are not suppressed in this session:
Severity  ID               Count  Summary                                  
WARNING   IMPMF-5054           1  fill_setting_save command is obsolete an...
WARNING   IMPCTE-104           1  The constraint mode of this inactive vie...
*** Message Summary: 2 warning(s), 0 error(s)

@file 21:
@file 22: source $scr/physical/4_PostRoute.tcl
#@ Begin verbose source /home/edu4chip_18/project_calendar/scripts/physical/4_PostRoute.tcl (pre)
@file 1: #------------------------------------ [20] - Auto Route signals
@@file 2: route_design
#% Begin route_design (date=08/20 17:48:16, mem=2958.7M)
#route_design: cpu time = 00:00:00, elapsed time = 00:00:00, memory = 2958.71 (MB), peak = 3009.21 (MB)
AAE_INFO: Pre Route call back at the beginning of routeDesign
#**INFO: setDesignMode -flowEffort standard
#**INFO: setDesignMode -powerEffort none
**INFO: User settings:
delaycal_default_net_delay                                  1000ps
delaycal_default_net_load                                   0.5pf
delaycal_enable_high_fanout                                 true
delaycal_enable_ideal_seq_async_pins                        false
delaycal_eng_enablepreplacedflow                            false
delaycal_ignore_net_load                                    false
delaycal_input_transition_delay                             0.1ps
delaycal_socv_accuracy_mode                                 low
delaycal_use_default_delay_limit                            1000
setAnalysisMode -virtualIPO                                 false
setDelayCalMode -enable_hier_save_restore_flow              false
setDelayCalMode -engine                                     aae
design_process_node                                         180
extract_rc_coupling_cap_threshold                           3.0
extract_rc_engine                                           pre_route
extract_rc_relative_cap_threshold                           0.03
extract_rc_shrink_factor                                    1.0
extract_rc_total_cap_threshold                              5.0
route_extract_third_party_compatible                        false
route_global_exp_timing_driven_std_delay                    117.7
route_route_side                                            front
getAnalysisMode -virtualIPO                                 false
getDelayCalMode -enable_hier_save_restore_flow              false
getDelayCalMode -engine                                     aae
get_power_analysis_mode -report_power_quiet                 false
getAnalysisMode -virtualIPO                                 false
#**INFO: multi-cut via swapping will be performed after routing.
#**INFO: All auto set options tuned by route_design will be restored to their original settings on command completion.
Begin checking placement ... (start mem=2958.8M, init mem=2958.8M)
Overlapping with other instance:    2
*info: Placed = 577           
*info: Unplaced = 0           
Placement Density:79.90%(14673/18364)
Placement Density (including fixed std cells):79.90%(14673/18364)
Finished check_place (total: cpu=0:00:00.0, real=0:00:00.0; vio checks: cpu=0:00:00.0, real=0:00:00.0; mem=2959.0M)
#WARNING (NRIG-77) Found placement violations. Please investigate and correct before routing. Routing with placement violations can cause long runtime and may be irresolvable.
#Use route_design -placement_check to stop on violations. Use route_design -no_placement_check to skip the check.
Turning off fast DC mode.

changeUseClockNetStatus Option :  -ignoreSkipRoutingNets -noFixedNetWires 
*** Changed status on (0) nets in Clock.
*** End changeUseClockNetStatus (cpu=0:00:00.0, real=0:00:00.0, mem=2950.0M) ***
#**INFO: auto set of droutePostRouteSwapVia to multiCut

route_global_detail

#Start route_global_detail on Thu Aug 20 17:48:17 2026
#
#Generating timing data, please wait...
#668 total nets, 668 already routed, 668 will ignore in trialRoute
#View pruning: cpu time = 00:00:00, elapsed time = 00:00:00, memory = 2906.71 (MB), peak = 3009.21 (MB)
#Reporting timing...
###############################################################
#  Generated by:      Cadence Innovus 25.10-p002_1
#  OS:                Linux x86_64(Host ID tallinn.emse.fr)
#  Generated on:      Thu Aug 20 17:48:18 2026
#  Design:            top
#  Command:           route_design
###############################################################
#Normalized TNS: 0.000 -> -nan, r2r 0.000 -> -nan, unit 1000.000, clk period 0.000 (ns)
#Stage 1: cpu time = 00:00:02, elapsed time = 00:00:02, memory = 2959.23 (MB), peak = 3009.21 (MB)
#Library Standard Delay: 117.70ps
#Slack threshold: 235.40ps
#*** Analyzed 0 timing critical paths, and collected 0.
#Stage 2: cpu time = 00:00:00, elapsed time = 00:00:00, memory = 2959.35 (MB), peak = 3009.21 (MB)
#Stage 3: cpu time = 00:00:02, elapsed time = 00:00:02, memory = 2963.22 (MB), peak = 3009.21 (MB)
#Default setup view is reset to analysis_normal_slow_max.
#Stage 4: cpu time = 00:00:00, elapsed time = 00:00:00, memory = 2963.22 (MB), peak = 3009.21 (MB)
#Current view: analysis_normal_slow_max 
#Current enabled view: analysis_normal_slow_max 
#Generating timing data took: cpu time = 00:00:04, elapsed time = 00:00:04, memory = 2962.73 (MB), peak = 3009.21 (MB)
#Done generating timing data.
#WARNING (NRIG-1303) The congestion map does not match the GCELL grid. Clearing the congestion map.
#WARNING (NRIF-95) Option set_db route_top_routing_layer has invalid value "0". Reset to max routing layer "6".
#NanoRoute Version 25.10-p002_1 NR250317-0405/25_10-UB
#WARNING (NRIF-95) Option set_db route_top_routing_layer has invalid value "0". Reset to max routing layer "6".
#WARNING (NRIF-95) Option set_db route_top_routing_layer has invalid value "0". Reset to max routing layer "6".
#WARNING (NRIF-95) Option set_db route_top_routing_layer has invalid value "0". Reset to max routing layer "6".
#WARNING (NRIF-95) Option set_db route_top_routing_layer has invalid value "0". Reset to max routing layer "6".
#WARNING (NRIF-95) Option set_db route_top_routing_layer has invalid value "0". Reset to max routing layer "6".
#Start routing data preparation on Thu Aug 20 17:48:21 2026
#
#WARNING (NRIF-95) Option set_db route_top_routing_layer has invalid value "0". Reset to max routing layer "6".
#WARNING (NRIF-95) Option set_db route_top_routing_layer has invalid value "0". Reset to max routing layer "6".
#Rebuild pin access data for design.
#Initial pin access analysis.
#Detail pin access analysis.
# MET1         H   Track-Pitch = 0.5600    Line-2-Via Pitch = 0.4850
# MET2         V   Track-Pitch = 0.5600    Line-2-Via Pitch = 0.5600
# MET3         H   Track-Pitch = 0.5600    Line-2-Via Pitch = 0.5600
# MET4         V   Track-Pitch = 0.5600    Line-2-Via Pitch = 0.5600
# METTP        H   Track-Pitch = 1.1200    Line-2-Via Pitch = 0.9500
# METTPL       V   Track-Pitch = 5.6000    Line-2-Via Pitch = 5.5000
#Bottom routing layer index=1(MET1), bottom routing layer for shielding=1(MET1), bottom shield layer=1(MET1)
#shield_bottom_stripe_layer=1(MET1), shield_top_stripe_layer=6(METTPL)
#pin_access_rlayer=2(MET2)
#shield_top_dpt_rlayer=-1 top_rlayer=6 top_trim_metal_rlayer=-1 rlayer_lowest=1 bottom_rlayer=1
#enable_trim_layer_shield=F enable_dpt_layer_shield=F has_line_end_grid=F
#enable_dpt_layer_shield=F
#has_line_end_grid=F
#cpu time = 00:00:00, elapsed time = 00:00:00, memory = 2972.21 (MB), peak = 3009.21 (MB)
#Regenerating Ggrids automatically.
#Auto generating G-grids with size=15 tracks, using layer MET3's pitch = 0.5600.
#Using automatically generated G-grids.
#Done routing data preparation.
#cpu time = 00:00:13, elapsed time = 00:00:13, memory = 2993.78 (MB), peak = 3009.21 (MB)
#
#Summary of active signal nets routing constraints set by OPT:
#	preferred routing layers      : 0
#	preferred routing layer effort: 0
#	preferred extra space         : 0
#	preferred multi-cut via       : 0
#	avoid detour                  : 0
#	expansion ratio               : 0
#	net priority                  : 0
#	s2s control                   : 0
#	avoid chaining                : 0
#	inst-based stacking via       : 0
#
#Summary of active signal nets routing constraints set by USER:
#	preferred routing layers      : 0
#	preferred routing layer effort     : 0
#	preferred extra space              : 0
#	preferred multi-cut via            : 0
#	avoid detour                       : 0
#	net weight                         : 0
#	avoid chaining                     : 0
#	cell-based stacking via (required) : 0
#	cell-based stacking via (optional) : 0
#
#Start timing driven prevention iteration...
#Setup timing driven global route constraints on 0 nets
#
#----------------------------------------------------
# Summary of active signal nets routing constraints
#+--------------------------+-----------+
#+--------------------------+-----------+
#
#----------------------------------------------------
#Skipped timing-driven prevention.
#cpu time = 00:00:00, elapsed time = 00:00:00, memory = 2993.92 (MB), peak = 3009.21 (MB)
#Total number of trivial nets (e.g. < 2 pins) = 144 (skipped).
#Total number of routable nets = 668.
#Total number of nets in the design = 812.
#668 routable nets do not have any wires.
#668 nets will be global routed.
#WARNING (NRIF-95) Option set_db route_top_routing_layer has invalid value "0". Reset to max routing layer "6".
#WARNING (NRIF-95) Option set_db route_top_routing_layer has invalid value "0". Reset to max routing layer "6".
#
#Finished routing data preparation on Thu Aug 20 17:48:33 2026
#
#Cpu time = 00:00:00
#Elapsed time = 00:00:00
#Increased memory = 0.07 (MB)
#Total memory = 2994.05 (MB)
#Peak memory = 3009.21 (MB)
#
#
#Start global routing on Thu Aug 20 17:48:33 2026
#
#
#Start global routing initialization on Thu Aug 20 17:48:33 2026
#
#Number of eco nets is 0
#
#Start global routing data preparation on Thu Aug 20 17:48:33 2026
#
#Start routing resource analysis on Thu Aug 20 17:48:33 2026
#
#Routing resource analysis is done on Thu Aug 20 17:48:33 2026
#
#  Resource Analysis:
#
#               Routing  #Avail      #Track     #Total     %Gcell
#  Layer      Direction   Track     Blocked      Gcell    Blocked
#  --------------------------------------------------------------
#  MET1           H         104         190         400    51.50%
#  MET2           V         226          72         400     0.00%
#  MET3           H         213          81         400     0.00%
#  MET4           V         215          83         400     0.00%
#  METTP          H         147           0         400     0.00%
#  METTPL         V          29           0         400     0.00%
#  --------------------------------------------------------------
#  Total                    934      24.00%        2400     8.58%
#
#
#
#
#Global routing data preparation is done on Thu Aug 20 17:48:33 2026
#
#cpu time = 00:00:00, elapsed time = 00:00:00, memory = 2994.48 (MB), peak = 3009.21 (MB)
#
#
#Global routing initialization is done on Thu Aug 20 17:48:33 2026
#
#cpu time = 00:00:00, elapsed time = 00:00:00, memory = 2994.54 (MB), peak = 3009.21 (MB)
#
#Skip 1/2 round for no nets in the round...
#Route nets in 2/2 round...
#start global routing iteration 1...
#cpu time = 00:00:00, elapsed time = 00:00:00, memory = 2996.56 (MB), peak = 3009.21 (MB)
#
#start global routing iteration 2...
#cpu time = 00:00:00, elapsed time = 00:00:00, memory = 2998.56 (MB), peak = 3009.21 (MB)
#
#
#Total number of trivial nets (e.g. < 2 pins) = 144 (skipped).
#Total number of routable nets = 668.
#Total number of nets in the design = 812.
#
#668 routable nets have routed wires.
#
#Routed nets constraints summary:
#-----------------------------
#        Rules   Unconstrained  
#-----------------------------
#      Default             668  
#-----------------------------
#        Total             668  
#-----------------------------
#
#Routing constraints summary of the whole design:
#-----------------------------
#        Rules   Unconstrained  
#-----------------------------
#      Default             668  
#-----------------------------
#        Total             668  
#-----------------------------
#
#WARNING (NRIF-95) Option set_db route_top_routing_layer has invalid value "0". Reset to max routing layer "6".
#
#  Congestion Analysis: (blocked Gcells are excluded)
#
#                 OverCon       OverCon       OverCon       OverCon          
#                  #Gcell        #Gcell        #Gcell        #Gcell    %Gcell
#     Layer           (1)           (2)           (3)           (4)   OverCon  Flow/Cap
#  ----------------------------------------------------------------------------------------
#  MET1          0(0.00%)      0(0.00%)      0(0.00%)      0(0.00%)   (0.00%)     0.42  
#  MET2          5(1.25%)      1(0.25%)      0(0.00%)      2(0.50%)   (2.00%)     0.53  
#  MET3          0(0.00%)      1(0.25%)      1(0.25%)      0(0.00%)   (0.50%)     0.50  
#  MET4          0(0.00%)      0(0.00%)      0(0.00%)      0(0.00%)   (0.00%)     0.26  
#  METTP         0(0.00%)      0(0.00%)      0(0.00%)      0(0.00%)   (0.00%)     0.01  
#  METTPL        0(0.00%)      0(0.00%)      0(0.00%)      0(0.00%)   (0.00%)     0.00  
#  ----------------------------------------------------------------------------------------
#     Total      5(0.22%)      2(0.09%)      1(0.04%)      2(0.09%)   (0.45%)
#
#  The worst congested Gcell overcon (routing demand over resource in number of tracks) = 4
#  Overflow after GR: 0.09% H + 0.36% V
#
#Hotspot report including placement blocked areas
[hotspot] +----------------+-------------------+-------------------+-------------------------------------+
[hotspot] |      layer     |    max hotspot    |   total hotspot   |            hotspot bbox             |
[hotspot] +----------------+-------------------+-------------------+-------------------------------------+
[hotspot] |     MET1(H)    |              0.00 |              0.00 |   (none)                            |
[hotspot] |     MET2(V)    |              0.00 |              0.00 |   (none)                            |
[hotspot] |     MET3(H)    |              0.00 |              0.00 |   (none)                            |
[hotspot] |     MET4(V)    |              0.00 |              0.00 |   (none)                            |
[hotspot] |    METTP(H)    |              0.00 |              0.00 |   (none)                            |
[hotspot] |   METTPL(V)    |              0.00 |              0.00 |   (none)                            |
[hotspot] +----------------+-------------------+-------------------+-------------------------------------+
[hotspot] |      worst     |              0.00 |              0.00 |                                     |
[hotspot] +----------------+-------------------+-------------------+-------------------------------------+
[hotspot] |   all layers   |              0.00 |              0.00 |                                     |
[hotspot] +----------------+-------------------+-------------------+-------------------------------------+
Local HotSpot Analysis (blockage included) (3d): normalized congestion max/total hotspot area = 0.00/0.00 (area is in unit of 4 std-cell row bins)
#Complete Global Routing.
#
#  Routing Statistics
#
#---------------+-----------+-----+
#  Layer        | Length(um)| Vias|
#---------------+-----------+-----+
#  POLY1 ( 0H)  |          0|    0|
#  MET1 ( 1H)   |         92| 1932|
#  MET2 ( 2V)   |       4771| 1119|
#  MET3 ( 3H)   |       6115|  154|
#  MET4 ( 4V)   |       1184|   15|
#  METTP ( 5H)  |        101|    0|
#  METTPL ( 6V) |          0|    0|
#---------------+-----------+-----+
#  Total        |      12263| 3220|
#---------------+-----------+-----+
#
# Total half perimeter of net bounding box: 12246 um.
#Total number of involved regular nets 41
#Maximum src to sink distance  191.7
#Average of max src_to_sink distance  68.8
#Average of ave src_to_sink distance  47.4
#WARNING (NRIF-95) Option set_db route_top_routing_layer has invalid value "0". Reset to max routing layer "6".
#Max overcon = 4 tracks.
#Total overcon = 0.45%.
#Worst layer Gcell overcon rate = 0.50%.
#
#Global routing statistics:
#Cpu time = 00:00:00
#Elapsed time = 00:00:00
#Increased memory = 4.45 (MB)
#Total memory = 2998.56 (MB)
#Peak memory = 3009.21 (MB)
#
#Finished global routing on Thu Aug 20 17:48:34 2026
#
#
#WARNING (NRIF-95) Option set_db route_top_routing_layer has invalid value "0". Reset to max routing layer "6".
#WARNING (NRIF-95) Option set_db route_top_routing_layer has invalid value "0". Reset to max routing layer "6".
#cpu time = 00:00:00, elapsed time = 00:00:00, memory = 2998.59 (MB), peak = 3009.21 (MB)
#WARNING (NRIF-95) Option set_db route_top_routing_layer has invalid value "0". Reset to max routing layer "6".
#Start Track Assignment.
#Done with 707 horizontal wires in 1 hboxes and 651 vertical wires in 1 hboxes.
#Done with 113 horizontal wires in 1 hboxes and 122 vertical wires in 1 hboxes.
#Done with 1 horizontal wires in 1 hboxes and 1 vertical wires in 1 hboxes.
#
#Track assignment summary:
# layer   (wire length)   (overlap)     (long ovlp)	(with obs/pg/clk)  
#------------------------------------------------------------------------
# MET1          88.08 	  0.00%  	  0.00% 	  0.00%
# MET2        4581.36 	  0.10%  	  0.00% 	  0.00%
# MET3        5944.14 	  0.07%  	  0.00% 	  0.00%
# MET4        1110.20 	  0.00%  	  0.00% 	  0.00%
# METTP         99.84 	  0.00%  	  0.00% 	  0.00%
# METTPL         0.00 	  0.00%  	  0.00% 	  0.00%
#------------------------------------------------------------------------
# All       11823.62  	  0.08% 	  0.00% 	  0.00%
#Complete Track Assignment.
#
#  Routing Statistics
#
#---------------+-----------+-----+
#  Layer        | Length(um)| Vias|
#---------------+-----------+-----+
#  POLY1 ( 0H)  |          0|    0|
#  MET1 ( 1H)   |         86| 1932|
#  MET2 ( 2V)   |       4484| 1119|
#  MET3 ( 3H)   |       5811|  154|
#  MET4 ( 4V)   |       1090|   15|
#  METTP ( 5H)  |         96|    0|
#  METTPL ( 6V) |          0|    0|
#---------------+-----------+-----+
#  Total        |      11567| 3220|
#---------------+-----------+-----+
#
# Total half perimeter of net bounding box: 12246 um.
#cpu time = 00:00:00, elapsed time = 00:00:00, memory = 2998.71 (MB), peak = 3009.21 (MB)
#
#Start post global route fixing for timing critical nets ...
#
#* Updating design timing data...
#Extracting RC...
Un-suppress "**WARN ..." messages.
#
#Start tQuantus RC extraction...
#Finish check_net_pin_list step Enter extract_rc_after_routing
#Extract in track assign mode
#Start extraction data preparation
#WARNING (NRIF-95) Option set_db route_top_routing_layer has invalid value "0". Reset to max routing layer "6".
#Start building rc corner(s)...
#Number of RC Corner = 2
#Corner rc_best /apps/DESIGN_KITS/XFAB_xh018/XKIT/xh018/cadence/v10_1/QRC_assura/v10_1_1/XH018_1143/QRC-Min/qrcTechFile 0.000000 (real) 
#Corner rc_worst /apps/DESIGN_KITS/XFAB_xh018/XKIT/xh018/cadence/v10_1/QRC_assura/v10_1_1/XH018_1143/QRC-Max/qrcTechFile 85.000000 (real) 
#(i=6, n=6 1000)
#MET1 -> MET1 (1)
#MET2 -> MET2 (2)
#MET3 -> MET3 (3)
#MET4 -> MET4 (4)
#METTP -> METTP (5)
#METTPL -> METTPL (6)
#SADV_On
# Corner(s) : 
#rc_best [ 0.00] 
#rc_worst [85.00]
# Corner id: 0
# Layout Scale: 1.000000
# Has Metal Fill model: yes
# Temperature was set
# Temperature : 0.000000
# Ref. Temp   : 27.000000
# Corner id: 1
# Layout Scale: 1.000000
# Has Metal Fill model: yes
# Temperature was set
# Temperature : 85.000000
# Ref. Temp   : 27.000000
#SADV_Off
#total pattern=56 [12, 294]
#Reading previously stored rc_model file ( rc_model.bin ) ...
#found CAPMODEL /apps/DESIGN_KITS/XFAB_xh018/XKIT/xh018/cadence/v10_1/QRC_assura/v10_1_1/XH018_1143/QRC-Min/qrcTechFile
#found CAPMODEL /apps/DESIGN_KITS/XFAB_xh018/XKIT/xh018/cadence/v10_1/QRC_assura/v10_1_1/XH018_1143/QRC-Max/qrcTechFile
#found RESMODEL /apps/DESIGN_KITS/XFAB_xh018/XKIT/xh018/cadence/v10_1/QRC_assura/v10_1_1/XH018_1143/QRC-Min/qrcTechFile 0.000000 
#found RESMODEL /apps/DESIGN_KITS/XFAB_xh018/XKIT/xh018/cadence/v10_1/QRC_assura/v10_1_1/XH018_1143/QRC-Max/qrcTechFile 85.000000 
#CCE Version read = IQuantus/TQuantus 24.1.0-s201
#number model r/c [2,2] [12,294] read
#Build RC corners: cpu time = 00:00:01, elapsed time = 00:00:01, memory = 3007.27 (MB), peak = 3009.21 (MB)
#Finish check_net_pin_list step Enter extract
#Start init net ripin tree building
#Finish init net ripin tree building
#Cpu time = 00:00:00
#Elapsed time = 00:00:00
#Increased memory = 0.00 (MB)
#Total memory = 3016.02 (MB)
#Peak memory = 3016.02 (MB)
#begin processing metal fill model file
#end processing metal fill model file
#WARNING (NRIF-95) Option set_db route_top_routing_layer has invalid value "0". Reset to max routing layer "6".
#WARNING (NRIF-95) Option set_db route_top_routing_layer has invalid value "0". Reset to max routing layer "6".
#WARNING (NRIF-95) Option set_db route_top_routing_layer has invalid value "0". Reset to max routing layer "6".
#
#Start Post Track Assignment Wire Spread.
#Done with 63 horizontal wires in 1 hboxes and 84 vertical wires in 1 hboxes.
#Complete Post Track Assignment Wire Spread.
#
#WARNING (NRIF-95) Option set_db route_top_routing_layer has invalid value "0". Reset to max routing layer "6".
#Length limit = 200 pitches
#opt mode = 2
#WARNING (EMS-27) Message (NRIF-95) has exceeded the current message display limit of 20.
#To increase the message display limit, refer to the product command reference manual.
#Finish check_net_pin_list step Fix net pin list
#Start generate extraction boxes.
#
#Extract using 30 x 30 Hboxes
#2x2 initial hboxes
#Use area based hbox pruning.
#0/0 hboxes pruned.
#Complete generating extraction boxes.
#Extract 1 hboxes with single thread on machine with  Xeon 2.60GHz 28160KB Cache 80CPU...
#Process 0 special clock nets for rc extraction
#Total 668 nets were built. 0 nodes added to break long wires. 0 net(s) have incomplete routes.
#Run Statistics for Extraction:
#   Cpu time = 00:00:00, elapsed time = 00:00:00 .
#   Increased memory =    10.36 (MB), total memory =  3027.20 (MB), peak memory =  3027.20 (MB)
#
#Scale RC for track assignment: res 1.000000; cap 1.000000; clk res 1.000000; clk cap 1.000000, xcap 1.000000
#Simplify RC tree: cpu time = 00:00:00, elapsed time = 00:00:00, memory = 3022.51 (MB), peak = 3022.51 (MB)
#RC Statistics: 1978 Res, 1248 Ground Cap, 177 XCap (Edge to Edge)
#WARNING (NREX-102) Net UNCONNECTED19 is not extracted due to Has no routing. The result of timing analysis involving such net is inaccurate.
#WARNING (NREX-102) Net UNCONNECTED20 is not extracted due to Has no routing. The result of timing analysis involving such net is inaccurate.
#WARNING (NREX-102) Net UNCONNECTED21 is not extracted due to Has no routing. The result of timing analysis involving such net is inaccurate.
#WARNING (NREX-102) Net UNCONNECTED22 is not extracted due to Has no routing. The result of timing analysis involving such net is inaccurate.
#WARNING (NREX-102) Net UNCONNECTED23 is not extracted due to Has no routing. The result of timing analysis involving such net is inaccurate.
#WARNING (NREX-102) Net UNCONNECTED24 is not extracted due to Has no routing. The result of timing analysis involving such net is inaccurate.
#WARNING (NREX-102) Net UNCONNECTED_HIER_Z17 is not extracted due to Has no routing. The result of timing analysis involving such net is inaccurate.
#WARNING (NREX-102) Net UNCONNECTED_HIER_Z18 is not extracted due to Has no routing. The result of timing analysis involving such net is inaccurate.
#WARNING (NREX-102) Net UNCONNECTED_HIER_Z19 is not extracted due to Has no routing. The result of timing analysis involving such net is inaccurate.
#WARNING (NREX-102) Net UNCONNECTED_HIER_Z20 is not extracted due to Has no routing. The result of timing analysis involving such net is inaccurate.
#WARNING (NREX-102) Net UNCONNECTED_HIER_Z21 is not extracted due to Has no routing. The result of timing analysis involving such net is inaccurate.
#WARNING (NREX-102) Net UNCONNECTED_HIER_Z22 is not extracted due to Has no routing. The result of timing analysis involving such net is inaccurate.
#WARNING (NREX-102) Net UNCONNECTED_HIER_Z23 is not extracted due to Has no routing. The result of timing analysis involving such net is inaccurate.
#WARNING (NREX-102) Net UNCONNECTED_HIER_Z24 is not extracted due to Has no routing. The result of timing analysis involving such net is inaccurate.
#WARNING (NREX-102) Net UNCONNECTED_HIER_Z25 is not extracted due to Has no routing. The result of timing analysis involving such net is inaccurate.
#WARNING (NREX-102) Net UNCONNECTED_HIER_Z26 is not extracted due to Has no routing. The result of timing analysis involving such net is inaccurate.
#WARNING (NREX-102) Net UNCONNECTED_HIER_Z27 is not extracted due to Has no routing. The result of timing analysis involving such net is inaccurate.
#WARNING (NREX-102) Net UNCONNECTED_HIER_Z28 is not extracted due to Has no routing. The result of timing analysis involving such net is inaccurate.
#WARNING (NREX-102) Net UNCONNECTED_HIER_Z29 is not extracted due to Has no routing. The result of timing analysis involving such net is inaccurate.
#WARNING (NREX-102) Net UNCONNECTED_HIER_Z30 is not extracted due to Has no routing. The result of timing analysis involving such net is inaccurate.
#WARNING (EMS-27) Message (NREX-102) has exceeded the current message display limit of 20.
#To increase the message display limit, refer to the product command reference manual.
#RC V/H edge ratio: 0.43, Avg V/H Edge Length: 2392.70 (1313), Avg L-Edge Length: 12205.38 (340)
#Register nets and terms for rcdb /home/edu4chip_18/project_calendar/work/innovus_temp_3435128_b12acddd-786a-4b77-b4e7-160af6b8cafd_tallinn.emse.fr_edu4chip_18_DH9k1p/nr0_3435128_b12acddd-786a-4b77-b4e7-160af6b8cafdAs4OTZ.rcdb.d
#Finish registering nets and terms for rcdb.
#Start writing RC data.
#Finish writing RC data
#Finish writing rcdb with 3272 nodes, 2604 edges, and 430 xcaps
#0 inserted nodes are removed
#Restored 0 tie nets, 0 tie snets, 0 partial nets
#Remove Post Track Assignment Wire Spread
Restoring parasitic data from file '/home/edu4chip_18/project_calendar/work/innovus_temp_3435128_b12acddd-786a-4b77-b4e7-160af6b8cafd_tallinn.emse.fr_edu4chip_18_DH9k1p/nr0_3435128_b12acddd-786a-4b77-b4e7-160af6b8cafdAs4OTZ.rcdb.d' ...
Reading RCDB with compressed RC data.
Reading RCDB with compressed RC data.
Begin read_parasitics... (cpu: 0:00:00.0 real: 0:00:00.0 mem: 3025.527M)
Following multi-corner parasitics specified:
	/home/edu4chip_18/project_calendar/work/innovus_temp_3435128_b12acddd-786a-4b77-b4e7-160af6b8cafd_tallinn.emse.fr_edu4chip_18_DH9k1p/nr0_3435128_b12acddd-786a-4b77-b4e7-160af6b8cafdAs4OTZ.rcdb.d (rcdb)
Reading RCDB with compressed RC data.
		Cell top has rcdb /home/edu4chip_18/project_calendar/work/innovus_temp_3435128_b12acddd-786a-4b77-b4e7-160af6b8cafd_tallinn.emse.fr_edu4chip_18_DH9k1p/nr0_3435128_b12acddd-786a-4b77-b4e7-160af6b8cafdAs4OTZ.rcdb.d specified
Cell top, hinst 
Reading RCDB with compressed RC data.
Done read_parasitics... (cpu: 0:00:00.1 real: 0:00:01.0 mem: 3027.020M)
#
#Restore RCDB.
#Remove Post Track Assignment Wire Spread
#
#Complete tQuantus RC extraction.
#Cpu time = 00:00:03
#Elapsed time = 00:00:03
#Increased memory = 27.06 (MB)
#Total memory = 3025.84 (MB)
#Peak memory = 3031.20 (MB)
#
Un-suppress "**WARN ..." messages.
#RC Extraction Completed...
AAE_INFO: switching set_db delaycal_enable_si from false to true ...
AAE_INFO: The setting is changed from false to true in set_db delaycal_enable_si
#Reporting timing...
###############################################################
#  Generated by:      Cadence Innovus 25.10-p002_1
#  OS:                Linux x86_64(Host ID tallinn.emse.fr)
#  Generated on:      Thu Aug 20 17:48:40 2026
#  Design:            top
#  Command:           route_design
###############################################################
#Normalized TNS: 0.000 -> -nan, r2r 0.000 -> -nan, unit 1000.000, clk period 0.000 (ns)
#Stage 1: cpu time = 00:00:03, elapsed time = 00:00:03, memory = 3038.52 (MB), peak = 3045.06 (MB)
#Library Standard Delay: 117.70ps
#Slack threshold: 0.00ps
#*** Analyzed 0 timing critical paths, and collected 0.
#Stage 2: cpu time = 00:00:00, elapsed time = 00:00:00, memory = 3038.52 (MB), peak = 3045.06 (MB)
#Stage 3: cpu time = 00:00:00, elapsed time = 00:00:00, memory = 3039.18 (MB), peak = 3045.06 (MB)
Worst slack reported in the design = 9999999562023526247432192.000000 (early)

*** writeDesignTiming (0:00:00.1) ***
#Stage 4: cpu time = 00:00:00, elapsed time = 00:00:00, memory = 3039.60 (MB), peak = 3045.06 (MB)
Un-suppress "**WARN ..." messages.
#Number of victim nets: 0
#Number of aggressor nets: 0
#Number of weak nets: 0
#Number of critical nets: 0
#	level 1 [   0.0, -1000.0]: 0 nets
#	level 2 [   0.0, -1000.0]: 0 nets
#	level 3 [   0.0, -1000.0]: 0 nets
#Total number of nets: 668
#Total number of significant detoured timing critical nets is 0
#Total number of selected detoured timing critical nets is 0
#
#----------------------------------------------------
# Summary of active signal nets routing constraints
#+--------------------------+-----------+
#+--------------------------+-----------+
#
#----------------------------------------------------
**WARN: (IMPCTE-104):	The constraint mode of this inactive view 'analysis_normal_typ' has been modified and may need to be reanalyzed to ensure proper timing results. To reanalyze timing for this view make the view active using 'set_analysis_view' and run timing analysis.
Type 'man IMPCTE-104' for more detail.
Current (total cpu=0:03:05, real=0:05:25, peak res=3045.1M, current mem=2979.5M)
top
Ending "Constraint file reading stats" (total cpu=0:00:00.1, real=0:00:00.0, peak res=2980.1M, current mem=2980.1M)
------------------------------------------------------------------------------------
CONSTRAINT READING SUMMARY                                                          
------------------------------------------------------------------------------------
Constraint                                        | Success        | Fail           
------------------------------------------------------------------------------------
get_ports                                         | 2              | 0              
set_load                                          | 2              | 0              
set_units                                         | 1              | 0              
current_design                                    | 1              | 0              
------------------------------------------------------------------------------------
Current (total cpu=0:03:05, real=0:05:25, peak res=3045.1M, current mem=2980.1M)
#cpu time = 00:00:00, elapsed time = 00:00:00, memory = 2988.80 (MB), peak = 3045.06 (MB)
#* Importing design timing data...
#Number of victim nets: 0
#Number of aggressor nets: 0
#Number of weak nets: 0
#Number of critical nets: 0
#	level 1 [   0.0, -1000.0]: 0 nets
#	level 2 [   0.0, -1000.0]: 0 nets
#	level 3 [   0.0, -1000.0]: 0 nets
#Total number of nets: 668
#
#timing driven effort level: 3
#Start Track Assignment With Timing Driven.
#Done with 4 horizontal wires in 1 hboxes and 8 vertical wires in 1 hboxes.
#Done with 0 horizontal wires in 1 hboxes and 6 vertical wires in 1 hboxes.
#Done with 1 horizontal wires in 1 hboxes and 1 vertical wires in 1 hboxes.
#
#Track assignment summary:
# layer   (wire length)   (overlap)     (long ovlp)	(with obs/pg/clk)  
#------------------------------------------------------------------------
# MET1          88.64 	  0.00%  	  0.00% 	  0.00%
# MET2        4583.60 	  0.07%  	  0.00% 	  0.00%
# MET3        5953.38 	  0.07%  	  0.00% 	  0.00%
# MET4        1111.60 	  0.00%  	  0.00% 	  0.00%
# METTP         99.84 	  0.00%  	  0.00% 	  0.00%
# METTPL         0.00 	  0.00%  	  0.00% 	  0.00%
#------------------------------------------------------------------------
# All       11837.06  	  0.06% 	  0.00% 	  0.00%
#Complete Track Assignment With Timing Driven.
#
#  Routing Statistics
#
#---------------+-----------+-----+
#  Layer        | Length(um)| Vias|
#---------------+-----------+-----+
#  POLY1 ( 0H)  |          0|    0|
#  MET1 ( 1H)   |         87| 1932|
#  MET2 ( 2V)   |       4483| 1119|
#  MET3 ( 3H)   |       5820|  154|
#  MET4 ( 4V)   |       1091|   15|
#  METTP ( 5H)  |         96|    0|
#  METTPL ( 6V) |          0|    0|
#---------------+-----------+-----+
#  Total        |      11577| 3220|
#---------------+-----------+-----+
#
# Total half perimeter of net bounding box: 12246 um.
#cpu time = 00:00:00, elapsed time = 00:00:00, memory = 2990.40 (MB), peak = 3045.06 (MB)
#
#Routing data preparation, pin analysis, global routing and track assignment statistics:
#Cpu time = 00:00:21
#Elapsed time = 00:00:22
#Increased memory = 25.64 (MB)
#Total memory = 2990.40 (MB)
#Peak memory = 3045.06 (MB)
#Start reading timing information from file .timing_file_3435128_b12acddd-786a-4b77-b4e7-160af6b8cafd.tif.gz ...
#WARNING (NRDB-194) 
#No setup time constraints read in
#Read in timing information for 4 ports, 577 instances from timing file .timing_file_3435128_b12acddd-786a-4b77-b4e7-160af6b8cafd.tif.gz.
#
#Start Detail Routing..
#start initial detail routing ...
#   number of violations = 1
#
#  By Layer and Type:
#
#---------+-------+-------+
#  -      | MetSpc| Totals|
#---------+-------+-------+
#  MET1   |      1|      1|
#  Totals |      1|      1|
#---------+-------+-------+
#
#cpu time = 00:00:06, elapsed time = 00:00:06, memory = 3000.59 (MB), peak = 3047.06 (MB)
#start 1st optimization iteration ...
#   number of violations = 0
#cpu time = 00:00:00, elapsed time = 00:00:00, memory = 3001.72 (MB), peak = 3047.06 (MB)
#Complete Detail Routing.
#
#  Routing Statistics
#
#---------------+-----------+-----+
#  Layer        | Length(um)| Vias|
#---------------+-----------+-----+
#  POLY1 ( 0H)  |          0|    0|
#  MET1 ( 1H)   |        528| 2002|
#  MET2 ( 2V)   |       5863| 1371|
#  MET3 ( 3H)   |       6071|  150|
#  MET4 ( 4V)   |       1008|    0|
#  METTP ( 5H)  |          0|    0|
#  METTPL ( 6V) |          0|    0|
#---------------+-----------+-----+
#  Total        |      13470| 3523|
#---------------+-----------+-----+
#
# Total half perimeter of net bounding box: 12246 um.
#Total number of DRC violations = 0
#Cpu time = 00:00:06
#Elapsed time = 00:00:06
#Increased memory = 11.32 (MB)
#Total memory = 3001.72 (MB)
#Peak memory = 3047.06 (MB)
#
#start routing for process antenna violation fix ...
#cpu time = 00:00:00, elapsed time = 00:00:00, memory = 3001.72 (MB), peak = 3047.06 (MB)
#
#
#  Routing Statistics
#
#---------------+-----------+-----+
#  Layer        | Length(um)| Vias|
#---------------+-----------+-----+
#  POLY1 ( 0H)  |          0|    0|
#  MET1 ( 1H)   |        528| 2002|
#  MET2 ( 2V)   |       5863| 1371|
#  MET3 ( 3H)   |       6071|  150|
#  MET4 ( 4V)   |       1008|    0|
#  METTP ( 5H)  |          0|    0|
#  METTPL ( 6V) |          0|    0|
#---------------+-----------+-----+
#  Total        |      13470| 3523|
#---------------+-----------+-----+
#
# Total half perimeter of net bounding box: 12246 um.
#Total number of DRC violations = 0
#Total number of process antenna violations = 0
#Total number of net violated process antenna rule = 0
#
#
#
#  Routing Statistics
#
#---------------+-----------+-----+
#  Layer        | Length(um)| Vias|
#---------------+-----------+-----+
#  POLY1 ( 0H)  |          0|    0|
#  MET1 ( 1H)   |        528| 2002|
#  MET2 ( 2V)   |       5863| 1371|
#  MET3 ( 3H)   |       6071|  150|
#  MET4 ( 4V)   |       1008|    0|
#  METTP ( 5H)  |          0|    0|
#  METTPL ( 6V) |          0|    0|
#---------------+-----------+-----+
#  Total        |      13470| 3523|
#---------------+-----------+-----+
#
# Total half perimeter of net bounding box: 12246 um.
#Total number of DRC violations = 0
#Total number of process antenna violations = 0
#Total number of net violated process antenna rule = 0
#
#
#Start Post Route via swapping...
#99.75% of area are rerouted by ECO routing.
#   number of violations = 0
#cpu time = 00:00:01, elapsed time = 00:00:01, memory = 3006.27 (MB), peak = 3047.06 (MB)
#CELL_VIEW top,init has no DRC violation.
#Total number of DRC violations = 0
#Total number of process antenna violations = 0
#Total number of net violated process antenna rule = 0
#Post Route via swapping is done.
#
#  Routing Statistics
#
#---------------+-----------+-----+---------------------+---------------------+
#  Layer        | Length(um)| Vias|           Single-cut|            Multi-cut|
#---------------+-----------+-----+---------------------+---------------------+
#  POLY1 ( 0H)  |          0|    0|          0  (  0.0%)|          0  (  0.0%)|
#  MET1 ( 1H)   |        528| 2002|        276  ( 13.8%)|       1726  ( 86.2%)|
#  MET2 ( 2V)   |       5863| 1371|         17  (  1.2%)|       1354  ( 98.8%)|
#  MET3 ( 3H)   |       6071|  150|          0  (  0.0%)|        150  (100.0%)|
#  MET4 ( 4V)   |       1008|    0|          0  (  0.0%)|          0  (  0.0%)|
#  METTP ( 5H)  |          0|    0|          0  (  0.0%)|          0  (  0.0%)|
#  METTPL ( 6V) |          0|    0|          0  (  0.0%)|          0  (  0.0%)|
#---------------+-----------+-----+---------------------+---------------------+
#  Total        |      13470| 3523|        293  (  8.3%)|       3230  ( 91.7%)|
#---------------+-----------+-----+---------------------+---------------------+
#
# Total half perimeter of net bounding box: 12246 um.
#
#Start Post Route wire spreading..
#
#Start DRC checking..
#   number of violations = 0
#cpu time = 00:00:01, elapsed time = 00:00:01, memory = 3005.82 (MB), peak = 3047.06 (MB)
#CELL_VIEW top,init has no DRC violation.
#Total number of DRC violations = 0
#Total number of process antenna violations = 0
#Total number of net violated process antenna rule = 0
#
#Start data preparation for wire spreading...
#
#Data preparation is done on Thu Aug 20 17:48:51 2026
#
#
#Start Post Route Wire Spread.
#Done with 32 horizontal wires in 1 hboxes and 42 vertical wires in 1 hboxes.
#Complete Post Route Wire Spread.
#
#
#  Routing Statistics
#
#---------------+-----------+-----+---------------------+---------------------+
#  Layer        | Length(um)| Vias|           Single-cut|            Multi-cut|
#---------------+-----------+-----+---------------------+---------------------+
#  POLY1 ( 0H)  |          0|    0|          0  (  0.0%)|          0  (  0.0%)|
#  MET1 ( 1H)   |        533| 2002|        276  ( 13.8%)|       1726  ( 86.2%)|
#  MET2 ( 2V)   |       5873| 1371|         17  (  1.2%)|       1354  ( 98.8%)|
#  MET3 ( 3H)   |       6089|  150|          0  (  0.0%)|        150  (100.0%)|
#  MET4 ( 4V)   |       1041|    0|          0  (  0.0%)|          0  (  0.0%)|
#  METTP ( 5H)  |          0|    0|          0  (  0.0%)|          0  (  0.0%)|
#  METTPL ( 6V) |          0|    0|          0  (  0.0%)|          0  (  0.0%)|
#---------------+-----------+-----+---------------------+---------------------+
#  Total        |      13537| 3523|        293  (  8.3%)|       3230  ( 91.7%)|
#---------------+-----------+-----+---------------------+---------------------+
#
# Total half perimeter of net bounding box: 12246 um.
#
#Start DRC checking..
#   number of violations = 0
#cpu time = 00:00:01, elapsed time = 00:00:01, memory = 3005.96 (MB), peak = 3047.06 (MB)
#CELL_VIEW top,init has no DRC violation.
#Total number of DRC violations = 0
#Total number of process antenna violations = 0
#Total number of net violated process antenna rule = 0
#   number of violations = 0
#cpu time = 00:00:01, elapsed time = 00:00:01, memory = 3004.97 (MB), peak = 3047.06 (MB)
#CELL_VIEW top,init has no DRC violation.
#Total number of DRC violations = 0
#Total number of process antenna violations = 0
#Total number of net violated process antenna rule = 0
#Post Route wire spread is done.
#
#  Routing Statistics
#
#---------------+-----------+-----+---------------------+---------------------+
#  Layer        | Length(um)| Vias|           Single-cut|            Multi-cut|
#---------------+-----------+-----+---------------------+---------------------+
#  POLY1 ( 0H)  |          0|    0|          0  (  0.0%)|          0  (  0.0%)|
#  MET1 ( 1H)   |        533| 2002|        276  ( 13.8%)|       1726  ( 86.2%)|
#  MET2 ( 2V)   |       5873| 1371|         17  (  1.2%)|       1354  ( 98.8%)|
#  MET3 ( 3H)   |       6089|  150|          0  (  0.0%)|        150  (100.0%)|
#  MET4 ( 4V)   |       1041|    0|          0  (  0.0%)|          0  (  0.0%)|
#  METTP ( 5H)  |          0|    0|          0  (  0.0%)|          0  (  0.0%)|
#  METTPL ( 6V) |          0|    0|          0  (  0.0%)|          0  (  0.0%)|
#---------------+-----------+-----+---------------------+---------------------+
#  Total        |      13537| 3523|        293  (  8.3%)|       3230  ( 91.7%)|
#---------------+-----------+-----+---------------------+---------------------+
#
# Total half perimeter of net bounding box: 12246 um.
#route_detail Statistics:
#Cpu time = 00:00:10
#Elapsed time = 00:00:10
#Increased memory = 12.63 (MB)
#Total memory = 3003.03 (MB)
#Peak memory = 3047.06 (MB)
Extracting standard cell pins and blockage ...... 
Pin and blockage extraction finished
#
#route_global_detail statistics:
#Cpu time = 00:00:35
#Elapsed time = 00:00:36
#Increased memory = 44.07 (MB)
#Total memory = 2994.52 (MB)
#Peak memory = 3047.06 (MB)
#Number of warnings = 45
#Total number of warnings = 51
#Number of fails = 0
#Total number of fails = 0
#Complete route_global_detail on Thu Aug 20 17:48:52 2026
#
#Default setup view is reset to analysis_normal_slow_max.
#Default setup view is reset to analysis_normal_slow_max.
AAE_INFO: Post Route call back at the end of routeDesign
#route_design: cpu time = 00:00:36, elapsed time = 00:00:36, memory = 2975.97 (MB), peak = 3047.06 (MB)
#
#  Scalability Statistics
#
#----------------------------+---------+-------------+------------+
#  route_design              | cpu time| elapsed time| scalability|
#----------------------------+---------+-------------+------------+
#  Pre Callback              | 00:00:00|     00:00:00|         1.0|
#  Post Callback             | 00:00:00|     00:00:00|         1.0|
#  Timing Data Generation    | 00:00:12|     00:00:12|         1.0|
#  DB Import                 | 00:00:00|     00:00:00|         1.0|
#  DB Export                 | 00:00:00|     00:00:00|         1.0|
#  Cell Pin Access           | 00:00:02|     00:00:02|         1.0|
#  Data Preparation          | 00:00:10|     00:00:10|         1.0|
#  Global Routing            | 00:00:00|     00:00:00|         1.0|
#  Track Assignment          | 00:00:00|     00:00:00|         1.0|
#  Detail Routing            | 00:00:06|     00:00:06|         1.0|
#  Antenna Fixing            | 00:00:00|     00:00:00|         1.0|
#  Post Route Via Swapping   | 00:00:01|     00:00:02|         1.0|
#  Post Route Wire Spreading | 00:00:01|     00:00:02|         1.0|
#  Entire Command            | 00:00:36|     00:00:36|         1.0|
#----------------------------+---------+-------------+------------+
#
#% End route_design (date=08/20 17:48:53, total cpu=0:00:35.7, real=0:00:37.0, peak res=3047.1M, current mem=2976.0M)
@@file 3: check_drc
#-check_same_via_cell true               # bool, default=false, user setting
 *** Starting Verify DRC (MEM: 2976.0) ***

  VERIFY DRC ...... Starting Verification
  VERIFY DRC ...... Initializing
  VERIFY DRC ...... Deleting Existing Violations
  VERIFY DRC ...... Creating Sub-Areas
  VERIFY DRC ...... Using new threading

  Verification Complete : 0 Viols.

 *** End Verify DRC (CPU TIME: 0:00:00.3  ELAPSED TIME: 0:00:02.0  MEM: 4.8M) ***

@file 4:
@file 5: #------------------------------------ [21] - Extract RC post route
@@file 6: set_db extract_rc_engine post_route
@@file 7: extract_rc
#WARNING (NRIF-95) Option set_db route_top_routing_layer has invalid value "0". Reset to max routing layer "6".
#Extract in post route mode
#Finish check_net_pin_list step Enter extract_rc_in_nr_cmd
#Fast data preparation for tQuantus.
#WARNING (NRIF-95) Option set_db route_top_routing_layer has invalid value "0". Reset to max routing layer "6".
#Start routing data preparation on Thu Aug 20 17:48:55 2026
#
#WARNING (NRIF-95) Option set_db route_top_routing_layer has invalid value "0". Reset to max routing layer "6".
#WARNING (NRIF-95) Option set_db route_top_routing_layer has invalid value "0". Reset to max routing layer "6".
# MET1         H   Track-Pitch = 0.5600    Line-2-Via Pitch = 0.4850
# MET2         V   Track-Pitch = 0.5600    Line-2-Via Pitch = 0.5600
# MET3         H   Track-Pitch = 0.5600    Line-2-Via Pitch = 0.5600
# MET4         V   Track-Pitch = 0.5600    Line-2-Via Pitch = 0.5600
# METTP        H   Track-Pitch = 1.1200    Line-2-Via Pitch = 0.9500
# METTPL       V   Track-Pitch = 5.6000    Line-2-Via Pitch = 5.5000
#Regenerating Ggrids automatically.
#Auto generating G-grids with size=15 tracks, using layer MET3's pitch = 0.5600.
#Using automatically generated G-grids.
#Done routing data preparation.
#cpu time = 00:00:00, elapsed time = 00:00:00, memory = 2977.24 (MB), peak = 3047.06 (MB)
#WARNING (NRIF-95) Option set_db route_top_routing_layer has invalid value "0". Reset to max routing layer "6".
#Start routing data preparation on Thu Aug 20 17:48:55 2026
#
#WARNING (NRIF-95) Option set_db route_top_routing_layer has invalid value "0". Reset to max routing layer "6".
#WARNING (NRIF-95) Option set_db route_top_routing_layer has invalid value "0". Reset to max routing layer "6".
#Bottom routing layer index=1(MET1), bottom routing layer for shielding=1(MET1), bottom shield layer=1(MET1)
#shield_bottom_stripe_layer=1(MET1), shield_top_stripe_layer=6(METTPL)
#pin_access_rlayer=2(MET2)
#shield_top_dpt_rlayer=-1 top_rlayer=6 top_trim_metal_rlayer=-1 rlayer_lowest=1 bottom_rlayer=1
#enable_trim_layer_shield=F enable_dpt_layer_shield=F has_line_end_grid=F
#enable_dpt_layer_shield=F
#has_line_end_grid=F
#Regenerating Ggrids automatically.
#Auto generating G-grids with size=15 tracks, using layer MET3's pitch = 0.5600.
#Using automatically generated G-grids.
#Done routing data preparation.
#cpu time = 00:00:09, elapsed time = 00:00:09, memory = 2991.39 (MB), peak = 3047.06 (MB)
#
#Start tQuantus RC extraction...
#Start building rc corner(s)...
#Number of RC Corner = 2
#Corner rc_best /apps/DESIGN_KITS/XFAB_xh018/XKIT/xh018/cadence/v10_1/QRC_assura/v10_1_1/XH018_1143/QRC-Min/qrcTechFile 0.000000 (real) 
#Corner rc_worst /apps/DESIGN_KITS/XFAB_xh018/XKIT/xh018/cadence/v10_1/QRC_assura/v10_1_1/XH018_1143/QRC-Max/qrcTechFile 85.000000 (real) 
#(i=6, n=6 1000)
#MET1 -> MET1 (1)
#MET2 -> MET2 (2)
#MET3 -> MET3 (3)
#MET4 -> MET4 (4)
#METTP -> METTP (5)
#METTPL -> METTPL (6)
#SADV-On
# Corner(s) : 
#rc_best [ 0.00] 
#rc_worst [85.00]
# Corner id: 0
# Layout Scale: 1.000000
# Has Metal Fill model: yes
# Temperature was set
# Temperature : 0.000000
# Ref. Temp   : 27.000000
# Corner id: 1
# Layout Scale: 1.000000
# Has Metal Fill model: yes
# Temperature was set
# Temperature : 85.000000
# Ref. Temp   : 27.000000
#SADV-Off
#total pattern=56 [12, 294]
#Reading previously stored rc_model file ( rc_model.bin ) ...
#found CAPMODEL /apps/DESIGN_KITS/XFAB_xh018/XKIT/xh018/cadence/v10_1/QRC_assura/v10_1_1/XH018_1143/QRC-Min/qrcTechFile
#found CAPMODEL /apps/DESIGN_KITS/XFAB_xh018/XKIT/xh018/cadence/v10_1/QRC_assura/v10_1_1/XH018_1143/QRC-Max/qrcTechFile
#found RESMODEL /apps/DESIGN_KITS/XFAB_xh018/XKIT/xh018/cadence/v10_1/QRC_assura/v10_1_1/XH018_1143/QRC-Min/qrcTechFile 0.000000 
#found RESMODEL /apps/DESIGN_KITS/XFAB_xh018/XKIT/xh018/cadence/v10_1/QRC_assura/v10_1_1/XH018_1143/QRC-Max/qrcTechFile 85.000000 
#CCE Version read = IQuantus/TQuantus 24.1.0-s201
#number model r/c [2,2] [12,294] read
#0 rcmodel(s) requires rebuild
#Build RC corners: cpu time = 00:00:01, elapsed time = 00:00:01, memory = 2994.05 (MB), peak = 3047.06 (MB)
#Start building rc corner(s)...
#Number of RC Corner = 2
#Corner rc_best /apps/DESIGN_KITS/XFAB_xh018/XKIT/xh018/cadence/v10_1/QRC_assura/v10_1_1/XH018_1143/QRC-Min/qrcTechFile 0.000000 (real) 
#Corner rc_worst /apps/DESIGN_KITS/XFAB_xh018/XKIT/xh018/cadence/v10_1/QRC_assura/v10_1_1/XH018_1143/QRC-Max/qrcTechFile 85.000000 (real) 
#(i=6, n=6 1000)
#MET1 -> MET1 (1)
#MET2 -> MET2 (2)
#MET3 -> MET3 (3)
#MET4 -> MET4 (4)
#METTP -> METTP (5)
#METTPL -> METTPL (6)
#SADV-On
# Corner(s) : 
#rc_best [ 0.00] 
#rc_worst [85.00]
# Corner id: 0
# Layout Scale: 1.000000
# Has Metal Fill model: yes
# Temperature was set
# Temperature : 0.000000
# Ref. Temp   : 27.000000
# Corner id: 1
# Layout Scale: 1.000000
# Has Metal Fill model: yes
# Temperature was set
# Temperature : 85.000000
# Ref. Temp   : 27.000000
#SADV-Off
#total pattern=56 [12, 294]
#Reading previously stored rc_model file ( rc_model.bin ) ...
#found CAPMODEL /apps/DESIGN_KITS/XFAB_xh018/XKIT/xh018/cadence/v10_1/QRC_assura/v10_1_1/XH018_1143/QRC-Min/qrcTechFile
#found CAPMODEL /apps/DESIGN_KITS/XFAB_xh018/XKIT/xh018/cadence/v10_1/QRC_assura/v10_1_1/XH018_1143/QRC-Max/qrcTechFile
#found RESMODEL /apps/DESIGN_KITS/XFAB_xh018/XKIT/xh018/cadence/v10_1/QRC_assura/v10_1_1/XH018_1143/QRC-Min/qrcTechFile 0.000000 
#found RESMODEL /apps/DESIGN_KITS/XFAB_xh018/XKIT/xh018/cadence/v10_1/QRC_assura/v10_1_1/XH018_1143/QRC-Max/qrcTechFile 85.000000 
#CCE Version read = IQuantus/TQuantus 24.1.0-s201
#number model r/c [2,2] [12,294] read
#0 rcmodel(s) requires rebuild
#Build RC corners: cpu time = 00:00:01, elapsed time = 00:00:01, memory = 2994.05 (MB), peak = 3047.06 (MB)
#Finish check_net_pin_list step Enter extract
#Start init net ripin tree building
#Finish init net ripin tree building
#Cpu time = 00:00:00
#Elapsed time = 00:00:00
#Increased memory = 0.00 (MB)
#Total memory = 2994.05 (MB)
#Peak memory = 3047.06 (MB)
#begin processing metal fill model file
#end processing metal fill model file
#WARNING (NRIF-95) Option set_db route_top_routing_layer has invalid value "0". Reset to max routing layer "6".
#Length limit = 200 pitches
#opt mode = 2
#Finish check_net_pin_list step Fix net pin list
#Start generate extraction boxes.
#
#Extract using 30 x 30 Hboxes
#2x2 initial hboxes
#Use area based hbox pruning.
#0/0 hboxes pruned.
#Complete generating extraction boxes.
#Extract 1 hboxes with single thread on machine with  Xeon 2.60GHz 28160KB Cache 80CPU...
#Process 0 special clock nets for rc extraction
#Total 668 nets were built. 0 nodes added to break long wires. 0 net(s) have incomplete routes.
#Run Statistics for Extraction:
#   Cpu time = 00:00:00, elapsed time = 00:00:00 .
#   Increased memory =    10.00 (MB), total memory =  3004.05 (MB), peak memory =  3047.06 (MB)
#Register nets and terms for rcdb /home/edu4chip_18/project_calendar/work/innovus_temp_3435128_b12acddd-786a-4b77-b4e7-160af6b8cafd_tallinn.emse.fr_edu4chip_18_DH9k1p/nr0_3435128_b12acddd-786a-4b77-b4e7-160af6b8cafdPbpJte.rcdb.d
#Finish registering nets and terms for rcdb.
#Simplify RC tree: cpu time = 00:00:00, elapsed time = 00:00:00, memory = 3006.56 (MB), peak = 3047.06 (MB)
#WARNING (NRIF-95) Option set_db route_top_routing_layer has invalid value "0". Reset to max routing layer "6".
#RC Statistics: 2717 Res, 1389 Ground Cap, 165 XCap (Edge to Edge)
#WARNING (NREX-102) Net UNCONNECTED19 is not extracted due to Has no routing. The result of timing analysis involving such net is inaccurate.
#WARNING (NREX-102) Net UNCONNECTED20 is not extracted due to Has no routing. The result of timing analysis involving such net is inaccurate.
#WARNING (NREX-102) Net UNCONNECTED21 is not extracted due to Has no routing. The result of timing analysis involving such net is inaccurate.
#WARNING (NREX-102) Net UNCONNECTED22 is not extracted due to Has no routing. The result of timing analysis involving such net is inaccurate.
#WARNING (NREX-102) Net UNCONNECTED23 is not extracted due to Has no routing. The result of timing analysis involving such net is inaccurate.
#WARNING (NREX-102) Net UNCONNECTED24 is not extracted due to Has no routing. The result of timing analysis involving such net is inaccurate.
#WARNING (NREX-102) Net UNCONNECTED_HIER_Z17 is not extracted due to Has no routing. The result of timing analysis involving such net is inaccurate.
#WARNING (NREX-102) Net UNCONNECTED_HIER_Z18 is not extracted due to Has no routing. The result of timing analysis involving such net is inaccurate.
#WARNING (NREX-102) Net UNCONNECTED_HIER_Z19 is not extracted due to Has no routing. The result of timing analysis involving such net is inaccurate.
#WARNING (NREX-102) Net UNCONNECTED_HIER_Z20 is not extracted due to Has no routing. The result of timing analysis involving such net is inaccurate.
#WARNING (NREX-102) Net UNCONNECTED_HIER_Z21 is not extracted due to Has no routing. The result of timing analysis involving such net is inaccurate.
#WARNING (NREX-102) Net UNCONNECTED_HIER_Z22 is not extracted due to Has no routing. The result of timing analysis involving such net is inaccurate.
#WARNING (NREX-102) Net UNCONNECTED_HIER_Z23 is not extracted due to Has no routing. The result of timing analysis involving such net is inaccurate.
#WARNING (NREX-102) Net UNCONNECTED_HIER_Z24 is not extracted due to Has no routing. The result of timing analysis involving such net is inaccurate.
#WARNING (NREX-102) Net UNCONNECTED_HIER_Z25 is not extracted due to Has no routing. The result of timing analysis involving such net is inaccurate.
#WARNING (NREX-102) Net UNCONNECTED_HIER_Z26 is not extracted due to Has no routing. The result of timing analysis involving such net is inaccurate.
#WARNING (NREX-102) Net UNCONNECTED_HIER_Z27 is not extracted due to Has no routing. The result of timing analysis involving such net is inaccurate.
#WARNING (NREX-102) Net UNCONNECTED_HIER_Z28 is not extracted due to Has no routing. The result of timing analysis involving such net is inaccurate.
#WARNING (NREX-102) Net UNCONNECTED_HIER_Z29 is not extracted due to Has no routing. The result of timing analysis involving such net is inaccurate.
#WARNING (NREX-102) Net UNCONNECTED_HIER_Z30 is not extracted due to Has no routing. The result of timing analysis involving such net is inaccurate.
#WARNING (EMS-27) Message (NREX-102) has exceeded the current message display limit of 20.
#To increase the message display limit, refer to the product command reference manual.
#RC V/H edge ratio: 0.30, Avg V/H Edge Length: 2073.86 (1391), Avg L-Edge Length: 8231.87 (832)
#Nets and terms are pre-registered for rcdb /home/edu4chip_18/project_calendar/work/innovus_temp_3435128_b12acddd-786a-4b77-b4e7-160af6b8cafd_tallinn.emse.fr_edu4chip_18_DH9k1p/nr0_3435128_b12acddd-786a-4b77-b4e7-160af6b8cafdPbpJte.rcdb.d.
#Start writing RC data.
#Finish writing RC data
#Finish writing rcdb with 3413 nodes, 2745 edges, and 366 xcaps
#cpu time = 00:00:00, elapsed time = 00:00:00, memory = 3002.38 (MB), peak = 3047.06 (MB)
Restoring parasitic data from file '/home/edu4chip_18/project_calendar/work/innovus_temp_3435128_b12acddd-786a-4b77-b4e7-160af6b8cafd_tallinn.emse.fr_edu4chip_18_DH9k1p/nr0_3435128_b12acddd-786a-4b77-b4e7-160af6b8cafdPbpJte.rcdb.d' ...
Reading RCDB with compressed RC data.
Reading RCDB with compressed RC data.
Begin read_parasitics... (cpu: 0:00:00.0 real: 0:00:00.0 mem: 3002.395M)
Following multi-corner parasitics specified:
	/home/edu4chip_18/project_calendar/work/innovus_temp_3435128_b12acddd-786a-4b77-b4e7-160af6b8cafd_tallinn.emse.fr_edu4chip_18_DH9k1p/nr0_3435128_b12acddd-786a-4b77-b4e7-160af6b8cafdPbpJte.rcdb.d (rcdb)
Reading RCDB with compressed RC data.
		Cell top has rcdb /home/edu4chip_18/project_calendar/work/innovus_temp_3435128_b12acddd-786a-4b77-b4e7-160af6b8cafd_tallinn.emse.fr_edu4chip_18_DH9k1p/nr0_3435128_b12acddd-786a-4b77-b4e7-160af6b8cafdPbpJte.rcdb.d specified
Cell top, hinst 
Reading RCDB with compressed RC data.
Done read_parasitics... (cpu: 0:00:00.1 real: 0:00:00.0 mem: 3003.059M)
#
#Restore RCDB.
#
#Complete tQuantus RC extraction.
#Cpu time = 00:00:02
#Elapsed time = 00:00:02
#Increased memory = 11.41 (MB)
#Total memory = 3002.80 (MB)
#Peak memory = 3047.06 (MB)
#
#0 inserted nodes are removed
#Restored 0 tie nets, 0 tie snets, 0 partial nets
#Start Design Signature (0)
#Finish Inst Signature in MT(19966640)
#Finish Net Signature in MT(26525068)
#Finish SNet Signature in MT (30255615)
#Run time and memory report for RC extraction:
#RC extraction running on  Xeon 2.60GHz 28160KB Cache 80CPU.
#Run Statistics for snet signature:
#   Cpu time = 00:00:00, elapsed time = 00:00:00 .
#   Increased memory =     0.00 (MB), total memory =  2988.93 (MB), peak memory =  3047.06 (MB)
#Run Statistics for Net Final Signature:
#   Cpu time = 00:00:00, elapsed time = 00:00:00 .
#   Increased memory =     0.00 (MB), total memory =  2988.93 (MB), peak memory =  3047.06 (MB)
#Run Statistics for Net launch:
#   Cpu time = 00:00:00, elapsed time = 00:00:00 .
#   Increased memory =     0.00 (MB), total memory =  2988.93 (MB), peak memory =  3047.06 (MB)
#Run Statistics for Net init_dbsNet_slist:
#   Cpu time = 00:00:00, elapsed time = 00:00:00 .
#   Increased memory =     0.00 (MB), total memory =  2988.93 (MB), peak memory =  3047.06 (MB)
#Run Statistics for net signature:
#   Cpu time = 00:00:00, elapsed time = 00:00:00 .
#   Increased memory =     0.00 (MB), total memory =  2988.93 (MB), peak memory =  3047.06 (MB)
#Run Statistics for inst signature:
#   Cpu time = 00:00:00, elapsed time = 00:00:00 .
#   Increased memory =    -0.68 (MB), total memory =  2988.93 (MB), peak memory =  3047.06 (MB)
@file 8:
@file 9: #------------------------------------ [22] - Timing report (TNS - Total Negative Slack)
@file 10: # set_propagated_clock [all_clocks]
@@file 11: set_db timing_analysis_type ocv
@@file 12: time_design -post_route >> ${design}_tns.rpt
*** time_design #1 [finish] () : cpu/real = 0:00:03.0/0:00:04.2 (0.7), totSession cpu/real = 0:03:29.8/0:05:46.8 (0.6), mem = 3039.2M
@file 13:
@file 14: #------------------------------------ [23] - Optimize timings post route (on work)
@@file 15: opt_design -post_route -setup
**opt_design ... cpu = 0:00:00, real = 0:00:00, mem = 3039.2M, totSessionCpu=0:03:30 **
*** opt_design #1 [begin] () : totSession cpu/real = 0:03:29.8/0:05:46.8 (0.6), mem = 3039.4M
GigaOpt running with 1 threads.
*** InitOpt #1 [begin] (opt_design #1) : totSession cpu/real = 0:03:29.8/0:05:46.8 (0.6), mem = 3039.4M
**INFO: User settings:
delaycal_default_net_delay                                                          1000ps
delaycal_default_net_load                                                           0.5pf
delaycal_enable_high_fanout                                                         true
delaycal_enable_ideal_seq_async_pins                                                false
delaycal_enable_si                                                                  true
delaycal_eng_enablepreplacedflow                                                    false
delaycal_ignore_net_load                                                            false
delaycal_input_transition_delay                                                     0.1ps
delaycal_socv_accuracy_mode                                                         low
delaycal_use_default_delay_limit                                                    1000
setAnalysisMode -skew                                                               true
setAnalysisMode -virtualIPO                                                         false
setDelayCalMode -enable_hier_save_restore_flow                                      false
setDelayCalMode -engine                                                             aae
design_process_node                                                                 180
extract_rc_coupled                                                                  true
extract_rc_coupling_cap_threshold                                                   3.0
extract_rc_engine                                                                   post_route
extract_rc_relative_cap_threshold                                                   0.03
extract_rc_shrink_factor                                                            1.0
extract_rc_total_cap_threshold                                                      5.0
opt_drv                                                                             true
opt_drv_margin                                                                      0.0
opt_resize_flip_flops                                                               true
opt_setup_target_slack                                                              0.0
opt_view_pruning_setup_views_active_list                                            { analysis_normal_slow_max }
opt_view_pruning_setup_views_persistent_list                                        { analysis_normal_slow_max}
opt_view_pruning_tdgr_setup_views_persistent_list                                   { analysis_normal_slow_max}
place_global_place_io_pins                                                          true
extract_design_signature                                                            30255615
extract_rc_model_file                                                               rc_model.bin
route_detail_use_lef_pin_taper_rule                                                 true
route_detail_use_min_spacing_for_blockage                                           auto
route_extract_third_party_compatible                                                false
route_global_exp_timing_driven_std_delay                                            117.7
route_global_exp_timing_driven_use_tif_timing_engine_for_import_design              false
route_strict_honor_route_rule                                                       false
setNanoRouteMode -timingEngine                                                      .timing_file_3435128_b12acddd-786a-4b77-b4e7-160af6b8cafd.tif.gz
getAnalysisMode -skew                                                               true
getAnalysisMode -virtualIPO                                                         false
getDelayCalMode -enable_hier_save_restore_flow                                      false
getDelayCalMode -engine                                                             aae
get_power_analysis_mode -report_power_quiet                                         false
getNanoRouteMode -timingEngine                                                      .timing_file_3435128_b12acddd-786a-4b77-b4e7-160af6b8cafd.tif.gz
getAnalysisMode -skew                                                               true
getAnalysisMode -virtualIPO                                                         false
**INFO: set_db design_flow_effort standard -> setting 'set_db opt_all_end_points true' for the duration of this command.
Disable merging buffers from different footprints for postRoute code for non-MSV designs
Need call spDPlaceInit before registerPrioInstLoc.
	CornerforLayerOpt timing analysis view analysis_normal_slow_max has been selected for calibration 
	CornerforLayerOpt timing analysis view analysis_normal_slow_max has been selected for calibration 
	CornerforLayerOpt timing analysis view analysis_normal_slow_max has been selected for calibration 
	CornerforLayerOpt timing analysis view analysis_normal_slow_max has been selected for calibration 
**WARN: (IMPOPT-7320):	Glitch fixing has been disabled since glitch reporting is disabled. Glitch reporting can be enabled using command set_db si_glitch_enable_report true
fast slow typ
Info: Using SynthesisEngine executable '/apps/CADENCE/DDI251/INNOVUS251/bin/innovus_'.
      SynthesisEngine workers will not check out additional licenses.
**INFO: Using Advanced Metric Collection system.
**opt_design ... cpu = 0:00:02, real = 0:00:48, mem = 3098.5M, totSessionCpu=0:03:31 **
Existing Dirty Nets : 0
New Signature Flow (optDesignCheckOptions) ....
#Taking db snapshot
#Taking db snapshot ... done
Begin checking placement ... (start mem=3098.5M, init mem=3098.5M)
Overlapping with other instance:    2
*info: Placed = 577           
*info: Unplaced = 0           
Placement Density:79.90%(14673/18364)
Placement Density (including fixed std cells):79.90%(14673/18364)
Finished check_place (total: cpu=0:00:00.2, real=0:00:00.0; vio checks: cpu=0:00:00.0, real=0:00:00.0; mem=3098.8M)
**WARN: (IMPOPT-306):	Found placement violations in the postRoute mode.
**INFO: It is recommended to fix the placement violations and reroute the design
**INFO: Command refinePlace may be used to fix the placement violations
#optDebug: { P: 180 W: 2201 FE: standard PE: none LDR: 1}
 Initial DC engine is -> aae
 
 AAE-Opt:: Current number of nets in RC Memory -> 100 K
 
 
 AAE-Opt:: New number of nets in RC Memory -> 100 K
 
Reset EOS DB
Ignoring AAE DB Resetting ...
 Set Options for AAE Based Opt flow 
*** opt_design -post_route ***
DRC Margin: user margin 0.0; extra margin 0
Setup Target Slack: user slack 0
Hold Target Slack: user slack 0
Multi-VT timing optimization disabled based on library information.
*** InitOpt #1 [finish] (opt_design #1) : cpu/real = 0:00:02.2/0:00:49.1 (0.0), totSession cpu/real = 0:03:32.0/0:06:36.0 (0.5), mem = 3103.1M
** INFO : this run is activating 'postRoute' automaton
**INFO: flowCheckPoint #1 InitialSummary
#Start Design Signature (0)
#Finish Inst Signature in MT(19966640)
#Finish Net Signature in MT(26525068)
#Finish SNet Signature in MT (30255615)
#Run time and memory report for RC extraction:
#RC extraction running on  Xeon 2.49GHz 28160KB Cache 80CPU.
#Run Statistics for snet signature:
#   Cpu time = 00:00:00, elapsed time = 00:00:00 .
#   Increased memory =     0.00 (MB), total memory =  3097.89 (MB), peak memory =  3097.89 (MB)
#Run Statistics for Net Final Signature:
#   Cpu time = 00:00:00, elapsed time = 00:00:00 .
#   Increased memory =     0.00 (MB), total memory =  3097.89 (MB), peak memory =  3097.89 (MB)
#Run Statistics for Net launch:
#   Cpu time = 00:00:00, elapsed time = 00:00:00 .
#   Increased memory =     0.00 (MB), total memory =  3097.89 (MB), peak memory =  3097.89 (MB)
#Run Statistics for Net init_dbsNet_slist:
#   Cpu time = 00:00:00, elapsed time = 00:00:00 .
#   Increased memory =     0.00 (MB), total memory =  3097.89 (MB), peak memory =  3097.89 (MB)
#Run Statistics for net signature:
#   Cpu time = 00:00:00, elapsed time = 00:00:00 .
#   Increased memory =     0.00 (MB), total memory =  3097.89 (MB), peak memory =  3097.89 (MB)
#Run Statistics for inst signature:
#   Cpu time = 00:00:00, elapsed time = 00:00:00 .
#   Increased memory =    -5.05 (MB), total memory =  3097.89 (MB), peak memory =  3097.89 (MB)
The design is extracted. Skipping TQuantus.
Reading RCDB with compressed RC data.
** INFO: Initializing Glitch Interface
** INFO: Initializing Glitch Cache
*** BuildHoldData #1 [begin] (opt_design #1) : totSession cpu/real = 0:03:32.1/0:06:36.0 (0.5), mem = 3102.0M
Saving timing graph ...
Done save timing graph
*** QThread HoldInit [begin] (BuildHoldData #1 / opt_design #1) : mem = 2.8M
AAE_INFO: switching set_db delaycal_enable_si from true to false ...
AAE_INFO: The setting is changed from true to false in set_db delaycal_enable_si
Starting delay calculation for Hold views
AAE_INFO: opIsDesignInPostRouteState() is 1
#################################################################################
# Design Stage: PostRoute
# Design Name: top
# Design Mode: 180nm
# Analysis Mode: MMMC OCV 
# Parasitics Mode: SPEF/RCDB 
# Signoff Settings: SI Off 
#################################################################################
AAE_INFO: 1 threads acquired from CTE.
Start delay calculation (fullDC) (1 T). (MEM=2437.39)
*** Calculating scaling factor for fast libraries using the default operating condition of each library.
Glitch Analysis: View analysis_normal_fast_min -- Total Number of Nets Skipped = 0. 
Glitch Analysis: View analysis_normal_fast_min -- Total Number of Nets Analyzed = 676. 
Total number of fetched objects 668
AAE_INFO: Total number of nets for which stage creation was skipped for all views 0
End delay calculation. (MEM=2484.1 CPU=0:00:00.2 REAL=0:00:01.0)
End delay calculation (fullDC). (MEM=2484.1 CPU=0:00:00.3 REAL=0:00:01.0)
*** Done Building Timing Graph (cpu=0:00:00.6 real=0:00:01.0 totSessionCpu=0:00:00.8 mem=60.1M)
Done building cte hold timing graph (HoldAware) cpu=0:00:00.8 real=0:00:01.0 totSessionCpu=0:00:00.8 mem=60.2M ***
Warning: No proper clock gate cell delay was found for clock standard delay computation.
*** QThread HoldInit [finish] (BuildHoldData #1 / opt_design #1) : cpu/real = 0:00:02.9/0:00:03.0 (1.0), mem = 85.8M

Restoring timing graph ...
AAE_INFO: Resetting and re-constructing cache for AAE clocks ...
Done restore timing graph
** INFO: Initializing Glitch Interface

OptSummary:

------------------------------------------------------------------
     Initial SI Timing Summary
------------------------------------------------------------------

Setup views included:
 analysis_normal_slow_max 

+--------------------+---------+---------+---------+
|     Setup mode     |   all   | reg2reg | default |
+--------------------+---------+---------+---------+
|           WNS (ns):|  0.000  |   N/A   |  0.000  |
|           TNS (ns):|  0.000  |   N/A   |  0.000  |
|    Violating Paths:|    0    |   N/A   |    0    |
|          All Paths:|    0    |   N/A   |    0    |
+--------------------+---------+---------+---------+

+----------------+-------------------------------+------------------+
|                |              Real             |       Total      |
|    DRVs        +------------------+------------+------------------|
|                |  Nr nets(terms)  | Worst Vio  |  Nr nets(terms)  |
+----------------+------------------+------------+------------------+
|   max_cap      |      0 (0)       |   0.000    |      0 (0)       |
|   max_tran     |      0 (0)       |   0.000    |      0 (0)       |
|   max_fanout   |      0 (0)       |     0      |      0 (0)       |
|   max_length   |      0 (0)       |     0      |      0 (0)       |
+----------------+------------------+------------+------------------+

Density: 79.904%
------------------------------------------------------------------
*** BuildHoldData #1 [finish] (opt_design #1) : cpu/real = 0:00:06.3/0:00:07.6 (0.8), totSession cpu/real = 0:03:38.4/0:06:43.7 (0.5), mem = 3228.2M
**opt_design ... cpu = 0:00:09, real = 0:00:57, mem = 3138.2M, totSessionCpu=0:03:38 **
OPTC: m4 20.0 50.0 [ 461168601842738790400.0 20.0 50.0 ]
OPTC: view 50.0:461168601842738790400.0 [ 0.0500 ]
Setting latch borrow mode to budget during optimization.
**INFO: flowCheckPoint #2 OptimizationPass1
Glitch fixing enabled
**INFO: Start fixing DRV (Mem = 3132.22M) ...
Begin: GigaOpt DRV Optimization
Glitch fixing enabled
GigaOpt Checkpoint: Internal optDRV -postRoute -max_tran -max_cap -maintainWNS -setupTNSCostFactor 0.3 -maxLocalDensity 0.96 -numThreads 1  -glitch
*** DrvOpt #1 [begin] (opt_design #1) : totSession cpu/real = 0:03:39.0/0:06:44.3 (0.5), mem = 3132.2M
	CornerforLayerOpt timing analysis view analysis_normal_slow_max has been selected for calibration 
	CornerforLayerOpt timing analysis view analysis_normal_slow_max has been selected for calibration 
	CornerforLayerOpt timing analysis view analysis_normal_slow_max has been selected for calibration 
	CornerforLayerOpt timing analysis view analysis_normal_slow_max has been selected for calibration 
	CornerforLayerOpt timing analysis view analysis_normal_slow_max has been selected for calibration 
	CornerforLayerOpt timing analysis view analysis_normal_slow_max has been selected for calibration 
	CornerforLayerOpt timing analysis view analysis_normal_slow_max has been selected for calibration 
	CornerforLayerOpt timing analysis view analysis_normal_slow_max has been selected for calibration 
**INFO: Extra DRV scale -- maxTran 0.97 maxCap 0.97 (high fanout net > 10: maxTran 0.97 maxCap 0.97) for over fixing
DRV pessimism of 2.00% is used for tran, 2.00% for cap, 0.00% for fanout, on top of margin 0.00%
** INFO: Initializing Glitch Interface
+---------------------------------------------------------------------------------------------------------------------------------------------------------------------+
|        max-tran       |        max-cap        |  max-fanout |  max-length |    glitch   |       setup       |        |        |        |       |          |         |
+---------------------------------------------------------------------------------------------------------------------------------------------------------------------+
| nets | terms|  wViol  | nets | terms|  wViol  | nets | terms| nets | terms| nets | terms|   WNS   |   TNS   |  #Buf  |  #Inv  | #Resize|Density|   Real   |   Mem   |
+---------------------------------------------------------------------------------------------------------------------------------------------------------------------+
|     0|     0|     0.00|     0|     0|     0.00|     0|     0|     0|     0|     0|     0||-9.22e+14|     0.00|       0|       0|       0| 79.90%|          |         |
|     0|     0|     0.00|     0|     0|     0.00|     0|     0|     0|     0|     0|     0||-9.22e+14|     0.00|       0|       0|       0| 79.90%| 0:00:00.0|  3148.7M|
+---------------------------------------------------------------------------------------------------------------------------------------------------------------------+
Bottom Preferred Layer:
    None
Via Pillar Rule:
    None

*** Finish DRV Fixing (cpu=0:00:00.0 real=0:00:00.0 mem=3148.7M) ***

*** DrvOpt #1 [finish] (opt_design #1) : cpu/real = 0:00:03.2/0:00:03.3 (1.0), totSession cpu/real = 0:03:42.2/0:06:47.6 (0.5), mem = 3148.7M
**INFO: Skipping refine place as no non-legal commits were detected
End: GigaOpt DRV Optimization
**opt_design ... cpu = 0:00:12, real = 0:01:01, mem = 3144.5M, totSessionCpu=0:03:42 **
*info:
**INFO: Completed fixing DRV (CPU Time = 0:00:04, Mem = 3144.55M).
** INFO: Initializing Glitch Interface

OptSummary:

------------------------------------------------------------------
     SI Timing Summary (cpu=0.06min real=0.07min mem=3144.5M)
------------------------------------------------------------------

Setup views included:
 analysis_normal_slow_max 

+--------------------+---------+---------+---------+
|     Setup mode     |   all   | reg2reg | default |
+--------------------+---------+---------+---------+
|           WNS (ns):|  0.000  |   N/A   |  0.000  |
|           TNS (ns):|  0.000  |   N/A   |  0.000  |
|    Violating Paths:|    0    |   N/A   |    0    |
|          All Paths:|    0    |   N/A   |    0    |
+--------------------+---------+---------+---------+

+----------------+-------------------------------+------------------+
|                |              Real             |       Total      |
|    DRVs        +------------------+------------+------------------|
|                |  Nr nets(terms)  | Worst Vio  |  Nr nets(terms)  |
+----------------+------------------+------------+------------------+
|   max_cap      |      0 (0)       |   0.000    |      0 (0)       |
|   max_tran     |      0 (0)       |   0.000    |      0 (0)       |
|   max_fanout   |      0 (0)       |     0      |      0 (0)       |
|   max_length   |      0 (0)       |     0      |      0 (0)       |
+----------------+------------------+------------+------------------+

Density: 79.904%
------------------------------------------------------------------
**opt_design ... cpu = 0:00:13, real = 0:01:01, mem = 3144.6M, totSessionCpu=0:03:43 **
** INFO: Initializing Glitch Interface
*** Check timing (0:00:00.0)
Begin: GigaOpt Optimization in WNS mode
GigaOpt Checkpoint: Internal optTiming -maxLocalDensity 0.96 -numThreads 1 -postRoute -usefulSkew -nativePathGroupFlow
*** WnsOpt #1 [begin] (opt_design #1) : totSession cpu/real = 0:03:42.8/0:06:48.3 (0.5), mem = 3148.7M
*info: 142 no-driver nets excluded.
** GigaOpt Optimizer WNS Slack 0.000 TNS Slack 0.000 Density 79.90
OptDebug: End of Setup Fixing:
+----------+-----+-----+
|Path Group|  WNS|  TNS|
+----------+-----+-----+
|default   |0.000|0.000|
|reg2reg   |0.000|0.000|
|HEPG      |0.000|0.000|
|All Paths |0.000|0.000|
+----------+-----+-----+

Bottom Preferred Layer:
    None
Via Pillar Rule:
    None

*** Finish Post Route Setup Fixing (cpu=0:00:00.3 real=0:00:00.0 mem=3164.5M) ***
*** WnsOpt #1 [finish] (opt_design #1) : cpu/real = 0:00:03.0/0:00:03.1 (1.0), totSession cpu/real = 0:03:45.9/0:06:51.4 (0.5), mem = 3164.5M
**INFO: Skipping refine place as no non-legal commits were detected
End: GigaOpt Optimization in WNS mode
Skipping post route harden opt
Begin: GigaOpt Optimization in TNS mode
GigaOpt Checkpoint: Internal optTiming -allEndPoints -maxLocalDensity 0.96 -numThreads 1 -nativePathGroupFlow -usefulSkew
*** TnsOpt #1 [begin] (opt_design #1) : totSession cpu/real = 0:03:46.3/0:06:51.8 (0.5), mem = 3157.9M
*info: 142 no-driver nets excluded.
** GigaOpt Optimizer WNS Slack 0.000 TNS Slack 0.000 Density 79.90
OptDebug: Start of Optimizer TNS Pass:
+----------+-----+-----+
|Path Group|  WNS|  TNS|
+----------+-----+-----+
|default   |0.000|0.000|
|reg2reg   |0.000|0.000|
|HEPG      |0.000|0.000|
|All Paths |0.000|0.000|
+----------+-----+-----+


*** Finished Optimize Step Cumulative (cpu=0:00:00.0 real=0:00:00.0 mem=3170.1M) ***
OptDebug: End of Optimizer TNS Pass:
+----------+-----+-----+
|Path Group|  WNS|  TNS|
+----------+-----+-----+
|default   |0.000|0.000|
|reg2reg   |0.000|0.000|
|HEPG      |0.000|0.000|
|All Paths |0.000|0.000|
+----------+-----+-----+

OptDebug: End of Setup Fixing:
+----------+-----+-----+
|Path Group|  WNS|  TNS|
+----------+-----+-----+
|default   |0.000|0.000|
|reg2reg   |0.000|0.000|
|HEPG      |0.000|0.000|
|All Paths |0.000|0.000|
+----------+-----+-----+

Bottom Preferred Layer:
    None
Via Pillar Rule:
    None

*** Finish Post Route Setup Fixing (cpu=0:00:01.3 real=0:00:02.0 mem=3170.1M) ***
*** TnsOpt #1 [finish] (opt_design #1) : cpu/real = 0:00:04.0/0:00:04.0 (1.0), totSession cpu/real = 0:03:50.3/0:06:55.7 (0.6), mem = 3170.1M
**INFO: Skipping refine place as no non-legal commits were detected
End: GigaOpt Optimization in TNS mode
**INFO: flowCheckPoint #3 OptimizationPreEco
Running postRoute recovery in preEcoRoute mode
**opt_design ... cpu = 0:00:21, real = 0:01:09, mem = 3163.1M, totSessionCpu=0:03:51 **
** INFO: Initializing Glitch Interface
Checking DRV degradation...
**INFO: Skipping DRV recovery as drv did not degrade beyond margin
Finish postRoute recovery in preEcoRoute mode (cpu=0:00:00, real=0:00:00, mem=3163.02M, totSessionCpu=0:03:51).
**opt_design ... cpu = 0:00:21, real = 0:01:09, mem = 3163.0M, totSessionCpu=0:03:51 **

** INFO: Initializing Glitch Interface
Skipping pre eco harden opt
GigaOpt Checkpoint: Internal prLA -highEffortPathGroups -force   -noNdrAssignment
Default Rule : ""
Non Default Rules :
Worst Slack : 214748.365 ns

Start Layer Assignment ...
WNS(214748.365ns) Target(0.000ns) MaxAssign(0%) MaxCong(20%) MinLen(100um) MinCap(0.050pf) layerBucket(1)

Selected 0 cadidates out of 812.
No critical nets selected. Skipped !
GigaOpt: setting up router preferences
GigaOpt: 0 nets assigned router directives

Start Assign Priority Nets ...
TargetSlk(0.200ns) MaxAssign(3%) minLen(50um)
Existing Priority Nets 0 (0.0%)
Assigned Priority Nets 0 (0.0%)

Set Prefer Layer Routing Effort ...
Total Net(810) IPOed(0) PreferLayer(0) -> MediumEffort(0)

GigaOpt Checkpoint: Internal prLA  -force   -noNdrAssignment
Default Rule : ""
Non Default Rules :
Worst Slack : 214748.365 ns

Start Layer Assignment ...
WNS(214748.365ns) Target(0.000ns) MaxAssign(0%) MaxCong(20%) MinLen(100um) MinCap(0.050pf) layerBucket(1)

Selected 0 cadidates out of 812.
No critical nets selected. Skipped !
GigaOpt: setting up router preferences
GigaOpt: 0 nets assigned router directives

Start Assign Priority Nets ...
TargetSlk(0.200ns) MaxAssign(3%) minLen(50um)
Existing Priority Nets 0 (0.0%)
Assigned Priority Nets 0 (0.0%)
Running refinePlace -preserveRouting true -hardFence false
*** Starting place_detail (0:03:51 mem=3163.6M) ***
Move report: Detail placement moved 3 insts, mean move: 2.61 um, max move: 3.36 um 
	Max move on inst (FE_OFC0_clk): (33.04, 68.88) --> (36.40, 68.88)
	Runtime: CPU: 0:00:00.1 REAL: 0:00:00.0 MEM: 3162.1MB
Summary Report:
Instances moved: 3 (out of 577 movable)
Instances flipped: 0
Mean displacement: 2.61 um
Max displacement: 3.36 um (Instance: FE_OFC0_clk) (33.04, 68.88) -> (36.4, 68.88)
	Length: 4 sites, height: 1 rows, site name: core_hd, cell type: BUHDX1
Physical-only instances moved: 0 (out of 0 movable physical-only)
Runtime: CPU: 0:00:00.1 REAL: 0:00:00.0 MEM: 3162.1MB
*** Finished place_detail (0:03:52 mem=3162.1M) ***
** INFO: Initializing Glitch Interface

OptSummary:

------------------------------------------------------------------
        Pre-ecoRoute Summary
------------------------------------------------------------------

Setup views included:
 analysis_normal_slow_max 

+--------------------+---------+---------+---------+
|     Setup mode     |   all   | reg2reg | default |
+--------------------+---------+---------+---------+
|           WNS (ns):|  0.000  |   N/A   |  0.000  |
|           TNS (ns):|  0.000  |   N/A   |  0.000  |
|    Violating Paths:|    0    |   N/A   |    0    |
|          All Paths:|    0    |   N/A   |    0    |
+--------------------+---------+---------+---------+

+----------------+-------------------------------+------------------+
|                |              Real             |       Total      |
|    DRVs        +------------------+------------+------------------|
|                |  Nr nets(terms)  | Worst Vio  |  Nr nets(terms)  |
+----------------+------------------+------------+------------------+
|   max_cap      |      0 (0)       |   0.000    |      0 (0)       |
|   max_tran     |      0 (0)       |   0.000    |      0 (0)       |
|   max_fanout   |      0 (0)       |     0      |      0 (0)       |
|   max_length   |      0 (0)       |     0      |      0 (0)       |
+----------------+------------------+------------+------------------+

Density: 79.904%
------------------------------------------------------------------
**opt_design ... cpu = 0:00:22, real = 0:01:10, mem = 3160.9M, totSessionCpu=0:03:52 **
**INFO: flowCheckPoint #4 GlobalDetailRoute
** INFO Cleaning up Glitch Interface
-route_with_eco false                     # bool, default=false
-route_selected_net_only false            # bool, default=false
-route_with_timing_driven false           # bool, default=false
-route_with_si_driven false               # bool, default=false
Existing Dirty Nets : 0
New Signature Flow (saveAndSetNanoRouteOptions) ....
Reset Dirty Nets : 0
*** EcoRoute #1 [begin] (opt_design #1) : totSession cpu/real = 0:03:52.2/0:06:57.7 (0.6), mem = 3160.9M

route_global_detail

#Start route_global_detail on Thu Aug 20 17:50:22 2026
#
#WARNING (NRIF-95) Option set_db route_top_routing_layer has invalid value "0". Reset to max routing layer "6".
#NanoRoute Version 25.10-p002_1 NR250317-0405/25_10-UB
#WARNING (NRIF-95) Option set_db route_top_routing_layer has invalid value "0". Reset to max routing layer "6".
#Skip comparing routing design signature in db-snapshot flow
#WARNING (NRIF-95) Option set_db route_top_routing_layer has invalid value "0". Reset to max routing layer "6".
#WARNING (NRIF-95) Option set_db route_top_routing_layer has invalid value "0". Reset to max routing layer "6".
#WARNING (NRIF-95) Option set_db route_top_routing_layer has invalid value "0". Reset to max routing layer "6".
#Total number of trivial nets (e.g. < 2 pins) = 144 (skipped).
#Total number of routable nets = 668.
#Total number of nets in the design = 812.
#6 routable nets do not have any wires.
#662 routable nets have routed wires.
#6 nets will be global routed.
#WARNING (NRIF-95) Option set_db route_top_routing_layer has invalid value "0". Reset to max routing layer "6".
#Start routing data preparation on Thu Aug 20 17:50:22 2026
#
#WARNING (NRIF-95) Option set_db route_top_routing_layer has invalid value "0". Reset to max routing layer "6".
#WARNING (NRIF-95) Option set_db route_top_routing_layer has invalid value "0". Reset to max routing layer "6".
#Initial pin access analysis.
#Detail pin access analysis.
# MET1         H   Track-Pitch = 0.5600    Line-2-Via Pitch = 0.4850
# MET2         V   Track-Pitch = 0.5600    Line-2-Via Pitch = 0.5600
# MET3         H   Track-Pitch = 0.5600    Line-2-Via Pitch = 0.5600
# MET4         V   Track-Pitch = 0.5600    Line-2-Via Pitch = 0.5600
# METTP        H   Track-Pitch = 1.1200    Line-2-Via Pitch = 0.9500
# METTPL       V   Track-Pitch = 5.6000    Line-2-Via Pitch = 5.5000
#Bottom routing layer index=1(MET1), bottom routing layer for shielding=1(MET1), bottom shield layer=1(MET1)
#shield_bottom_stripe_layer=1(MET1), shield_top_stripe_layer=6(METTPL)
#pin_access_rlayer=2(MET2)
#shield_top_dpt_rlayer=-1 top_rlayer=6 top_trim_metal_rlayer=-1 rlayer_lowest=1 bottom_rlayer=1
#enable_trim_layer_shield=F enable_dpt_layer_shield=F has_line_end_grid=F
#enable_dpt_layer_shield=F
#has_line_end_grid=F
#Processed 6/0 dirty instances, 0/0 dirty terms, 0/0 dirty fterms, 0/0 dirty pgterms, 0/0 misc dirty regions(3 insts marked dirty, reset pre-exisiting dirty flag on 3 insts, 0 nets marked need extraction)
#cpu time = 00:00:00, elapsed time = 00:00:00, memory = 3164.95 (MB), peak = 3210.45 (MB)
#Regenerating Ggrids automatically.
#Auto generating G-grids with size=15 tracks, using layer MET3's pitch = 0.5600.
#Using automatically generated G-grids.
#Done routing data preparation.
#cpu time = 00:00:10, elapsed time = 00:00:10, memory = 3175.15 (MB), peak = 3210.45 (MB)
#WARNING (NRIF-95) Option set_db route_top_routing_layer has invalid value "0". Reset to max routing layer "6".
#Found 0 nets for post-route si or timing fixing.
#
#Finished routing data preparation on Thu Aug 20 17:50:32 2026
#
#Cpu time = 00:00:10
#Elapsed time = 00:00:10
#Increased memory = 14.21 (MB)
#Total memory = 3175.15 (MB)
#Peak memory = 3210.45 (MB)
#
#
#Start global routing on Thu Aug 20 17:50:32 2026
#
#
#Start global routing initialization on Thu Aug 20 17:50:32 2026
#
#Number of eco nets is 6
#
#Start global routing data preparation on Thu Aug 20 17:50:32 2026
#
#Start routing resource analysis on Thu Aug 20 17:50:32 2026
#
#Routing resource analysis is done on Thu Aug 20 17:50:32 2026
#
#  Resource Analysis:
#
#               Routing  #Avail      #Track     #Total     %Gcell
#  Layer      Direction   Track     Blocked      Gcell    Blocked
#  --------------------------------------------------------------
#  MET1           H         102         192         400    51.50%
#  MET2           V         114         184         400     0.00%
#  MET3           H         146         148         400     0.00%
#  MET4           V         200          98         400     0.00%
#  METTP          H         147           0         400     0.00%
#  METTPL         V          29           0         400     0.00%
#  --------------------------------------------------------------
#  Total                    739      34.99%        2400     8.58%
#
#
#
#
#Global routing data preparation is done on Thu Aug 20 17:50:32 2026
#
#cpu time = 00:00:00, elapsed time = 00:00:00, memory = 3175.15 (MB), peak = 3210.45 (MB)
#
#
#Global routing initialization is done on Thu Aug 20 17:50:32 2026
#
#cpu time = 00:00:00, elapsed time = 00:00:00, memory = 3175.15 (MB), peak = 3210.45 (MB)
#
#start global routing iteration 1...
#cpu time = 00:00:00, elapsed time = 00:00:00, memory = 3175.41 (MB), peak = 3210.45 (MB)
#
#start global routing iteration 2...
#cpu time = 00:00:00, elapsed time = 00:00:00, memory = 3175.41 (MB), peak = 3210.45 (MB)
#
#
#Total number of trivial nets (e.g. < 2 pins) = 144 (skipped).
#Total number of routable nets = 668.
#Total number of nets in the design = 812.
#
#668 routable nets have routed wires.
#
#Routed nets constraints summary:
#-----------------------------
#        Rules   Unconstrained  
#-----------------------------
#      Default               6  
#-----------------------------
#        Total               6  
#-----------------------------
#
#Routing constraints summary of the whole design:
#-----------------------------
#        Rules   Unconstrained  
#-----------------------------
#      Default             668  
#-----------------------------
#        Total             668  
#-----------------------------
#
#WARNING (NRIF-95) Option set_db route_top_routing_layer has invalid value "0". Reset to max routing layer "6".
#
#  Congestion Analysis: (blocked Gcells are excluded)
#
#                 OverCon          
#                  #Gcell    %Gcell
#     Layer           (1)   OverCon  Flow/Cap
#  ----------------------------------------------
#  MET1          0(0.00%)   (0.00%)     0.43  
#  MET2          0(0.00%)   (0.00%)     0.62  
#  MET3          0(0.00%)   (0.00%)     0.46  
#  MET4          0(0.00%)   (0.00%)     0.27  
#  METTP         0(0.00%)   (0.00%)     0.00  
#  METTPL        0(0.00%)   (0.00%)     0.00  
#  ----------------------------------------------
#     Total      0(0.00%)   (0.00%)
#
#  The worst congested Gcell overcon (routing demand over resource in number of tracks) = 1
#  Overflow after GR: 0.00% H + 0.00% V
#
#Complete Global Routing.
#
#  Routing Statistics
#
#---------------+-----------+-----+---------------------+---------------------+
#  Layer        | Length(um)| Vias|           Single-cut|            Multi-cut|
#---------------+-----------+-----+---------------------+---------------------+
#  POLY1 ( 0H)  |          0|    0|          0  (  0.0%)|          0  (  0.0%)|
#  MET1 ( 1H)   |        533| 2000|        277  ( 13.8%)|       1723  ( 86.2%)|
#  MET2 ( 2V)   |       5869| 1369|         18  (  1.3%)|       1351  ( 98.7%)|
#  MET3 ( 3H)   |       6094|  150|          0  (  0.0%)|        150  (100.0%)|
#  MET4 ( 4V)   |       1041|    0|          0  (  0.0%)|          0  (  0.0%)|
#  METTP ( 5H)  |          0|    0|          0  (  0.0%)|          0  (  0.0%)|
#  METTPL ( 6V) |          0|    0|          0  (  0.0%)|          0  (  0.0%)|
#---------------+-----------+-----+---------------------+---------------------+
#  Total        |      13537| 3519|        295  (  8.4%)|       3224  ( 91.6%)|
#---------------+-----------+-----+---------------------+---------------------+
#
# Total half perimeter of net bounding box: 12250 um.
#WARNING (NRIF-95) Option set_db route_top_routing_layer has invalid value "0". Reset to max routing layer "6".
#Max overcon = 0 track.
#Total overcon = 0.00%.
#Worst layer Gcell overcon rate = 0.00%.
#
#Global routing statistics:
#Cpu time = 00:00:00
#Elapsed time = 00:00:00
#Increased memory = 0.26 (MB)
#Total memory = 3175.41 (MB)
#Peak memory = 3210.45 (MB)
#
#Finished global routing on Thu Aug 20 17:50:32 2026
#
#
#WARNING (NRIF-95) Option set_db route_top_routing_layer has invalid value "0". Reset to max routing layer "6".
#WARNING (NRIF-95) Option set_db route_top_routing_layer has invalid value "0". Reset to max routing layer "6".
#cpu time = 00:00:00, elapsed time = 00:00:00, memory = 3175.41 (MB), peak = 3210.45 (MB)
#WARNING (NRIF-95) Option set_db route_top_routing_layer has invalid value "0". Reset to max routing layer "6".
#Start Track Assignment.
#Done with 1 horizontal wires in 1 hboxes and 0 vertical wires in 1 hboxes.
#Done with 0 horizontal wires in 1 hboxes and 0 vertical wires in 1 hboxes.
#Complete Track Assignment.
#
#  Routing Statistics
#
#---------------+-----------+-----+---------------------+---------------------+
#  Layer        | Length(um)| Vias|           Single-cut|            Multi-cut|
#---------------+-----------+-----+---------------------+---------------------+
#  POLY1 ( 0H)  |          0|    0|          0  (  0.0%)|          0  (  0.0%)|
#  MET1 ( 1H)   |        533| 2000|        277  ( 13.8%)|       1723  ( 86.2%)|
#  MET2 ( 2V)   |       5869| 1369|         18  (  1.3%)|       1351  ( 98.7%)|
#  MET3 ( 3H)   |       6094|  150|          0  (  0.0%)|        150  (100.0%)|
#  MET4 ( 4V)   |       1041|    0|          0  (  0.0%)|          0  (  0.0%)|
#  METTP ( 5H)  |          0|    0|          0  (  0.0%)|          0  (  0.0%)|
#  METTPL ( 6V) |          0|    0|          0  (  0.0%)|          0  (  0.0%)|
#---------------+-----------+-----+---------------------+---------------------+
#  Total        |      13537| 3519|        295  (  8.4%)|       3224  ( 91.6%)|
#---------------+-----------+-----+---------------------+---------------------+
#
# Total half perimeter of net bounding box: 12250 um.
#cpu time = 00:00:00, elapsed time = 00:00:00, memory = 3175.43 (MB), peak = 3210.45 (MB)
#
#Routing data preparation, pin analysis, global routing and track assignment statistics:
#Cpu time = 00:00:10
#Elapsed time = 00:00:10
#Increased memory = 14.49 (MB)
#Total memory = 3175.43 (MB)
#Peak memory = 3210.45 (MB)
#WARNING (NRIF-95) Option set_db route_top_routing_layer has invalid value "0". Reset to max routing layer "6".
#WARNING (NRIF-95) Option set_db route_top_routing_layer has invalid value "0". Reset to max routing layer "6".
#WARNING (NRIF-95) Option set_db route_top_routing_layer has invalid value "0". Reset to max routing layer "6".
#WARNING (NRIF-95) Option set_db route_top_routing_layer has invalid value "0". Reset to max routing layer "6".
#
#Start Detail Routing..
#start initial detail routing ...
# ECO: 0.00% of the total area was rechecked for DRC, and 11.11% required routing.
#   number of violations = 1
#
#  By Layer and Type:
#
#---------+------+-------+
#  -      | Short| Totals|
#---------+------+-------+
#  MET1   |     0|      0|
#  MET2   |     1|      1|
#  Totals |     1|      1|
#---------+------+-------+
#
#3 out of 577 instances (0.5%) need to be verified(marked ipoed), dirty area = 0.5%.
#0.00% of the total area is being checked for drcs
#0.0% of the total area was checked
#   number of violations = 1
#
#  By Layer and Type:
#
#---------+------+-------+
#  -      | Short| Totals|
#---------+------+-------+
#  MET1   |     0|      0|
#  MET2   |     1|      1|
#  Totals |     1|      1|
#---------+------+-------+
#
#cpu time = 00:00:00, elapsed time = 00:00:00, memory = 3175.93 (MB), peak = 3210.45 (MB)
#start 1st optimization iteration ...
#   number of violations = 0
#cpu time = 00:00:00, elapsed time = 00:00:00, memory = 3175.79 (MB), peak = 3210.45 (MB)
#Complete Detail Routing.
#
#  Routing Statistics
#
#---------------+-----------+-----+---------------------+---------------------+
#  Layer        | Length(um)| Vias|           Single-cut|            Multi-cut|
#---------------+-----------+-----+---------------------+---------------------+
#  POLY1 ( 0H)  |          0|    0|          0  (  0.0%)|          0  (  0.0%)|
#  MET1 ( 1H)   |        533| 2002|        287  ( 14.3%)|       1715  ( 85.7%)|
#  MET2 ( 2V)   |       5845| 1372|         29  (  2.1%)|       1343  ( 97.9%)|
#  MET3 ( 3H)   |       6105|  153|          4  (  2.6%)|        149  ( 97.4%)|
#  MET4 ( 4V)   |       1061|    0|          0  (  0.0%)|          0  (  0.0%)|
#  METTP ( 5H)  |          0|    0|          0  (  0.0%)|          0  (  0.0%)|
#  METTPL ( 6V) |          0|    0|          0  (  0.0%)|          0  (  0.0%)|
#---------------+-----------+-----+---------------------+---------------------+
#  Total        |      13545| 3527|        320  (  9.1%)|       3207  ( 90.9%)|
#---------------+-----------+-----+---------------------+---------------------+
#
# Total half perimeter of net bounding box: 12250 um.
#Total number of DRC violations = 0
#Total number of process antenna violations = 0
#Total number of net violated process antenna rule = 0
#Cpu time = 00:00:01
#Elapsed time = 00:00:01
#Increased memory = 0.05 (MB)
#Total memory = 3175.48 (MB)
#Peak memory = 3210.45 (MB)
#
#start routing for process antenna violation fix ...
#WARNING (NRIF-95) Option set_db route_top_routing_layer has invalid value "0". Reset to max routing layer "6".
#WARNING (NRIF-95) Option set_db route_top_routing_layer has invalid value "0". Reset to max routing layer "6".
#WARNING (EMS-27) Message (NRIF-95) has exceeded the current message display limit of 20.
#To increase the message display limit, refer to the product command reference manual.
#cpu time = 00:00:00, elapsed time = 00:00:00, memory = 3175.48 (MB), peak = 3210.45 (MB)
#
#
#  Routing Statistics
#
#---------------+-----------+-----+---------------------+---------------------+
#  Layer        | Length(um)| Vias|           Single-cut|            Multi-cut|
#---------------+-----------+-----+---------------------+---------------------+
#  POLY1 ( 0H)  |          0|    0|          0  (  0.0%)|          0  (  0.0%)|
#  MET1 ( 1H)   |        533| 2002|        287  ( 14.3%)|       1715  ( 85.7%)|
#  MET2 ( 2V)   |       5845| 1372|         29  (  2.1%)|       1343  ( 97.9%)|
#  MET3 ( 3H)   |       6105|  153|          4  (  2.6%)|        149  ( 97.4%)|
#  MET4 ( 4V)   |       1061|    0|          0  (  0.0%)|          0  (  0.0%)|
#  METTP ( 5H)  |          0|    0|          0  (  0.0%)|          0  (  0.0%)|
#  METTPL ( 6V) |          0|    0|          0  (  0.0%)|          0  (  0.0%)|
#---------------+-----------+-----+---------------------+---------------------+
#  Total        |      13545| 3527|        320  (  9.1%)|       3207  ( 90.9%)|
#---------------+-----------+-----+---------------------+---------------------+
#
# Total half perimeter of net bounding box: 12250 um.
#Total number of DRC violations = 0
#Total number of process antenna violations = 0
#Total number of net violated process antenna rule = 0
#
#
#
#  Routing Statistics
#
#---------------+-----------+-----+---------------------+---------------------+
#  Layer        | Length(um)| Vias|           Single-cut|            Multi-cut|
#---------------+-----------+-----+---------------------+---------------------+
#  POLY1 ( 0H)  |          0|    0|          0  (  0.0%)|          0  (  0.0%)|
#  MET1 ( 1H)   |        533| 2002|        287  ( 14.3%)|       1715  ( 85.7%)|
#  MET2 ( 2V)   |       5845| 1372|         29  (  2.1%)|       1343  ( 97.9%)|
#  MET3 ( 3H)   |       6105|  153|          4  (  2.6%)|        149  ( 97.4%)|
#  MET4 ( 4V)   |       1061|    0|          0  (  0.0%)|          0  (  0.0%)|
#  METTP ( 5H)  |          0|    0|          0  (  0.0%)|          0  (  0.0%)|
#  METTPL ( 6V) |          0|    0|          0  (  0.0%)|          0  (  0.0%)|
#---------------+-----------+-----+---------------------+---------------------+
#  Total        |      13545| 3527|        320  (  9.1%)|       3207  ( 90.9%)|
#---------------+-----------+-----+---------------------+---------------------+
#
# Total half perimeter of net bounding box: 12250 um.
#Total number of DRC violations = 0
#Total number of process antenna violations = 0
#Total number of net violated process antenna rule = 0
#
#
#Start Post Route wire spreading..
#
#Start data preparation for wire spreading...
#
#Data preparation is done on Thu Aug 20 17:50:33 2026
#
#
#Start Post Route Wire Spread.
#Done with 7 horizontal wires in 1 hboxes and 4 vertical wires in 1 hboxes.
#Complete Post Route Wire Spread.
#
#
#  Routing Statistics
#
#---------------+-----------+-----+---------------------+---------------------+
#  Layer        | Length(um)| Vias|           Single-cut|            Multi-cut|
#---------------+-----------+-----+---------------------+---------------------+
#  POLY1 ( 0H)  |          0|    0|          0  (  0.0%)|          0  (  0.0%)|
#  MET1 ( 1H)   |        535| 2002|        287  ( 14.3%)|       1715  ( 85.7%)|
#  MET2 ( 2V)   |       5845| 1372|         29  (  2.1%)|       1343  ( 97.9%)|
#  MET3 ( 3H)   |       6105|  153|          4  (  2.6%)|        149  ( 97.4%)|
#  MET4 ( 4V)   |       1062|    0|          0  (  0.0%)|          0  (  0.0%)|
#  METTP ( 5H)  |          0|    0|          0  (  0.0%)|          0  (  0.0%)|
#  METTPL ( 6V) |          0|    0|          0  (  0.0%)|          0  (  0.0%)|
#---------------+-----------+-----+---------------------+---------------------+
#  Total        |      13548| 3527|        320  (  9.1%)|       3207  ( 90.9%)|
#---------------+-----------+-----+---------------------+---------------------+
#
# Total half perimeter of net bounding box: 12250 um.
#   number of violations = 0
#cpu time = 00:00:00, elapsed time = 00:00:00, memory = 3175.76 (MB), peak = 3210.45 (MB)
#CELL_VIEW top,init has no DRC violation.
#Total number of DRC violations = 0
#Total number of process antenna violations = 0
#Total number of net violated process antenna rule = 0
#Post Route wire spread is done.
#
#  Routing Statistics
#
#---------------+-----------+-----+---------------------+---------------------+
#  Layer        | Length(um)| Vias|           Single-cut|            Multi-cut|
#---------------+-----------+-----+---------------------+---------------------+
#  POLY1 ( 0H)  |          0|    0|          0  (  0.0%)|          0  (  0.0%)|
#  MET1 ( 1H)   |        535| 2002|        287  ( 14.3%)|       1715  ( 85.7%)|
#  MET2 ( 2V)   |       5845| 1372|         29  (  2.1%)|       1343  ( 97.9%)|
#  MET3 ( 3H)   |       6105|  153|          4  (  2.6%)|        149  ( 97.4%)|
#  MET4 ( 4V)   |       1062|    0|          0  (  0.0%)|          0  (  0.0%)|
#  METTP ( 5H)  |          0|    0|          0  (  0.0%)|          0  (  0.0%)|
#  METTPL ( 6V) |          0|    0|          0  (  0.0%)|          0  (  0.0%)|
#---------------+-----------+-----+---------------------+---------------------+
#  Total        |      13548| 3527|        320  (  9.1%)|       3207  ( 90.9%)|
#---------------+-----------+-----+---------------------+---------------------+
#
# Total half perimeter of net bounding box: 12250 um.
#route_detail Statistics:
#Cpu time = 00:00:01
#Elapsed time = 00:00:01
#Increased memory = 0.33 (MB)
#Total memory = 3175.76 (MB)
#Peak memory = 3210.45 (MB)
#
#route_global_detail statistics:
#Cpu time = 00:00:12
#Elapsed time = 00:00:12
#Increased memory = -46.54 (MB)
#Total memory = 3114.36 (MB)
#Peak memory = 3210.45 (MB)
#Number of warnings = 21
#Total number of warnings = 105
#Number of fails = 0
#Total number of fails = 0
#Complete route_global_detail on Thu Aug 20 17:50:34 2026
#
#
#  Scalability Statistics
#
#----------------------------+---------+-------------+------------+
#  route_global_detail       | cpu time| elapsed time| scalability|
#----------------------------+---------+-------------+------------+
#  Pre Callback              | 00:00:00|     00:00:00|         1.0|
#  Post Callback             | 00:00:00|     00:00:00|         1.0|
#  Timing Data Generation    | 00:00:00|     00:00:00|         1.0|
#  DB Import                 | 00:00:00|     00:00:00|         1.0|
#  DB Export                 | 00:00:00|     00:00:00|         1.0|
#  Cell Pin Access           | 00:00:00|     00:00:00|         1.0|
#  Data Preparation          | 00:00:10|     00:00:10|         1.0|
#  Global Routing            | 00:00:00|     00:00:00|         1.0|
#  Track Assignment          | 00:00:00|     00:00:00|         1.0|
#  Detail Routing            | 00:00:01|     00:00:01|         1.0|
#  Antenna Fixing            | 00:00:00|     00:00:00|         1.0|
#  Post Route Wire Spreading | 00:00:00|     00:00:00|         1.0|
#  Entire Command            | 00:00:12|     00:00:12|         1.0|
#----------------------------+---------+-------------+------------+
#
*** EcoRoute #1 [finish] (opt_design #1) : cpu/real = 0:00:11.8/0:00:12.1 (1.0), totSession cpu/real = 0:04:04.0/0:07:09.8 (0.6), mem = 3114.4M
**opt_design ... cpu = 0:00:34, real = 0:01:23, mem = 3111.6M, totSessionCpu=0:04:04 **
New Signature Flow (restoreNanoRouteOptions) ....
**INFO: flowCheckPoint #5 PostEcoSummary
#WARNING (NRIF-95) Option set_db route_top_routing_layer has invalid value "0". Reset to max routing layer "6".
#Extract in post route mode
#Finish check_net_pin_list step Enter extract_rc_in_nr_cmd
#Fast data preparation for tQuantus.
#WARNING (NRIF-95) Option set_db route_top_routing_layer has invalid value "0". Reset to max routing layer "6".
#Start routing data preparation on Thu Aug 20 17:50:34 2026
#
#WARNING (NRIF-95) Option set_db route_top_routing_layer has invalid value "0". Reset to max routing layer "6".
#WARNING (NRIF-95) Option set_db route_top_routing_layer has invalid value "0". Reset to max routing layer "6".
# MET1         H   Track-Pitch = 0.5600    Line-2-Via Pitch = 0.4850
# MET2         V   Track-Pitch = 0.5600    Line-2-Via Pitch = 0.5600
# MET3         H   Track-Pitch = 0.5600    Line-2-Via Pitch = 0.5600
# MET4         V   Track-Pitch = 0.5600    Line-2-Via Pitch = 0.5600
# METTP        H   Track-Pitch = 1.1200    Line-2-Via Pitch = 0.9500
# METTPL       V   Track-Pitch = 5.6000    Line-2-Via Pitch = 5.5000
#Regenerating Ggrids automatically.
#Auto generating G-grids with size=15 tracks, using layer MET3's pitch = 0.5600.
#Using automatically generated G-grids.
#Done routing data preparation.
#cpu time = 00:00:00, elapsed time = 00:00:00, memory = 3112.82 (MB), peak = 3210.45 (MB)
#WARNING (NRIF-95) Option set_db route_top_routing_layer has invalid value "0". Reset to max routing layer "6".
#Start routing data preparation on Thu Aug 20 17:50:34 2026
#
#WARNING (NRIF-95) Option set_db route_top_routing_layer has invalid value "0". Reset to max routing layer "6".
#WARNING (NRIF-95) Option set_db route_top_routing_layer has invalid value "0". Reset to max routing layer "6".
#Bottom routing layer index=1(MET1), bottom routing layer for shielding=1(MET1), bottom shield layer=1(MET1)
#shield_bottom_stripe_layer=1(MET1), shield_top_stripe_layer=6(METTPL)
#pin_access_rlayer=2(MET2)
#shield_top_dpt_rlayer=-1 top_rlayer=6 top_trim_metal_rlayer=-1 rlayer_lowest=1 bottom_rlayer=1
#enable_trim_layer_shield=F enable_dpt_layer_shield=F has_line_end_grid=F
#enable_dpt_layer_shield=F
#has_line_end_grid=F
#Regenerating Ggrids automatically.
#Auto generating G-grids with size=15 tracks, using layer MET3's pitch = 0.5600.
#Using automatically generated G-grids.
#Done routing data preparation.
#cpu time = 00:00:10, elapsed time = 00:00:10, memory = 3126.82 (MB), peak = 3210.45 (MB)
#
#Start tQuantus RC extraction...
#Start building rc corner(s)...
#Number of RC Corner = 2
#Corner rc_best /apps/DESIGN_KITS/XFAB_xh018/XKIT/xh018/cadence/v10_1/QRC_assura/v10_1_1/XH018_1143/QRC-Min/qrcTechFile 0.000000 (real) 
#Corner rc_worst /apps/DESIGN_KITS/XFAB_xh018/XKIT/xh018/cadence/v10_1/QRC_assura/v10_1_1/XH018_1143/QRC-Max/qrcTechFile 85.000000 (real) 
#(i=6, n=6 1000)
#MET1 -> MET1 (1)
#MET2 -> MET2 (2)
#MET3 -> MET3 (3)
#MET4 -> MET4 (4)
#METTP -> METTP (5)
#METTPL -> METTPL (6)
#SADV-On
# Corner(s) : 
#rc_best [ 0.00] 
#rc_worst [85.00]
# Corner id: 0
# Layout Scale: 1.000000
# Has Metal Fill model: yes
# Temperature was set
# Temperature : 0.000000
# Ref. Temp   : 27.000000
# Corner id: 1
# Layout Scale: 1.000000
# Has Metal Fill model: yes
# Temperature was set
# Temperature : 85.000000
# Ref. Temp   : 27.000000
#SADV-Off
#total pattern=56 [12, 294]
#Reading previously stored rc_model file ( rc_model.bin ) ...
#found CAPMODEL /apps/DESIGN_KITS/XFAB_xh018/XKIT/xh018/cadence/v10_1/QRC_assura/v10_1_1/XH018_1143/QRC-Min/qrcTechFile
#found CAPMODEL /apps/DESIGN_KITS/XFAB_xh018/XKIT/xh018/cadence/v10_1/QRC_assura/v10_1_1/XH018_1143/QRC-Max/qrcTechFile
#found RESMODEL /apps/DESIGN_KITS/XFAB_xh018/XKIT/xh018/cadence/v10_1/QRC_assura/v10_1_1/XH018_1143/QRC-Min/qrcTechFile 0.000000 
#found RESMODEL /apps/DESIGN_KITS/XFAB_xh018/XKIT/xh018/cadence/v10_1/QRC_assura/v10_1_1/XH018_1143/QRC-Max/qrcTechFile 85.000000 
#CCE Version read = IQuantus/TQuantus 24.1.0-s201
#number model r/c [2,2] [12,294] read
#0 rcmodel(s) requires rebuild
#Build RC corners: cpu time = 00:00:01, elapsed time = 00:00:01, memory = 3128.98 (MB), peak = 3210.45 (MB)
#Start building rc corner(s)...
#Number of RC Corner = 2
#Corner rc_best /apps/DESIGN_KITS/XFAB_xh018/XKIT/xh018/cadence/v10_1/QRC_assura/v10_1_1/XH018_1143/QRC-Min/qrcTechFile 0.000000 (real) 
#Corner rc_worst /apps/DESIGN_KITS/XFAB_xh018/XKIT/xh018/cadence/v10_1/QRC_assura/v10_1_1/XH018_1143/QRC-Max/qrcTechFile 85.000000 (real) 
#(i=6, n=6 1000)
#MET1 -> MET1 (1)
#MET2 -> MET2 (2)
#MET3 -> MET3 (3)
#MET4 -> MET4 (4)
#METTP -> METTP (5)
#METTPL -> METTPL (6)
#SADV-On
# Corner(s) : 
#rc_best [ 0.00] 
#rc_worst [85.00]
# Corner id: 0
# Layout Scale: 1.000000
# Has Metal Fill model: yes
# Temperature was set
# Temperature : 0.000000
# Ref. Temp   : 27.000000
# Corner id: 1
# Layout Scale: 1.000000
# Has Metal Fill model: yes
# Temperature was set
# Temperature : 85.000000
# Ref. Temp   : 27.000000
#SADV-Off
#total pattern=56 [12, 294]
#Reading previously stored rc_model file ( rc_model.bin ) ...
#found CAPMODEL /apps/DESIGN_KITS/XFAB_xh018/XKIT/xh018/cadence/v10_1/QRC_assura/v10_1_1/XH018_1143/QRC-Min/qrcTechFile
#found CAPMODEL /apps/DESIGN_KITS/XFAB_xh018/XKIT/xh018/cadence/v10_1/QRC_assura/v10_1_1/XH018_1143/QRC-Max/qrcTechFile
#found RESMODEL /apps/DESIGN_KITS/XFAB_xh018/XKIT/xh018/cadence/v10_1/QRC_assura/v10_1_1/XH018_1143/QRC-Min/qrcTechFile 0.000000 
#found RESMODEL /apps/DESIGN_KITS/XFAB_xh018/XKIT/xh018/cadence/v10_1/QRC_assura/v10_1_1/XH018_1143/QRC-Max/qrcTechFile 85.000000 
#CCE Version read = IQuantus/TQuantus 24.1.0-s201
#number model r/c [2,2] [12,294] read
#0 rcmodel(s) requires rebuild
#Build RC corners: cpu time = 00:00:01, elapsed time = 00:00:01, memory = 3128.98 (MB), peak = 3210.45 (MB)
#Finish check_net_pin_list step Enter extract
#Start init net ripin tree building
#Finish init net ripin tree building
#Cpu time = 00:00:00
#Elapsed time = 00:00:00
#Increased memory = 0.00 (MB)
#Total memory = 3128.98 (MB)
#Peak memory = 3210.45 (MB)
#begin processing metal fill model file
#end processing metal fill model file
#WARNING (NRIF-95) Option set_db route_top_routing_layer has invalid value "0". Reset to max routing layer "6".
#Length limit = 200 pitches
#opt mode = 2
#Finish check_net_pin_list step Fix net pin list
#Start generate extraction boxes.
#
#Extract using 30 x 30 Hboxes
#2x2 initial hboxes
#Use area based hbox pruning.
#0/0 hboxes pruned.
#Complete generating extraction boxes.
#Extract 1 hboxes with single thread on machine with  Xeon 2.50GHz 28160KB Cache 80CPU...
#Process 0 special clock nets for rc extraction
#Total 668 nets were built. 0 nodes added to break long wires. 0 net(s) have incomplete routes.
#Run Statistics for Extraction:
#   Cpu time = 00:00:00, elapsed time = 00:00:00 .
#   Increased memory =    11.03 (MB), total memory =  3140.00 (MB), peak memory =  3210.45 (MB)
#Register nets and terms for rcdb /home/edu4chip_18/project_calendar/work/innovus_temp_3435128_b12acddd-786a-4b77-b4e7-160af6b8cafd_tallinn.emse.fr_edu4chip_18_DH9k1p/nr0_3435128_b12acddd-786a-4b77-b4e7-160af6b8cafd2PM3G9.rcdb.d
#Finish registering nets and terms for rcdb.
#Simplify RC tree: cpu time = 00:00:00, elapsed time = 00:00:00, memory = 3142.42 (MB), peak = 3210.45 (MB)
#WARNING (NRIF-95) Option set_db route_top_routing_layer has invalid value "0". Reset to max routing layer "6".
#RC Statistics: 2717 Res, 1389 Ground Cap, 177 XCap (Edge to Edge)
#WARNING (NREX-102) Net UNCONNECTED19 is not extracted due to Has no routing. The result of timing analysis involving such net is inaccurate.
#WARNING (NREX-102) Net UNCONNECTED20 is not extracted due to Has no routing. The result of timing analysis involving such net is inaccurate.
#WARNING (NREX-102) Net UNCONNECTED21 is not extracted due to Has no routing. The result of timing analysis involving such net is inaccurate.
#WARNING (NREX-102) Net UNCONNECTED22 is not extracted due to Has no routing. The result of timing analysis involving such net is inaccurate.
#WARNING (NREX-102) Net UNCONNECTED23 is not extracted due to Has no routing. The result of timing analysis involving such net is inaccurate.
#WARNING (NREX-102) Net UNCONNECTED24 is not extracted due to Has no routing. The result of timing analysis involving such net is inaccurate.
#WARNING (NREX-102) Net UNCONNECTED_HIER_Z17 is not extracted due to Has no routing. The result of timing analysis involving such net is inaccurate.
#WARNING (NREX-102) Net UNCONNECTED_HIER_Z18 is not extracted due to Has no routing. The result of timing analysis involving such net is inaccurate.
#WARNING (NREX-102) Net UNCONNECTED_HIER_Z19 is not extracted due to Has no routing. The result of timing analysis involving such net is inaccurate.
#WARNING (NREX-102) Net UNCONNECTED_HIER_Z20 is not extracted due to Has no routing. The result of timing analysis involving such net is inaccurate.
#WARNING (NREX-102) Net UNCONNECTED_HIER_Z21 is not extracted due to Has no routing. The result of timing analysis involving such net is inaccurate.
#WARNING (NREX-102) Net UNCONNECTED_HIER_Z22 is not extracted due to Has no routing. The result of timing analysis involving such net is inaccurate.
#WARNING (NREX-102) Net UNCONNECTED_HIER_Z23 is not extracted due to Has no routing. The result of timing analysis involving such net is inaccurate.
#WARNING (NREX-102) Net UNCONNECTED_HIER_Z24 is not extracted due to Has no routing. The result of timing analysis involving such net is inaccurate.
#WARNING (NREX-102) Net UNCONNECTED_HIER_Z25 is not extracted due to Has no routing. The result of timing analysis involving such net is inaccurate.
#WARNING (NREX-102) Net UNCONNECTED_HIER_Z26 is not extracted due to Has no routing. The result of timing analysis involving such net is inaccurate.
#WARNING (NREX-102) Net UNCONNECTED_HIER_Z27 is not extracted due to Has no routing. The result of timing analysis involving such net is inaccurate.
#WARNING (NREX-102) Net UNCONNECTED_HIER_Z28 is not extracted due to Has no routing. The result of timing analysis involving such net is inaccurate.
#WARNING (NREX-102) Net UNCONNECTED_HIER_Z29 is not extracted due to Has no routing. The result of timing analysis involving such net is inaccurate.
#WARNING (NREX-102) Net UNCONNECTED_HIER_Z30 is not extracted due to Has no routing. The result of timing analysis involving such net is inaccurate.
#WARNING (EMS-27) Message (NREX-102) has exceeded the current message display limit of 20.
#To increase the message display limit, refer to the product command reference manual.
#RC V/H edge ratio: 0.30, Avg V/H Edge Length: 2086.38 (1395), Avg L-Edge Length: 8218.52 (834)
#Nets and terms are pre-registered for rcdb /home/edu4chip_18/project_calendar/work/innovus_temp_3435128_b12acddd-786a-4b77-b4e7-160af6b8cafd_tallinn.emse.fr_edu4chip_18_DH9k1p/nr0_3435128_b12acddd-786a-4b77-b4e7-160af6b8cafd2PM3G9.rcdb.d.
#Start writing RC data.
#Finish writing RC data
#Finish writing rcdb with 3413 nodes, 2745 edges, and 392 xcaps
#cpu time = 00:00:00, elapsed time = 00:00:00, memory = 3138.03 (MB), peak = 3210.45 (MB)
Restoring parasitic data from file '/home/edu4chip_18/project_calendar/work/innovus_temp_3435128_b12acddd-786a-4b77-b4e7-160af6b8cafd_tallinn.emse.fr_edu4chip_18_DH9k1p/nr0_3435128_b12acddd-786a-4b77-b4e7-160af6b8cafd2PM3G9.rcdb.d' ...
Reading RCDB with compressed RC data.
Reading RCDB with compressed RC data.
Begin read_parasitics... (cpu: 0:00:00.0 real: 0:00:00.0 mem: 3138.043M)
Following multi-corner parasitics specified:
	/home/edu4chip_18/project_calendar/work/innovus_temp_3435128_b12acddd-786a-4b77-b4e7-160af6b8cafd_tallinn.emse.fr_edu4chip_18_DH9k1p/nr0_3435128_b12acddd-786a-4b77-b4e7-160af6b8cafd2PM3G9.rcdb.d (rcdb)
Reading RCDB with compressed RC data.
		Cell top has rcdb /home/edu4chip_18/project_calendar/work/innovus_temp_3435128_b12acddd-786a-4b77-b4e7-160af6b8cafd_tallinn.emse.fr_edu4chip_18_DH9k1p/nr0_3435128_b12acddd-786a-4b77-b4e7-160af6b8cafd2PM3G9.rcdb.d specified
Cell top, hinst 
Reading RCDB with compressed RC data.
Done read_parasitics... (cpu: 0:00:00.1 real: 0:00:00.0 mem: 3139.492M)
#
#Restore RCDB.
#
#Complete tQuantus RC extraction.
#Cpu time = 00:00:02
#Elapsed time = 00:00:02
#Increased memory = 12.13 (MB)
#Total memory = 3138.95 (MB)
#Peak memory = 3210.45 (MB)
#
#0 inserted nodes are removed
#Restored 0 tie nets, 0 tie snets, 0 partial nets
#Start Design Signature (0)
#Finish Inst Signature in MT(25217658)
#Finish Net Signature in MT(83212954)
#Finish SNet Signature in MT (86943501)
#Run time and memory report for RC extraction:
#RC extraction running on  Xeon 2.50GHz 28160KB Cache 80CPU.
#Run Statistics for snet signature:
#   Cpu time = 00:00:00, elapsed time = 00:00:00 .
#   Increased memory =     0.00 (MB), total memory =  3123.91 (MB), peak memory =  3210.45 (MB)
#Run Statistics for Net Final Signature:
#   Cpu time = 00:00:00, elapsed time = 00:00:00 .
#   Increased memory =     0.00 (MB), total memory =  3123.91 (MB), peak memory =  3210.45 (MB)
#Run Statistics for Net launch:
#   Cpu time = 00:00:00, elapsed time = 00:00:00 .
#   Increased memory =     0.00 (MB), total memory =  3123.91 (MB), peak memory =  3210.45 (MB)
#Run Statistics for Net init_dbsNet_slist:
#   Cpu time = 00:00:00, elapsed time = 00:00:00 .
#   Increased memory =     0.00 (MB), total memory =  3123.91 (MB), peak memory =  3210.45 (MB)
#Run Statistics for net signature:
#   Cpu time = 00:00:00, elapsed time = 00:00:00 .
#   Increased memory =     0.00 (MB), total memory =  3123.91 (MB), peak memory =  3210.45 (MB)
#Run Statistics for inst signature:
#   Cpu time = 00:00:00, elapsed time = 00:00:00 .
#   Increased memory =    -0.68 (MB), total memory =  3123.91 (MB), peak memory =  3210.45 (MB)
**opt_design ... cpu = 0:00:47, real = 0:01:35, mem = 3123.9M, totSessionCpu=0:04:16 **
Starting delay calculation for Setup views
AAE_INFO: opIsDesignInPostRouteState() is 1
AAE_INFO: resetNetProps viewIdx 0 
Starting SI iteration 1 using Infinite Timing Windows
#################################################################################
# Design Stage: PostRoute
# Design Name: top
# Design Mode: 180nm
# Analysis Mode: MMMC OCV 
# Parasitics Mode: SPEF/RCDB 
# Signoff Settings: SI On 
#################################################################################
AAE_INFO: 1 threads acquired from CTE.
Start delay calculation (fullDC) (1 T). (MEM=3103.25)
Initializing multi-corner resistance tables ...
Reading RCDB with compressed RC data.
Total number of fetched objects 668
AAE_INFO: Total number of nets for which stage creation was skipped for all views 0
AAE_INFO-618: Total number of nets in the design is 812,  83.3 percent of the nets selected for SI analysis
End delay calculation. (MEM=3130.43 CPU=0:00:00.3 REAL=0:00:01.0)
End delay calculation (fullDC). (MEM=3130.43 CPU=0:00:00.5 REAL=0:00:01.0)
Save waveform /home/edu4chip_18/project_calendar/work/innovus_temp_3435128_b12acddd-786a-4b77-b4e7-160af6b8cafd_tallinn.emse.fr_edu4chip_18_DH9k1p/.AAE_vFi479/.AAE_3435128_b12acddd-786a-4b77-b4e7-160af6b8cafd/waveform.data...
Loading CTE timing window with TwFlowType 0...(CPU = 0:00:00.0, REAL = 0:00:00.0, MEM = 3130.5M)
Add other clocks and setupCteToAAEClockMapping during iter 1
Loading CTE timing window is completed (CPU = 0:00:00.0, REAL = 0:00:00.0, MEM = 3130.6M)
Starting SI iteration 2
Start delay calculation (fullDC) (1 T). (MEM=3125.64)
Glitch Analysis: View analysis_normal_slow_max -- Total Number of Nets Skipped = 14. 
Glitch Analysis: View analysis_normal_slow_max -- Total Number of Nets Analyzed = 676. 
Total number of fetched objects 668
AAE_INFO: Total number of nets for which stage creation was skipped for all views 0
AAE_INFO-618: Total number of nets in the design is 812,  10.0 percent of the nets selected for SI analysis
End delay calculation. (MEM=3131.58 CPU=0:00:00.1 REAL=0:00:00.0)
End delay calculation (fullDC). (MEM=3131.58 CPU=0:00:00.1 REAL=0:00:00.0)
*** Done Building Timing Graph (cpu=0:00:01.9 real=0:00:03.0 totSessionCpu=0:04:18 mem=3125.1M)
** INFO: Initializing Glitch Interface

OptSummary:

------------------------------------------------------------------
       Post-ecoRoute Summary
------------------------------------------------------------------

Setup views included:
 analysis_normal_slow_max 

+--------------------+---------+---------+---------+
|     Setup mode     |   all   | reg2reg | default |
+--------------------+---------+---------+---------+
|           WNS (ns):|  0.000  |   N/A   |  0.000  |
|           TNS (ns):|  0.000  |   N/A   |  0.000  |
|    Violating Paths:|    0    |   N/A   |    0    |
|          All Paths:|    0    |   N/A   |    0    |
+--------------------+---------+---------+---------+

+----------------+-------------------------------+------------------+
|                |              Real             |       Total      |
|    DRVs        +------------------+------------+------------------|
|                |  Nr nets(terms)  | Worst Vio  |  Nr nets(terms)  |
+----------------+------------------+------------+------------------+
|   max_cap      |      0 (0)       |   0.000    |      0 (0)       |
|   max_tran     |      0 (0)       |   0.000    |      0 (0)       |
|   max_fanout   |      0 (0)       |     0      |      0 (0)       |
|   max_length   |      0 (0)       |     0      |      0 (0)       |
+----------------+------------------+------------+------------------+

Density: 79.904%
------------------------------------------------------------------
**opt_design ... cpu = 0:00:49, real = 0:01:38, mem = 3123.5M, totSessionCpu=0:04:19 **
Executing marking Critical Nets1
** INFO: Initializing Glitch Interface
** INFO: Initializing Glitch Cache
**INFO: flowCheckPoint #6 OptimizationRecovery
*** Check timing (0:00:00.0)
VT info 7.14309031556 7
**WARN: (IMPOPT-7293):	Vt partitioning has found only one partition, so aborting this LEF Safe optimization step. Please run report_power -leakage to get more info on the Vt partition created.
Running postRoute recovery in postEcoRoute mode
**opt_design ... cpu = 0:00:49, real = 0:01:38, mem = 3123.5M, totSessionCpu=0:04:19 **
** INFO: Initializing Glitch Interface
Checking setup slack degradation ...
Checking DRV degradation...
**INFO: Skipping DRV recovery as drv did not degrade beyond margin
** INFO Cleaning up Glitch Interface
Finish postRoute recovery in postEcoRoute mode (cpu=0:00:00, real=0:00:00, mem=3123.54M, totSessionCpu=0:04:19).
**opt_design ... cpu = 0:00:49, real = 0:01:38, mem = 3123.5M, totSessionCpu=0:04:19 **

Latch borrow mode reset to max_borrow
**INFO: flowCheckPoint #7 FinalSummary
OPTC: user 20.0 (reset)
Reported timing to dir ./timingReports
**opt_design ... cpu = 0:00:49, real = 0:01:39, mem = 3123.1M, totSessionCpu=0:04:19 **
** INFO: Initializing Glitch Interface
** INFO: Initializing Glitch Interface

OptSummary:

------------------------------------------------------------------
     opt_design Final SI Timing Summary
------------------------------------------------------------------

Setup views included:
 analysis_normal_slow_max 

+--------------------+---------+---------+---------+
|     Setup mode     |   all   | reg2reg | default |
+--------------------+---------+---------+---------+
|           WNS (ns):|  0.000  |   N/A   |  0.000  |
|           TNS (ns):|  0.000  |   N/A   |  0.000  |
|    Violating Paths:|    0    |   N/A   |    0    |
|          All Paths:|    0    |   N/A   |    0    |
+--------------------+---------+---------+---------+

+----------------+-------------------------------+------------------+
|                |              Real             |       Total      |
|    DRVs        +------------------+------------+------------------|
|                |  Nr nets(terms)  | Worst Vio  |  Nr nets(terms)  |
+----------------+------------------+------------+------------------+
|   max_cap      |      0 (0)       |   0.000    |      0 (0)       |
|   max_tran     |      0 (0)       |   0.000    |      0 (0)       |
|   max_fanout   |      0 (0)       |     0      |      0 (0)       |
|   max_length   |      0 (0)       |     0      |      0 (0)       |
+----------------+------------------+------------+------------------+

Density: 79.904%
------------------------------------------------------------------
Begin: Collecting metrics
 ---------------------------------------------------------------------------------------------------------------------- 
| Snapshot           | WNS                  | TNS                  | Density (%) | Resource               | DRVs       |
|                    | HEPG (ns) | ALL (ns) | HEPG (ns) | ALL (ns) |             | Real (s) | Memory (MB) | Tran | Cap |
|--------------------+-----------+----------+-----------+----------+-------------+----------+-------------+------+-----|
| initial_summary    |           |          |           |          |       79.90 | 0:00:08  |        3138 |    0 |   0 |
| drv_eco_fixing     |     0.000 |    0.000 |         0 |        0 |       79.90 | 0:00:04  |        3145 |    0 |   0 |
| wns_fixing         |     0.000 |    0.000 |         0 |        0 |       79.90 | 0:00:04  |        3165 |      |     |
| tns_fixing         |     0.000 |    0.000 |         0 |        0 |       79.90 | 0:00:04  |        3170 |      |     |
| route_type_fixing  |           |          |           |          |             | 0:00:00  |        3163 |      |     |
| pre_route_summary  |           |          |           |          |       79.90 | 0:00:00  |        3161 |    0 |   0 |
| eco_route          |           |          |           |          |             | 0:00:12  |        3112 |      |     |
| post_route_summary |           |          |           |          |       79.90 | 0:00:03  |        3123 |    0 |   0 |
| final_summary      |           |    0.000 |           |        0 |       79.90 | 0:00:02  |        3124 |    0 |   0 |
 ---------------------------------------------------------------------------------------------------------------------- 
End: Collecting metrics
**opt_design ... cpu = 0:00:50, real = 0:01:41, mem = 3124.1M, totSessionCpu=0:04:20 **
 ReSet Options after AAE Based Opt flow 
*** Finished opt_design ***
      flow.cputime  flow.realtime  timing.setup.tns  timing.setup.wns  snapshot
UM:*                                                                   final
      flow.cputime  flow.realtime  timing.setup.tns  timing.setup.wns  snapshot
UM:*                                                                   opt_design_postroute
Info: final physical memory for 2 CRR processes is 1106.43MB.
Info: Summary of CRR changes:
      - Timing transform commits:       0
Info: Destroy the CCOpt slew target map.

*** Summary of all messages that are not suppressed in this session:
Severity  ID               Count  Summary                                  
WARNING   IMPOPT-7293          1  Vt partitioning has found only one parti...
WARNING   IMPOPT-7320          1  Glitch fixing has been disabled since gl...
WARNING   IMPOPT-306           1  Found placement violations in the postRo...
WARNING   NREX-102           144  Net %s is not extracted due to %s. The r...
WARNING   NRIF-95              9  Option set_db route_top_routing_layer ha...
*** Message Summary: 156 warning(s), 0 error(s)

*** opt_design #1 [finish] () : cpu/real = 0:00:50.9/0:02:08.1 (0.4), totSession cpu/real = 0:04:20.7/0:07:55.0 (0.5), mem = 3128.1M
@@file 16: opt_design -post_route -hold
**opt_design ... cpu = 0:00:00, real = 0:00:00, mem = 3065.6M, totSessionCpu=0:04:21 **
*** opt_design #2 [begin] () : totSession cpu/real = 0:04:20.7/0:07:55.0 (0.5), mem = 3065.6M
GigaOpt running with 1 threads.
*** InitOpt #1 [begin] (opt_design #2) : totSession cpu/real = 0:04:20.7/0:07:55.0 (0.5), mem = 3065.6M
**INFO: User settings:
delaycal_default_net_delay                                                          1000ps
delaycal_default_net_load                                                           0.5pf
delaycal_enable_high_fanout                                                         true
delaycal_enable_ideal_seq_async_pins                                                false
delaycal_enable_si                                                                  true
delaycal_eng_enablepreplacedflow                                                    false
delaycal_ignore_net_load                                                            false
delaycal_input_transition_delay                                                     0.1ps
delaycal_socv_accuracy_mode                                                         low
delaycal_use_default_delay_limit                                                    1000
setAnalysisMode -skew                                                               true
setAnalysisMode -virtualIPO                                                         false
setDelayCalMode -enable_hier_save_restore_flow                                      false
setDelayCalMode -engine                                                             aae
design_process_node                                                                 180
extract_rc_coupled                                                                  true
extract_rc_coupling_cap_threshold                                                   3.0
extract_rc_engine                                                                   post_route
extract_rc_net_count_in_memory                                                      100000
extract_rc_post_route_no_clean_rcdb                                                 true
extract_rc_relative_cap_threshold                                                   0.03
extract_rc_shrink_factor                                                            1.0
extract_rc_total_cap_threshold                                                      5.0
opt_delete_insts                                                                    true
opt_drv                                                                             true
opt_drv_margin                                                                      0.0
opt_hier_trial_route_honor_read_only                                                false
opt_resize_flip_flops                                                               true
opt_setup_target_slack                                                              0.0
opt_view_pruning_setup_views_active_list                                            { analysis_normal_slow_max }
opt_view_pruning_setup_views_persistent_list                                        { analysis_normal_slow_max}
opt_view_pruning_tdgr_setup_views_persistent_list                                   { analysis_normal_slow_max}
setHierMode -disableArt                                                             false
setHierMode -reportPostRouteArtTiming                                               false
place_global_place_io_pins                                                          true
extract_design_signature                                                            86943501
extract_rc_model_file                                                               rc_model.bin
route_detail_antenna_factor                                                         1.0
route_detail_post_route_spread_wire                                                 auto
route_detail_use_lef_pin_taper_rule                                                 true
route_detail_use_min_spacing_for_blockage                                           auto
route_extract_third_party_compatible                                                false
route_global_exp_timing_driven_std_delay                                            117.7
route_global_exp_timing_driven_use_tif_timing_engine_for_import_design              false
route_strict_honor_route_rule                                                       false
route_with_si_post_route_fix                                                        false
setNanoRouteMode -drouteStartIteration                                              0
setNanoRouteMode -timingEngine                                                      .timing_file_3435128_b12acddd-786a-4b77-b4e7-160af6b8cafd.tif.gz
getAnalysisMode -skew                                                               true
getAnalysisMode -virtualIPO                                                         false
getDelayCalMode -enable_hier_save_restore_flow                                      false
getDelayCalMode -engine                                                             aae
getHierMode -disableArt                                                             false
getHierMode -reportPostRouteArtTiming                                               false
get_power_analysis_mode -report_power_quiet                                         false
getNanoRouteMode -drouteStartIteration                                              0
getNanoRouteMode -timingEngine                                                      .timing_file_3435128_b12acddd-786a-4b77-b4e7-160af6b8cafd.tif.gz
getAnalysisMode -skew                                                               true
getAnalysisMode -virtualIPO                                                         false
**INFO: set_db design_flow_effort standard -> setting 'set_db opt_all_end_points true' for the duration of this command.
Disable merging buffers from different footprints for postRoute code for non-MSV designs
Need call spDPlaceInit before registerPrioInstLoc.
	CornerforLayerOpt timing analysis view analysis_normal_slow_max has been selected for calibration 
	CornerforLayerOpt timing analysis view analysis_normal_slow_max has been selected for calibration 
	CornerforLayerOpt timing analysis view analysis_normal_slow_max has been selected for calibration 
	CornerforLayerOpt timing analysis view analysis_normal_slow_max has been selected for calibration 
**WARN: (IMPOPT-7320):	Glitch fixing has been disabled since glitch reporting is disabled. Glitch reporting can be enabled using command set_db si_glitch_enable_report true
**INFO: Using Advanced Metric Collection system.
**opt_design ... cpu = 0:00:03, real = 0:00:03, mem = 3126.9M, totSessionCpu=0:04:24 **
Existing Dirty Nets : 0
New Signature Flow (optDesignCheckOptions) ....
#Taking db snapshot
#Taking db snapshot ... done
Begin checking placement ... (start mem=3126.9M, init mem=3126.9M)
*info: Placed = 577           
*info: Unplaced = 0           
Placement Density:79.90%(14673/18364)
Placement Density (including fixed std cells):79.90%(14673/18364)
Finished check_place (total: cpu=0:00:00.2, real=0:00:00.0; vio checks: cpu=0:00:00.0, real=0:00:00.0; mem=3127.1M)
#optDebug: { P: 180 W: 4201 FE: standard PE: none LDR: 1}
 Initial DC engine is -> aae
 
 AAE-Opt:: Current number of nets in RC Memory -> 100 K
 
 
 AAE-Opt:: New number of nets in RC Memory -> 100 K
 
Reset EOS DB
Ignoring AAE DB Resetting ...
 Set Options for AAE Based Opt flow 
*** opt_design -post_route ***
DRC Margin: user margin 0.0; extra margin 0
Setup Target Slack: user slack 0
Hold Target Slack: user slack 0
*** InitOpt #1 [finish] (opt_design #2) : cpu/real = 0:00:03.6/0:00:03.6 (1.0), totSession cpu/real = 0:04:24.3/0:07:58.6 (0.6), mem = 3127.1M
** INFO : this run is activating 'postRoute' automaton
**INFO: flowCheckPoint #8 InitialSummary
#Start Design Signature (0)
#Finish Inst Signature in MT(25217658)
#Finish Net Signature in MT(83212954)
#Finish SNet Signature in MT (86943501)
#Run time and memory report for RC extraction:
#RC extraction running on  Xeon 2.50GHz 28160KB Cache 80CPU.
#Run Statistics for snet signature:
#   Cpu time = 00:00:00, elapsed time = 00:00:00 .
#   Increased memory =     0.00 (MB), total memory =  3122.97 (MB), peak memory =  3210.45 (MB)
#Run Statistics for Net Final Signature:
#   Cpu time = 00:00:00, elapsed time = 00:00:00 .
#   Increased memory =     0.00 (MB), total memory =  3122.97 (MB), peak memory =  3210.45 (MB)
#Run Statistics for Net launch:
#   Cpu time = 00:00:00, elapsed time = 00:00:00 .
#   Increased memory =     0.00 (MB), total memory =  3122.97 (MB), peak memory =  3210.45 (MB)
#Run Statistics for Net init_dbsNet_slist:
#   Cpu time = 00:00:00, elapsed time = 00:00:00 .
#   Increased memory =     0.00 (MB), total memory =  3122.97 (MB), peak memory =  3210.45 (MB)
#Run Statistics for net signature:
#   Cpu time = 00:00:00, elapsed time = 00:00:00 .
#   Increased memory =     0.00 (MB), total memory =  3122.97 (MB), peak memory =  3210.45 (MB)
#Run Statistics for inst signature:
#   Cpu time = 00:00:00, elapsed time = 00:00:00 .
#   Increased memory =    -4.06 (MB), total memory =  3122.97 (MB), peak memory =  3210.45 (MB)
The design is extracted. Skipping TQuantus.
** INFO: Initializing Glitch Interface
** INFO: Initializing Glitch Cache
**INFO: flowCheckPoint #9 OptimizationHold
HoldOpt: Enabling setup slack weighting
GigaOpt Hold Optimizer is used
GigaOpt Checkpoint: Internal optHold -postRoute -maxLocalDensity 1.0 -numThreads 1 -nativePathGroupFlow -viewPruneEffortLevel 1
Reading RCDB with compressed RC data.
Weighted std delay called for without CTE being in correct state, Using unweighted std delay
Weighted std delay called for without CTE being in correct state, Using unweighted std delay
Weighted std delay called for without CTE being in correct state, Using unweighted std delay
Starting initialization (fixHold) cpu=0:00:00.0 real=0:00:00.0 totSessionCpu=0:04:26 mem=3128.7M ***
*** BuildHoldData #1 [begin] (opt_design #2) : totSession cpu/real = 0:04:26.4/0:08:00.7 (0.6), mem = 3128.7M
Saving timing graph ...
Done save timing graph
Starting delay calculation for Hold views
AAE_INFO: opIsDesignInPostRouteState() is 1
AAE_INFO: resetNetProps viewIdx 1 
Starting SI iteration 1 using Infinite Timing Windows
#################################################################################
# Design Stage: PostRoute
# Design Name: top
# Design Mode: 180nm
# Analysis Mode: MMMC OCV 
# Parasitics Mode: SPEF/RCDB 
# Signoff Settings: SI On 
#################################################################################
AAE_INFO: 1 threads acquired from CTE.
Start delay calculation (fullDC) (1 T). (MEM=3143.45)
*** Calculating scaling factor for fast libraries using the default operating condition of each library.
Total number of fetched objects 668
AAE_INFO: Total number of nets for which stage creation was skipped for all views 0
AAE_INFO-618: Total number of nets in the design is 812,  83.0 percent of the nets selected for SI analysis
End delay calculation. (MEM=3167.24 CPU=0:00:00.3 REAL=0:00:01.0)
End delay calculation (fullDC). (MEM=3167.24 CPU=0:00:00.4 REAL=0:00:01.0)
Save waveform /home/edu4chip_18/project_calendar/work/innovus_temp_3435128_b12acddd-786a-4b77-b4e7-160af6b8cafd_tallinn.emse.fr_edu4chip_18_DH9k1p/.AAE_vFi479/.AAE_3435128_b12acddd-786a-4b77-b4e7-160af6b8cafd/waveform.data...
Loading CTE timing window with TwFlowType 0...(CPU = 0:00:00.0, REAL = 0:00:00.0, MEM = 3167.2M)
Add other clocks and setupCteToAAEClockMapping during iter 1
Loading CTE timing window is completed (CPU = 0:00:00.0, REAL = 0:00:00.0, MEM = 3167.3M)

Executing IPO callback for view pruning ..
Starting SI iteration 2
Start delay calculation (fullDC) (1 T). (MEM=3124.23)
Glitch Analysis: View analysis_normal_fast_min -- Total Number of Nets Skipped = 10. 
Glitch Analysis: View analysis_normal_fast_min -- Total Number of Nets Analyzed = 676. 
Total number of fetched objects 668
AAE_INFO: Total number of nets for which stage creation was skipped for all views 0
AAE_INFO-618: Total number of nets in the design is 812,  9.7 percent of the nets selected for SI analysis
End delay calculation. (MEM=3128.97 CPU=0:00:00.1 REAL=0:00:00.0)
End delay calculation (fullDC). (MEM=3128.97 CPU=0:00:00.1 REAL=0:00:00.0)
*** Done Building Timing Graph (cpu=0:00:01.8 real=0:00:02.0 totSessionCpu=0:04:29 mem=3128.8M)

Active hold views:
 analysis_normal_fast_min
  Dominating endpoints: 0
  Dominating TNS: -0.000

Done building cte hold timing graph (fixHold) cpu=0:00:02.8 real=0:00:03.0 totSessionCpu=0:04:29 mem=3133.5M ***
Restoring timing graph ...
AAE_INFO: Resetting and re-constructing cache for AAE clocks ...
Done restore timing graph
Done building cte setup timing graph (fixHold) cpu=0:00:05.8 real=0:00:06.0 totSessionCpu=0:04:32 mem=3221.8M ***
OPTC: m4 20.0 50.0 [ 461168601842738790400.0 20.0 50.0 ]
OPTC: view 50.0:461168601842738790400.0 [ 0.0500 ]
Setting latch borrow mode to budget during optimization.
** INFO: Initializing Glitch Interface

*Info: minBufDelay = 244.2 ps, libStdDelay = 117.7 ps, minBufSize = 10035200 (4.0)
*Info: worst delay setup view: analysis_normal_slow_max
** INFO: Initializing Glitch Interface

OptSummary:

------------------------------------------------------------------
     Hold Opt Initial Summary
------------------------------------------------------------------

Setup views included:
 analysis_normal_slow_max
Hold views included:
 analysis_normal_fast_min

+--------------------+---------+---------+---------+
|     Setup mode     |   all   | reg2reg | default |
+--------------------+---------+---------+---------+
|           WNS (ns):|  0.000  |   N/A   |  0.000  |
|           TNS (ns):|  0.000  |   N/A   |  0.000  |
|    Violating Paths:|    0    |   N/A   |    0    |
|          All Paths:|    0    |   N/A   |    0    |
+--------------------+---------+---------+---------+

+--------------------+---------+---------+---------+
|     Hold mode      |   all   | reg2reg | default |
+--------------------+---------+---------+---------+
|           WNS (ns):|  0.000  |   N/A   |  0.000  |
|           TNS (ns):|  0.000  |   N/A   |  0.000  |
|    Violating Paths:|    0    |   N/A   |    0    |
|          All Paths:|    0    |   N/A   |    0    |
+--------------------+---------+---------+---------+

+----------------+-------------------------------+------------------+
|                |              Real             |       Total      |
|    DRVs        +------------------+------------+------------------|
|                |  Nr nets(terms)  | Worst Vio  |  Nr nets(terms)  |
+----------------+------------------+------------+------------------+
|   max_cap      |      0 (0)       |   0.000    |      0 (0)       |
|   max_tran     |      0 (0)       |   0.000    |      0 (0)       |
|   max_fanout   |      0 (0)       |     0      |      0 (0)       |
|   max_length   |      0 (0)       |     0      |      0 (0)       |
+----------------+------------------+------------+------------------+

Density: 79.904%
------------------------------------------------------------------
**INFO: Optimization is fixing the slack violation with the following view based weighting factors
slack weights for setup views:
    analysis_normal_slow_max: 1.000
**opt_design ... cpu = 0:00:16, real = 0:00:17, mem = 3171.9M, totSessionCpu=0:04:37 **
*** BuildHoldData #1 [finish] (opt_design #2) : cpu/real = 0:00:10.6/0:00:11.5 (0.9), totSession cpu/real = 0:04:37.1/0:08:12.2 (0.6), mem = 3171.9M
*** HoldOpt #1 [begin] (opt_design #2) : totSession cpu/real = 0:04:37.1/0:08:12.2 (0.6), mem = 3171.9M
*info: Run opt_design holdfix with 1 thread.
*** Hold timing is met. Hold fixing is not needed 
**INFO: total 0 insts, 0 nets marked don't touch
**INFO: total 0 insts, 0 nets marked don't touch DB property
**INFO: total 0 insts, 0 nets unmarked don't touch
*** HoldOpt #1 [finish] (opt_design #2) : cpu/real = 0:00:00.7/0:00:00.7 (1.0), totSession cpu/real = 0:04:37.7/0:08:12.9 (0.6), mem = 3174.2M
Running postRoute recovery in preEcoRoute mode
**opt_design ... cpu = 0:00:17, real = 0:00:18, mem = 3172.1M, totSessionCpu=0:04:38 **
** INFO: Initializing Glitch Interface
Checking DRV degradation...
**INFO: Skipping DRV recovery as drv did not degrade beyond margin
Finish postRoute recovery in preEcoRoute mode (cpu=0:00:00, real=0:00:00, mem=3172.15M, totSessionCpu=0:04:38).
**opt_design ... cpu = 0:00:17, real = 0:00:18, mem = 3172.1M, totSessionCpu=0:04:38 **

** INFO: Initializing Glitch Interface
Running refinePlace -preserveRouting true -hardFence false
*** Starting place_detail (0:04:38 mem=3174.7M) ***
Move report: Detail placement moved 0 insts, mean move: 0.00 um, max move: 0.00 um 
	Runtime: CPU: 0:00:00.1 REAL: 0:00:00.0 MEM: 3174.4MB
Summary Report:
Instances moved: 0 (out of 577 movable)
Instances flipped: 0
Mean displacement: 0.00 um
Max displacement: 0.00 um 
Physical-only instances moved: 0 (out of 0 movable physical-only)
Runtime: CPU: 0:00:00.1 REAL: 0:00:00.0 MEM: 3174.4MB
*** Finished place_detail (0:04:38 mem=3174.4M) ***
Latch borrow mode reset to max_borrow
**INFO: flowCheckPoint #10 FinalSummary
OPTC: user 20.0 (reset)
Reported timing to dir ./timingReports
**opt_design ... cpu = 0:00:18, real = 0:00:19, mem = 3171.8M, totSessionCpu=0:04:38 **
Saving timing graph ...
Done save timing graph
Starting delay calculation for Hold views
AAE_INFO: opIsDesignInPostRouteState() is 1
AAE_INFO: resetNetProps viewIdx 1 
Starting SI iteration 1 using Infinite Timing Windows
#################################################################################
# Design Stage: PostRoute
# Design Name: top
# Design Mode: 180nm
# Analysis Mode: MMMC OCV 
# Parasitics Mode: SPEF/RCDB 
# Signoff Settings: SI On 
#################################################################################
AAE_INFO: 1 threads acquired from CTE.
Start delay calculation (fullDC) (1 T). (MEM=3143.21)
*** Calculating scaling factor for fast libraries using the default operating condition of each library.
Total number of fetched objects 668
AAE_INFO: Total number of nets for which stage creation was skipped for all views 0
AAE_INFO-618: Total number of nets in the design is 812,  83.0 percent of the nets selected for SI analysis
End delay calculation. (MEM=3168.09 CPU=0:00:00.2 REAL=0:00:00.0)
End delay calculation (fullDC). (MEM=3168.09 CPU=0:00:00.3 REAL=0:00:00.0)
Save waveform /home/edu4chip_18/project_calendar/work/innovus_temp_3435128_b12acddd-786a-4b77-b4e7-160af6b8cafd_tallinn.emse.fr_edu4chip_18_DH9k1p/.AAE_vFi479/.AAE_3435128_b12acddd-786a-4b77-b4e7-160af6b8cafd/waveform.data...
Loading CTE timing window with TwFlowType 0...(CPU = 0:00:00.0, REAL = 0:00:00.0, MEM = 3168.0M)
Add other clocks and setupCteToAAEClockMapping during iter 1
Loading CTE timing window is completed (CPU = 0:00:00.0, REAL = 0:00:00.0, MEM = 3168.2M)
Starting SI iteration 2
Start delay calculation (fullDC) (1 T). (MEM=3132.16)
Glitch Analysis: View analysis_normal_fast_min -- Total Number of Nets Skipped = 10. 
Glitch Analysis: View analysis_normal_fast_min -- Total Number of Nets Analyzed = 676. 
Total number of fetched objects 668
AAE_INFO: Total number of nets for which stage creation was skipped for all views 0
AAE_INFO-618: Total number of nets in the design is 812,  9.7 percent of the nets selected for SI analysis
End delay calculation. (MEM=3134.7 CPU=0:00:00.1 REAL=0:00:00.0)
End delay calculation (fullDC). (MEM=3134.7 CPU=0:00:00.1 REAL=0:00:00.0)
*** Done Building Timing Graph (cpu=0:00:01.1 real=0:00:01.0 totSessionCpu=0:04:40 mem=3129.9M)
Restoring timing graph ...
AAE_INFO: Resetting and re-constructing cache for AAE clocks ...
Done restore timing graph
** INFO: Initializing Glitch Interface
** INFO: Initializing Glitch Interface

OptSummary:

------------------------------------------------------------------
     opt_design Final SI Timing Summary
------------------------------------------------------------------

Setup views included:
 analysis_normal_slow_max 
Hold views included:
 analysis_normal_fast_min

+--------------------+---------+---------+---------+
|     Setup mode     |   all   | reg2reg | default |
+--------------------+---------+---------+---------+
|           WNS (ns):|  0.000  |   N/A   |  0.000  |
|           TNS (ns):|  0.000  |   N/A   |  0.000  |
|    Violating Paths:|    0    |   N/A   |    0    |
|          All Paths:|    0    |   N/A   |    0    |
+--------------------+---------+---------+---------+

+--------------------+---------+---------+---------+
|     Hold mode      |   all   | reg2reg | default |
+--------------------+---------+---------+---------+
|           WNS (ns):|  0.000  |   N/A   |  0.000  |
|           TNS (ns):|  0.000  |   N/A   |  0.000  |
|    Violating Paths:|    0    |   N/A   |    0    |
|          All Paths:|    0    |   N/A   |    0    |
+--------------------+---------+---------+---------+

+----------------+-------------------------------+------------------+
|                |              Real             |       Total      |
|    DRVs        +------------------+------------+------------------|
|                |  Nr nets(terms)  | Worst Vio  |  Nr nets(terms)  |
+----------------+------------------+------------+------------------+
|   max_cap      |      0 (0)       |   0.000    |      0 (0)       |
|   max_tran     |      0 (0)       |   0.000    |      0 (0)       |
|   max_fanout   |      0 (0)       |     0      |      0 (0)       |
|   max_length   |      0 (0)       |     0      |      0 (0)       |
+----------------+------------------+------------+------------------+

Density: 79.904%
------------------------------------------------------------------
Begin: Collecting metrics
 ----------------------------------------------------------------------------------- 
| Snapshot        | WNS   | TNS | Density (%) | Resource               | DRVs       |
|                 | ALL (ns)    |             | Real (s) | Memory (MB) | Tran | Cap |
|-----------------+-------+-----+-------------+----------+-------------+------+-----|
| initial_summary |       |     |       79.90 | 0:00:11  |        3172 |    0 |   0 |
| hold_fixing     |       |     |             | 0:00:01  |        3174 |      |     |
| final_summary   | 0.000 |   0 |       79.90 | 0:00:06  |        3158 |    0 |   0 |
 ----------------------------------------------------------------------------------- 
End: Collecting metrics
**opt_design ... cpu = 0:00:22, real = 0:00:25, mem = 3158.3M, totSessionCpu=0:04:42 **
 ReSet Options after AAE Based Opt flow 
*** Finished opt_design ***
      flow.cputime  flow.realtime  timing.setup.tns  timing.setup.wns  snapshot
UM:*                                                                   final
      flow.cputime  flow.realtime  timing.setup.tns  timing.setup.wns  snapshot
UM:*                                                                   opt_design_postroute_hold
Info: Summary of CRR changes:
      - Timing transform commits:       0
Info: Destroy the CCOpt slew target map.

*** Summary of all messages that are not suppressed in this session:
Severity  ID               Count  Summary                                  
WARNING   IMPOPT-7320          1  Glitch fixing has been disabled since gl...
*** Message Summary: 1 warning(s), 0 error(s)

*** opt_design #2 [finish] () : cpu/real = 0:00:22.4/0:00:25.7 (0.9), totSession cpu/real = 0:04:43.1/0:08:20.7 (0.6), mem = 3158.8M
@@file 17: time_design -post_route 
*** time_design #2 [begin] () : totSession cpu/real = 0:04:43.1/0:08:20.7 (0.6), mem = 3158.8M
 Reset EOS DB
Ignoring AAE DB Resetting ...
#Start Design Signature (0)
#Finish Inst Signature in MT(25217658)
#Finish Net Signature in MT(83212954)
#Finish SNet Signature in MT (86943501)
#Run time and memory report for RC extraction:
#RC extraction running on  Xeon 2.58GHz 28160KB Cache 80CPU.
#Run Statistics for snet signature:
#   Cpu time = 00:00:00, elapsed time = 00:00:00 .
#   Increased memory =     0.00 (MB), total memory =  3101.35 (MB), peak memory =  3230.47 (MB)
#Run Statistics for Net Final Signature:
#   Cpu time = 00:00:00, elapsed time = 00:00:00 .
#   Increased memory =     0.00 (MB), total memory =  3101.35 (MB), peak memory =  3230.47 (MB)
#Run Statistics for Net launch:
#   Cpu time = 00:00:00, elapsed time = 00:00:00 .
#   Increased memory =     0.00 (MB), total memory =  3101.35 (MB), peak memory =  3230.47 (MB)
#Run Statistics for Net init_dbsNet_slist:
#   Cpu time = 00:00:00, elapsed time = 00:00:00 .
#   Increased memory =     0.00 (MB), total memory =  3101.35 (MB), peak memory =  3230.47 (MB)
#Run Statistics for net signature:
#   Cpu time = 00:00:00, elapsed time = 00:00:00 .
#   Increased memory =     0.00 (MB), total memory =  3101.35 (MB), peak memory =  3230.47 (MB)
#Run Statistics for inst signature:
#   Cpu time = 00:00:00, elapsed time = 00:00:00 .
#   Increased memory =   -57.32 (MB), total memory =  3101.35 (MB), peak memory =  3230.47 (MB)
The design is extracted. Skipping TQuantus.
** INFO: Initializing Glitch Interface
** INFO: Initializing Glitch Interface

OptSummary:

------------------------------------------------------------------
         time_design Summary
------------------------------------------------------------------

Setup views included:
 analysis_normal_slow_max 

+--------------------+---------+---------+---------+
|     Setup mode     |   all   | reg2reg | default |
+--------------------+---------+---------+---------+
|           WNS (ns):|  0.000  |   N/A   |  0.000  |
|           TNS (ns):|  0.000  |   N/A   |  0.000  |
|    Violating Paths:|    0    |   N/A   |    0    |
|          All Paths:|    0    |   N/A   |    0    |
+--------------------+---------+---------+---------+

+----------------+-------------------------------+------------------+
|                |              Real             |       Total      |
|    DRVs        +------------------+------------+------------------|
|                |  Nr nets(terms)  | Worst Vio  |  Nr nets(terms)  |
+----------------+------------------+------------+------------------+
|   max_cap      |      0 (0)       |   0.000    |      0 (0)       |
|   max_tran     |      0 (0)       |   0.000    |      0 (0)       |
|   max_fanout   |      0 (0)       |     0      |      0 (0)       |
|   max_length   |      0 (0)       |     0      |      0 (0)       |
+----------------+------------------+------------+------------------+

Density: 79.904%
------------------------------------------------------------------
Reported timing to dir ./timingReports
Total CPU time: 0.49 sec
Total Real time: 1.0 sec
Total Memory Usage: 3101.652344 Mbytes
Reset AAE Options
*** time_design #2 [finish] () : cpu/real = 0:00:00.5/0:00:01.5 (0.3), totSession cpu/real = 0:04:43.6/0:08:22.2 (0.6), mem = 3101.7M
#@ End verbose source /home/edu4chip_18/project_calendar/scripts/physical/4_PostRoute.tcl
@file 23: # puts "Script Stopped at PostRoute phase"
@file 24:     # puts "\[resume\] to Signoff"
@file 25:     # suspend
@@file 26: write_db ${lyt_folder}/checkpoint/${design}_4.enc
The in-memory database contained RC information but was not saved. To save 
the RC information, use write_db's -rc_extract option. Note: Saving RC information can be quite large, 
so it should only be saved when it is really desired.
#% Begin save design ... (date=08/20 17:51:46, mem=3101.8M)
fast slow typ
rc_typ rc_best rc_worst
basic_constraint
% Begin Save ccopt configuration ... (date=08/20 17:51:46, mem=3101.8M)
/home/edu4chip_18/project_calendar/constraints/basic_XH180.sdc
% End Save ccopt configuration ... (date=08/20 17:51:46, total cpu=0:00:00.1, real=0:00:01.0, peak res=3102.1M, current mem=3102.1M)
% Begin Save netlist data ... (date=08/20 17:51:47, mem=3102.1M)
Writing Binary DB to /home/edu4chip_18/project_calendar/layout/top_XH180/checkpoint/top_4.enc/top.v.bin in single-threaded mode...
% End Save netlist data ... (date=08/20 17:51:47, total cpu=0:00:00.1, real=0:00:00.0, peak res=3102.1M, current mem=3102.1M)
Saving symbol-table file ...
Saving congestion map file /home/edu4chip_18/project_calendar/layout/top_XH180/checkpoint/top_4.enc/top.route.congmap.gz ...
% Begin Save AAE data ... (date=08/20 17:51:47, mem=3102.4M)
Saving AAE Data ...
% End Save AAE data ... (date=08/20 17:51:47, total cpu=0:00:00.1, real=0:00:00.0, peak res=3102.4M, current mem=3102.4M)
**WARN: (IMPCTE-104):	The constraint mode of this inactive view 'analysis_normal_typ' has been modified and may need to be reanalyzed to ensure proper timing results. To reanalyze timing for this view make the view active using 'set_analysis_view' and run timing analysis.
Type 'man IMPCTE-104' for more detail.
Saving preference file /home/edu4chip_18/project_calendar/layout/top_XH180/checkpoint/top_4.enc/gui.pref.tcl ...
Saving mode setting ...
Saving root attributes to be loaded post write_db ...
**WARN: (IMPMF-5054):	fill_setting_save command is obsolete and should not be used any more. It still works in this release but will be removed in future release. Recommend to use Pegasus metal fill flow which is the replacement.
Saving global file ...
Saving root attributes to be loaded previous write_db ...
% Begin Save floorplan data ... (date=08/20 17:51:50, mem=3104.2M)
Saving floorplan file ...
% End Save floorplan data ... (date=08/20 17:51:50, total cpu=0:00:00.1, real=0:00:01.0, peak res=3104.2M, current mem=3104.2M)
Saving PG file /home/edu4chip_18/project_calendar/layout/top_XH180/checkpoint/top_4.enc/top.pg.gz, version#2, (Created by Innovus v25.10-p002_1 on Thu Aug 20 17:51:51 2026)
*** Completed savePGFile (cpu=0:00:00.0 real=0:00:00.0 mem=3104.2M) ***
*info - save blackBox cells to lef file /home/edu4chip_18/project_calendar/layout/top_XH180/checkpoint/top_4.enc/top.bbox.lef
Saving Drc markers ...
... No Drc file written since there is no markers found.
% Begin Save placement data ... (date=08/20 17:51:51, mem=3104.2M)
** Saving stdCellPlacement_binary (version# 2) ...
Save Adaptive View Pruning View Names to Binary file
% End Save placement data ... (date=08/20 17:51:51, total cpu=0:00:00.1, real=0:00:00.0, peak res=3104.2M, current mem=3104.2M)
% Begin Save routing data ... (date=08/20 17:51:51, mem=3104.2M)
Saving route file ...
*** Completed saveRoute (cpu=0:00:00.0 real=0:00:00.0 mem=3105.3M) ***
% End Save routing data ... (date=08/20 17:51:51, total cpu=0:00:00.1, real=0:00:00.0, peak res=3104.3M, current mem=3104.3M)
Saving property file /home/edu4chip_18/project_calendar/layout/top_XH180/checkpoint/top_4.enc/top.prop
*** Completed saveProperty (cpu=0:00:00.1 real=0:00:00.0 mem=3106.8M) ***
#Saving pin access data to file /home/edu4chip_18/project_calendar/layout/top_XH180/checkpoint/top_4.enc/top.apa ...
#
Saving preRoute extracted patterns in file '/home/edu4chip_18/project_calendar/layout/top_XH180/checkpoint/top_4.enc/top.techData.gz' ...
Saving preRoute extraction data in directory '/home/edu4chip_18/project_calendar/layout/top_XH180/checkpoint/top_4.enc/extraction/' ...
% Begin Save power constraints data ... (date=08/20 17:51:52, mem=3106.2M)
% End Save power constraints data ... (date=08/20 17:51:52, total cpu=0:00:00.1, real=0:00:00.0, peak res=3106.2M, current mem=3106.2M)
rc_typ rc_best rc_worst
rc_typ rc_best rc_worst
rc_typ rc_best rc_worst
rc_typ rc_best rc_worst
rc_typ rc_best rc_worst
rc_typ rc_best rc_worst
rc_typ rc_best rc_worst
**WARN: (GLOBAL-100):	Global 'timing_enable_backward_compatible_mmmc_mode' has become obsolete. It will be removed in the next release.
**WARN: (GLOBAL-100):	Global 'timing_enable_backward_compatible_mmmc_mode' has become obsolete. It will be removed in the next release.
Generated self-contained design top_4.enc
#% End save design ... (date=08/20 17:51:53, total cpu=0:00:05.1, real=0:00:07.0, peak res=3137.4M, current mem=3090.8M)

*** Summary of all messages that are not suppressed in this session:
Severity  ID               Count  Summary                                  
WARNING   IMPMF-5054           1  fill_setting_save command is obsolete an...
WARNING   IMPCTE-104           1  The constraint mode of this inactive vie...
*** Message Summary: 2 warning(s), 0 error(s)

@file 27:
@file 28: source $scr/physical/5_Signoff.tcl
#@ Begin verbose source /home/edu4chip_18/project_calendar/scripts/physical/5_Signoff.tcl (pre)
@file 1: #------------------------------------ [24] - Add Fillers
@@file 2: add_fillers -base_cells $Tech_fill_cell
**WARN: (IMPSP-5217):	add_fillers command is running on a postRoute database. It is recommended to be followed by route_eco -target command to make the DRC clean.
Type 'man IMPSP-5217' for more detail.
**Info: (IMPSP-2055): Transparent Filler Flow is OFF !

INFO: No filler could be restored
*INFO: Adding fillers to top-module.
*INFO:   Added 19 filler insts (cell FEED25HD / prefix FILLER).
*INFO:   Added 21 filler insts (cell FEED15HD / prefix FILLER).
*INFO:   Added 20 filler insts (cell FEED10HD / prefix FILLER).
*INFO:   Added 23 filler insts (cell FEED7HD / prefix FILLER).
*INFO:   Added 25 filler insts (cell FEED5HD / prefix FILLER).
*INFO:   Added 36 filler insts (cell FEED3HD / prefix FILLER).
*INFO:   Added 15 filler insts (cell FEED2HD / prefix FILLER).
*INFO:   Added 57 filler insts (cell FEED1HD / prefix FILLER).
*INFO: Total 216 filler insts added - prefix FILLER (CPU: 0:00:00.2).
For 216 new insts, 
@file 3:
@file 4: #------------------------------------ [25] - Metal Fill (Optional)
@file 5: # add_metal_fill -layers $Tech_Metal_List
@file 6:
@file 7: #------------------------------------ [26] - Extract RC after Metal fill
@@file 8: extract_rc
#Start Design Signature (0)
#Finish Inst Signature in MT(41658300)
#Finish Net Signature in MT(99653596)
#Finish SNet Signature in MT (103384143)
#Run time and memory report for RC extraction:
#RC extraction running on  Xeon 2.50GHz 28160KB Cache 80CPU.
#Run Statistics for snet signature:
#   Cpu time = 00:00:00, elapsed time = 00:00:00 .
#   Increased memory =     0.00 (MB), total memory =  3089.73 (MB), peak memory =  3230.47 (MB)
#Run Statistics for Net Final Signature:
#   Cpu time = 00:00:00, elapsed time = 00:00:00 .
#   Increased memory =     0.00 (MB), total memory =  3089.73 (MB), peak memory =  3230.47 (MB)
#Run Statistics for Net launch:
#   Cpu time = 00:00:00, elapsed time = 00:00:00 .
#   Increased memory =     0.00 (MB), total memory =  3089.73 (MB), peak memory =  3230.47 (MB)
#Run Statistics for Net init_dbsNet_slist:
#   Cpu time = 00:00:00, elapsed time = 00:00:00 .
#   Increased memory =     0.00 (MB), total memory =  3089.73 (MB), peak memory =  3230.47 (MB)
#Run Statistics for net signature:
#   Cpu time = 00:00:00, elapsed time = 00:00:00 .
#   Increased memory =     0.00 (MB), total memory =  3089.73 (MB), peak memory =  3230.47 (MB)
#Run Statistics for inst signature:
#   Cpu time = 00:00:00, elapsed time = 00:00:00 .
#   Increased memory =     0.00 (MB), total memory =  3089.73 (MB), peak memory =  3230.47 (MB)
#WARNING (NRIF-95) Option set_db route_top_routing_layer has invalid value "0". Reset to max routing layer "6".
#Extract in post route mode
#Finish check_net_pin_list step Enter extract_rc_in_nr_cmd
#Fast data preparation for tQuantus.
#WARNING (NRIF-95) Option set_db route_top_routing_layer has invalid value "0". Reset to max routing layer "6".
#Start routing data preparation on Thu Aug 20 17:51:53 2026
#
#WARNING (NRIF-95) Option set_db route_top_routing_layer has invalid value "0". Reset to max routing layer "6".
#WARNING (NRIF-95) Option set_db route_top_routing_layer has invalid value "0". Reset to max routing layer "6".
# MET1         H   Track-Pitch = 0.5600    Line-2-Via Pitch = 0.4850
# MET2         V   Track-Pitch = 0.5600    Line-2-Via Pitch = 0.5600
# MET3         H   Track-Pitch = 0.5600    Line-2-Via Pitch = 0.5600
# MET4         V   Track-Pitch = 0.5600    Line-2-Via Pitch = 0.5600
# METTP        H   Track-Pitch = 1.1200    Line-2-Via Pitch = 0.9500
# METTPL       V   Track-Pitch = 5.6000    Line-2-Via Pitch = 5.5000
#Regenerating Ggrids automatically.
#Auto generating G-grids with size=15 tracks, using layer MET3's pitch = 0.5600.
#Using automatically generated G-grids.
#Done routing data preparation.
#cpu time = 00:00:00, elapsed time = 00:00:00, memory = 3091.16 (MB), peak = 3230.47 (MB)
#WARNING (NRIF-95) Option set_db route_top_routing_layer has invalid value "0". Reset to max routing layer "6".
#Start routing data preparation on Thu Aug 20 17:51:53 2026
#
#WARNING (NRIF-95) Option set_db route_top_routing_layer has invalid value "0". Reset to max routing layer "6".
#WARNING (NRIF-95) Option set_db route_top_routing_layer has invalid value "0". Reset to max routing layer "6".
#Bottom routing layer index=1(MET1), bottom routing layer for shielding=1(MET1), bottom shield layer=1(MET1)
#shield_bottom_stripe_layer=1(MET1), shield_top_stripe_layer=6(METTPL)
#pin_access_rlayer=2(MET2)
#shield_top_dpt_rlayer=-1 top_rlayer=6 top_trim_metal_rlayer=-1 rlayer_lowest=1 bottom_rlayer=1
#enable_trim_layer_shield=F enable_dpt_layer_shield=F has_line_end_grid=F
#enable_dpt_layer_shield=F
#has_line_end_grid=F
#Regenerating Ggrids automatically.
#Auto generating G-grids with size=15 tracks, using layer MET3's pitch = 0.5600.
#Using automatically generated G-grids.
#Done routing data preparation.
#cpu time = 00:00:09, elapsed time = 00:00:10, memory = 3109.14 (MB), peak = 3230.47 (MB)
#
#Start tQuantus RC extraction...
#Start building rc corner(s)...
#Number of RC Corner = 2
#Corner rc_best /apps/DESIGN_KITS/XFAB_xh018/XKIT/xh018/cadence/v10_1/QRC_assura/v10_1_1/XH018_1143/QRC-Min/qrcTechFile 0.000000 (real) 
#Corner rc_worst /apps/DESIGN_KITS/XFAB_xh018/XKIT/xh018/cadence/v10_1/QRC_assura/v10_1_1/XH018_1143/QRC-Max/qrcTechFile 85.000000 (real) 
#(i=6, n=6 1000)
#MET1 -> MET1 (1)
#MET2 -> MET2 (2)
#MET3 -> MET3 (3)
#MET4 -> MET4 (4)
#METTP -> METTP (5)
#METTPL -> METTPL (6)
#SADV-On
# Corner(s) : 
#rc_best [ 0.00] 
#rc_worst [85.00]
# Corner id: 0
# Layout Scale: 1.000000
# Has Metal Fill model: yes
# Temperature was set
# Temperature : 0.000000
# Ref. Temp   : 27.000000
# Corner id: 1
# Layout Scale: 1.000000
# Has Metal Fill model: yes
# Temperature was set
# Temperature : 85.000000
# Ref. Temp   : 27.000000
#SADV-Off
#total pattern=56 [12, 294]
#Reading previously stored rc_model file ( rc_model.bin ) ...
#found CAPMODEL /apps/DESIGN_KITS/XFAB_xh018/XKIT/xh018/cadence/v10_1/QRC_assura/v10_1_1/XH018_1143/QRC-Min/qrcTechFile
#found CAPMODEL /apps/DESIGN_KITS/XFAB_xh018/XKIT/xh018/cadence/v10_1/QRC_assura/v10_1_1/XH018_1143/QRC-Max/qrcTechFile
#found RESMODEL /apps/DESIGN_KITS/XFAB_xh018/XKIT/xh018/cadence/v10_1/QRC_assura/v10_1_1/XH018_1143/QRC-Min/qrcTechFile 0.000000 
#found RESMODEL /apps/DESIGN_KITS/XFAB_xh018/XKIT/xh018/cadence/v10_1/QRC_assura/v10_1_1/XH018_1143/QRC-Max/qrcTechFile 85.000000 
#CCE Version read = IQuantus/TQuantus 24.1.0-s201
#number model r/c [2,2] [12,294] read
#0 rcmodel(s) requires rebuild
#Build RC corners: cpu time = 00:00:01, elapsed time = 00:00:01, memory = 3121.71 (MB), peak = 3230.47 (MB)
#Start building rc corner(s)...
#Number of RC Corner = 2
#Corner rc_best /apps/DESIGN_KITS/XFAB_xh018/XKIT/xh018/cadence/v10_1/QRC_assura/v10_1_1/XH018_1143/QRC-Min/qrcTechFile 0.000000 (real) 
#Corner rc_worst /apps/DESIGN_KITS/XFAB_xh018/XKIT/xh018/cadence/v10_1/QRC_assura/v10_1_1/XH018_1143/QRC-Max/qrcTechFile 85.000000 (real) 
#(i=6, n=6 1000)
#MET1 -> MET1 (1)
#MET2 -> MET2 (2)
#MET3 -> MET3 (3)
#MET4 -> MET4 (4)
#METTP -> METTP (5)
#METTPL -> METTPL (6)
#SADV-On
# Corner(s) : 
#rc_best [ 0.00] 
#rc_worst [85.00]
# Corner id: 0
# Layout Scale: 1.000000
# Has Metal Fill model: yes
# Temperature was set
# Temperature : 0.000000
# Ref. Temp   : 27.000000
# Corner id: 1
# Layout Scale: 1.000000
# Has Metal Fill model: yes
# Temperature was set
# Temperature : 85.000000
# Ref. Temp   : 27.000000
#SADV-Off
#total pattern=56 [12, 294]
#Reading previously stored rc_model file ( rc_model.bin ) ...
#found CAPMODEL /apps/DESIGN_KITS/XFAB_xh018/XKIT/xh018/cadence/v10_1/QRC_assura/v10_1_1/XH018_1143/QRC-Min/qrcTechFile
#found CAPMODEL /apps/DESIGN_KITS/XFAB_xh018/XKIT/xh018/cadence/v10_1/QRC_assura/v10_1_1/XH018_1143/QRC-Max/qrcTechFile
#found RESMODEL /apps/DESIGN_KITS/XFAB_xh018/XKIT/xh018/cadence/v10_1/QRC_assura/v10_1_1/XH018_1143/QRC-Min/qrcTechFile 0.000000 
#found RESMODEL /apps/DESIGN_KITS/XFAB_xh018/XKIT/xh018/cadence/v10_1/QRC_assura/v10_1_1/XH018_1143/QRC-Max/qrcTechFile 85.000000 
#CCE Version read = IQuantus/TQuantus 24.1.0-s201
#number model r/c [2,2] [12,294] read
#0 rcmodel(s) requires rebuild
#Build RC corners: cpu time = 00:00:01, elapsed time = 00:00:01, memory = 3123.42 (MB), peak = 3230.47 (MB)
#Finish check_net_pin_list step Enter extract
#Start init net ripin tree building
#Finish init net ripin tree building
#Cpu time = 00:00:00
#Elapsed time = 00:00:00
#Increased memory = 0.00 (MB)
#Total memory = 3123.42 (MB)
#Peak memory = 3230.47 (MB)
#begin processing metal fill model file
#end processing metal fill model file
#WARNING (NRIF-95) Option set_db route_top_routing_layer has invalid value "0". Reset to max routing layer "6".
#Length limit = 200 pitches
#opt mode = 2
#Finish check_net_pin_list step Fix net pin list
#Start generate extraction boxes.
#
#Extract using 30 x 30 Hboxes
#2x2 initial hboxes
#Use area based hbox pruning.
#0/0 hboxes pruned.
#Complete generating extraction boxes.
#Extract 1 hboxes with single thread on machine with  Xeon 2.59GHz 28160KB Cache 80CPU...
#Process 0 special clock nets for rc extraction
#Total 668 nets were built. 0 nodes added to break long wires. 0 net(s) have incomplete routes.
#Run Statistics for Extraction:
#   Cpu time = 00:00:00, elapsed time = 00:00:00 .
#   Increased memory =    11.91 (MB), total memory =  3135.33 (MB), peak memory =  3230.47 (MB)
#Register nets and terms for rcdb /home/edu4chip_18/project_calendar/work/innovus_temp_3435128_b12acddd-786a-4b77-b4e7-160af6b8cafd_tallinn.emse.fr_edu4chip_18_DH9k1p/nr0_3435128_b12acddd-786a-4b77-b4e7-160af6b8cafdyMYKYg.rcdb.d
#Finish registering nets and terms for rcdb.
#Simplify RC tree: cpu time = 00:00:00, elapsed time = 00:00:00, memory = 3138.57 (MB), peak = 3230.47 (MB)
#WARNING (NRIF-95) Option set_db route_top_routing_layer has invalid value "0". Reset to max routing layer "6".
#RC Statistics: 2718 Res, 1390 Ground Cap, 177 XCap (Edge to Edge)
#WARNING (NREX-102) Net UNCONNECTED19 is not extracted due to Has no routing. The result of timing analysis involving such net is inaccurate.
#WARNING (NREX-102) Net UNCONNECTED20 is not extracted due to Has no routing. The result of timing analysis involving such net is inaccurate.
#WARNING (NREX-102) Net UNCONNECTED21 is not extracted due to Has no routing. The result of timing analysis involving such net is inaccurate.
#WARNING (NREX-102) Net UNCONNECTED22 is not extracted due to Has no routing. The result of timing analysis involving such net is inaccurate.
#WARNING (NREX-102) Net UNCONNECTED23 is not extracted due to Has no routing. The result of timing analysis involving such net is inaccurate.
#WARNING (NREX-102) Net UNCONNECTED24 is not extracted due to Has no routing. The result of timing analysis involving such net is inaccurate.
#WARNING (NREX-102) Net UNCONNECTED_HIER_Z17 is not extracted due to Has no routing. The result of timing analysis involving such net is inaccurate.
#WARNING (NREX-102) Net UNCONNECTED_HIER_Z18 is not extracted due to Has no routing. The result of timing analysis involving such net is inaccurate.
#WARNING (NREX-102) Net UNCONNECTED_HIER_Z19 is not extracted due to Has no routing. The result of timing analysis involving such net is inaccurate.
#WARNING (NREX-102) Net UNCONNECTED_HIER_Z20 is not extracted due to Has no routing. The result of timing analysis involving such net is inaccurate.
#WARNING (NREX-102) Net UNCONNECTED_HIER_Z21 is not extracted due to Has no routing. The result of timing analysis involving such net is inaccurate.
#WARNING (NREX-102) Net UNCONNECTED_HIER_Z22 is not extracted due to Has no routing. The result of timing analysis involving such net is inaccurate.
#WARNING (NREX-102) Net UNCONNECTED_HIER_Z23 is not extracted due to Has no routing. The result of timing analysis involving such net is inaccurate.
#WARNING (NREX-102) Net UNCONNECTED_HIER_Z24 is not extracted due to Has no routing. The result of timing analysis involving such net is inaccurate.
#WARNING (NREX-102) Net UNCONNECTED_HIER_Z25 is not extracted due to Has no routing. The result of timing analysis involving such net is inaccurate.
#WARNING (NREX-102) Net UNCONNECTED_HIER_Z26 is not extracted due to Has no routing. The result of timing analysis involving such net is inaccurate.
#WARNING (NREX-102) Net UNCONNECTED_HIER_Z27 is not extracted due to Has no routing. The result of timing analysis involving such net is inaccurate.
#WARNING (NREX-102) Net UNCONNECTED_HIER_Z28 is not extracted due to Has no routing. The result of timing analysis involving such net is inaccurate.
#WARNING (NREX-102) Net UNCONNECTED_HIER_Z29 is not extracted due to Has no routing. The result of timing analysis involving such net is inaccurate.
#WARNING (NREX-102) Net UNCONNECTED_HIER_Z30 is not extracted due to Has no routing. The result of timing analysis involving such net is inaccurate.
#WARNING (EMS-27) Message (NREX-102) has exceeded the current message display limit of 20.
#To increase the message display limit, refer to the product command reference manual.
#RC V/H edge ratio: 0.30, Avg V/H Edge Length: 2084.88 (1396), Avg L-Edge Length: 8218.52 (834)
#Nets and terms are pre-registered for rcdb /home/edu4chip_18/project_calendar/work/innovus_temp_3435128_b12acddd-786a-4b77-b4e7-160af6b8cafd_tallinn.emse.fr_edu4chip_18_DH9k1p/nr0_3435128_b12acddd-786a-4b77-b4e7-160af6b8cafdyMYKYg.rcdb.d.
#Start writing RC data.
#Finish writing RC data
#Finish writing rcdb with 3414 nodes, 2746 edges, and 392 xcaps
#cpu time = 00:00:00, elapsed time = 00:00:00, memory = 3135.86 (MB), peak = 3230.47 (MB)
Restoring parasitic data from file '/home/edu4chip_18/project_calendar/work/innovus_temp_3435128_b12acddd-786a-4b77-b4e7-160af6b8cafd_tallinn.emse.fr_edu4chip_18_DH9k1p/nr0_3435128_b12acddd-786a-4b77-b4e7-160af6b8cafdyMYKYg.rcdb.d' ...
Reading RCDB with compressed RC data.
Reading RCDB with compressed RC data.
Begin read_parasitics... (cpu: 0:00:00.0 real: 0:00:00.0 mem: 3135.879M)
Following multi-corner parasitics specified:
	/home/edu4chip_18/project_calendar/work/innovus_temp_3435128_b12acddd-786a-4b77-b4e7-160af6b8cafd_tallinn.emse.fr_edu4chip_18_DH9k1p/nr0_3435128_b12acddd-786a-4b77-b4e7-160af6b8cafdyMYKYg.rcdb.d (rcdb)
Reading RCDB with compressed RC data.
		Cell top has rcdb /home/edu4chip_18/project_calendar/work/innovus_temp_3435128_b12acddd-786a-4b77-b4e7-160af6b8cafd_tallinn.emse.fr_edu4chip_18_DH9k1p/nr0_3435128_b12acddd-786a-4b77-b4e7-160af6b8cafdyMYKYg.rcdb.d specified
Cell top, hinst 
Reading RCDB with compressed RC data.
Done read_parasitics... (cpu: 0:00:00.1 real: 0:00:00.0 mem: 3136.414M)
#
#Restore RCDB.
#
#Complete tQuantus RC extraction.
#Cpu time = 00:00:02
#Elapsed time = 00:00:03
#Increased memory = 27.27 (MB)
#Total memory = 3136.41 (MB)
#Peak memory = 3230.47 (MB)
#
#0 inserted nodes are removed
#Restored 0 tie nets, 0 tie snets, 0 partial nets
#Start Design Signature (0)
#Finish Inst Signature in MT(41658300)
#Finish Net Signature in MT(99653596)
#Finish SNet Signature in MT (103384143)
#Run time and memory report for RC extraction:
#RC extraction running on  Xeon 2.50GHz 28160KB Cache 80CPU.
#Run Statistics for snet signature:
#   Cpu time = 00:00:00, elapsed time = 00:00:00 .
#   Increased memory =     0.00 (MB), total memory =  3070.72 (MB), peak memory =  3230.47 (MB)
#Run Statistics for Net Final Signature:
#   Cpu time = 00:00:00, elapsed time = 00:00:00 .
#   Increased memory =     0.00 (MB), total memory =  3070.72 (MB), peak memory =  3230.47 (MB)
#Run Statistics for Net launch:
#   Cpu time = 00:00:00, elapsed time = 00:00:00 .
#   Increased memory =     0.00 (MB), total memory =  3070.72 (MB), peak memory =  3230.47 (MB)
#Run Statistics for Net init_dbsNet_slist:
#   Cpu time = 00:00:00, elapsed time = 00:00:00 .
#   Increased memory =     0.00 (MB), total memory =  3070.72 (MB), peak memory =  3230.47 (MB)
#Run Statistics for net signature:
#   Cpu time = 00:00:00, elapsed time = 00:00:00 .
#   Increased memory =     0.00 (MB), total memory =  3070.72 (MB), peak memory =  3230.47 (MB)
#Run Statistics for inst signature:
#   Cpu time = 00:00:00, elapsed time = 00:00:00 .
#   Increased memory =    -0.68 (MB), total memory =  3070.72 (MB), peak memory =  3230.47 (MB)
@file 9: # if {[llength [get_db clocks]] > 0} {
@file 10:     # set_propagated_clock [all_clocks]
@file 11: # }
@file 12:
@@file 13: set_db timing_analysis_type ocv
@file 14: # timing_analysis_cppr both; # Cadence recommendation
@@file 15: time_design -post_route
*** time_design #3 [begin] () : totSession cpu/real = 0:05:01.3/0:08:42.1 (0.6), mem = 3070.7M
 Reset EOS DB
Ignoring AAE DB Resetting ...
#Start Design Signature (0)
#Finish Inst Signature in MT(41658300)
#Finish Net Signature in MT(99653596)
#Finish SNet Signature in MT (103384143)
#Run time and memory report for RC extraction:
#RC extraction running on  Xeon 2.50GHz 28160KB Cache 80CPU.
#Run Statistics for snet signature:
#   Cpu time = 00:00:00, elapsed time = 00:00:00 .
#   Increased memory =     0.00 (MB), total memory =  3070.72 (MB), peak memory =  3230.47 (MB)
#Run Statistics for Net Final Signature:
#   Cpu time = 00:00:00, elapsed time = 00:00:00 .
#   Increased memory =     0.00 (MB), total memory =  3070.72 (MB), peak memory =  3230.47 (MB)
#Run Statistics for Net launch:
#   Cpu time = 00:00:00, elapsed time = 00:00:00 .
#   Increased memory =     0.00 (MB), total memory =  3070.72 (MB), peak memory =  3230.47 (MB)
#Run Statistics for Net init_dbsNet_slist:
#   Cpu time = 00:00:00, elapsed time = 00:00:00 .
#   Increased memory =     0.00 (MB), total memory =  3070.72 (MB), peak memory =  3230.47 (MB)
#Run Statistics for net signature:
#   Cpu time = 00:00:00, elapsed time = 00:00:00 .
#   Increased memory =     0.00 (MB), total memory =  3070.72 (MB), peak memory =  3230.47 (MB)
#Run Statistics for inst signature:
#   Cpu time = 00:00:00, elapsed time = 00:00:00 .
#   Increased memory =     0.00 (MB), total memory =  3070.72 (MB), peak memory =  3230.47 (MB)
The design is extracted. Skipping TQuantus.
Starting delay calculation for Setup views
AAE_INFO: opIsDesignInPostRouteState() is 1
AAE_INFO: resetNetProps viewIdx 0 
Starting SI iteration 1 using Infinite Timing Windows
#################################################################################
# Design Stage: PostRoute
# Design Name: top
# Design Mode: 180nm
# Analysis Mode: MMMC OCV 
# Parasitics Mode: SPEF/RCDB 
# Signoff Settings: SI On 
#################################################################################
AAE_INFO: 1 threads acquired from CTE.
Start delay calculation (fullDC) (1 T). (MEM=3050.48)
*** Calculating scaling factor for slow libraries using the default operating condition of each library.
Reading RCDB with compressed RC data.
Total number of fetched objects 668
AAE_INFO: Total number of nets for which stage creation was skipped for all views 0
AAE_INFO-618: Total number of nets in the design is 812,  83.3 percent of the nets selected for SI analysis
End delay calculation. (MEM=3077.2 CPU=0:00:00.3 REAL=0:00:00.0)
End delay calculation (fullDC). (MEM=3077.2 CPU=0:00:00.3 REAL=0:00:00.0)
Save waveform /home/edu4chip_18/project_calendar/work/innovus_temp_3435128_b12acddd-786a-4b77-b4e7-160af6b8cafd_tallinn.emse.fr_edu4chip_18_DH9k1p/.AAE_vFi479/.AAE_3435128_b12acddd-786a-4b77-b4e7-160af6b8cafd/waveform.data...
Loading CTE timing window with TwFlowType 0...(CPU = 0:00:00.0, REAL = 0:00:00.0, MEM = 3077.2M)
Add other clocks and setupCteToAAEClockMapping during iter 1
Loading CTE timing window is completed (CPU = 0:00:00.0, REAL = 0:00:00.0, MEM = 3077.4M)
Starting SI iteration 2
Start delay calculation (fullDC) (1 T). (MEM=3072.08)
Glitch Analysis: View analysis_normal_slow_max -- Total Number of Nets Skipped = 14. 
Glitch Analysis: View analysis_normal_slow_max -- Total Number of Nets Analyzed = 676. 
Total number of fetched objects 668
AAE_INFO: Total number of nets for which stage creation was skipped for all views 0
AAE_INFO-618: Total number of nets in the design is 812,  10.0 percent of the nets selected for SI analysis
End delay calculation. (MEM=3079.11 CPU=0:00:00.1 REAL=0:00:00.0)
End delay calculation (fullDC). (MEM=3079.11 CPU=0:00:00.1 REAL=0:00:00.0)
*** Done Building Timing Graph (cpu=0:00:01.5 real=0:00:02.0 totSessionCpu=0:05:03 mem=3069.6M)
** INFO: Initializing Glitch Interface
** INFO: Initializing Glitch Interface

OptSummary:

------------------------------------------------------------------
         time_design Summary
------------------------------------------------------------------

Setup views included:
 analysis_normal_slow_max 

+--------------------+---------+---------+---------+
|     Setup mode     |   all   | reg2reg | default |
+--------------------+---------+---------+---------+
|           WNS (ns):|  0.000  |   N/A   |  0.000  |
|           TNS (ns):|  0.000  |   N/A   |  0.000  |
|    Violating Paths:|    0    |   N/A   |    0    |
|          All Paths:|    0    |   N/A   |    0    |
+--------------------+---------+---------+---------+

+----------------+-------------------------------+------------------+
|                |              Real             |       Total      |
|    DRVs        +------------------+------------+------------------|
|                |  Nr nets(terms)  | Worst Vio  |  Nr nets(terms)  |
+----------------+------------------+------------+------------------+
|   max_cap      |      0 (0)       |   0.000    |      0 (0)       |
|   max_tran     |      0 (0)       |   0.000    |      0 (0)       |
|   max_fanout   |      0 (0)       |     0      |      0 (0)       |
|   max_length   |      0 (0)       |     0      |      0 (0)       |
+----------------+------------------+------------+------------------+

Density: 79.904%
       (100.000% with Fillers)
------------------------------------------------------------------
Reported timing to dir ./timingReports
Total CPU time: 2.01 sec
Total Real time: 3.0 sec
Total Memory Usage: 3070.824219 Mbytes
Reset AAE Options
*** time_design #3 [finish] () : cpu/real = 0:00:02.0/0:00:03.2 (0.6), totSession cpu/real = 0:05:03.3/0:08:45.2 (0.6), mem = 3070.8M
@file 16:
@file 17: #------------------------------------ [27] - Check Antenna and DRC Violations
@@file 18: check_antenna
 *** Starting Verify Antenna (MEM: 3070.8) ***

Report File: top.verify_antenna.rpt
  VERIFY Antenna ...... Starting Verification
  VERIFY Antenna ...... Using new threading
Verification Complete: 0 Violations
 *** End Verify Antenna (CPU: 0:00:00.2  ELAPSED TIME: 0:00:00.0  MEM: 1.1M) ***

******* DONE VERIFY ANTENNA ********
@@file 19: check_drc
#-check_same_via_cell true               # bool, default=false, user setting
 *** Starting Verify DRC (MEM: 3072.0) ***

  VERIFY DRC ...... Starting Verification
  VERIFY DRC ...... Initializing
  VERIFY DRC ...... Deleting Existing Violations
  VERIFY DRC ...... Creating Sub-Areas
  VERIFY DRC ...... Using new threading

  Verification Complete : 0 Viols.

 *** End Verify DRC (CPU TIME: 0:00:00.3  ELAPSED TIME: 0:00:02.0  MEM: 6.2M) ***

@file 20:
@file 21: puts "SAVE DESIGN?"
SAVE DESIGN?
@@file 22: suspend
**INFO(SUSPEND): The current script is stopped at 'suspend' command. Type 'resume' to continue.
[12D[SUSPEND]innovus 5> resume
@innovus 6> @file 23:
@file 24: source ${scr}/physical/reports_deliverables.tcl
#@ Begin verbose source /home/edu4chip_18/project_calendar/scripts/physical/reports_deliverables.tcl (pre)
@file 1: # Deliverables / DRC and LVS Virtuoso
@@file 2: write_netlist ${lyt_folder}/${design}_lyt.v
Writing Netlist "/home/edu4chip_18/project_calendar/layout/top_XH180/top_lyt.v" ...
@@file 3: write_sdf -edge check_edge -map_setuphold merge_always -map_recrem merge_always -version 3.0  ${lyt_folder}/${design}_lyt.sdf
**WARN: (SDF-808):	The software is currently operating in a high performance mode which optimizes the handling of multiple timing arcs between input and output pin pairs. With the current settings, the SDF file generated will contain the same delay information for all of these arcs. To have the SDF recalculated with explicit pin pair data, you should use the option '-recompute_delay_calc'. This setting is recommended for generating SDF for functional  simulation applications.
AAE_INFO: opIsDesignInPostRouteState() is 1
AAE_INFO: resetNetProps viewIdx 0 
AAE_INFO: resetNetProps viewIdx 1 
Starting SI iteration 1 using Infinite Timing Windows
#################################################################################
# Design Stage: PostRoute
# Design Name: top
# Design Mode: 180nm
# Analysis Mode: MMMC OCV 
# Parasitics Mode: SPEF/RCDB 
# Signoff Settings: SI On 
#################################################################################
AAE_INFO: 1 threads acquired from CTE.
Start delay calculation (fullDC) (1 T). (MEM=3118.39)
Total number of fetched objects 668
AAE_INFO: Total number of nets for which stage creation was skipped for all views 0
AAE_INFO-618: Total number of nets in the design is 812,  83.3 percent of the nets selected for SI analysis
Total number of fetched objects 668
AAE_INFO: Total number of nets for which stage creation was skipped for all views 0
AAE_INFO-618: Total number of nets in the design is 812,  83.0 percent of the nets selected for SI analysis
End delay calculation. (MEM=3134.84 CPU=0:00:00.7 REAL=0:00:00.0)
End delay calculation (fullDC). (MEM=3134.84 CPU=0:00:00.8 REAL=0:00:00.0)
Save waveform /home/edu4chip_18/project_calendar/work/innovus_temp_3435128_b12acddd-786a-4b77-b4e7-160af6b8cafd_tallinn.emse.fr_edu4chip_18_DH9k1p/.AAE_vFi479/.AAE_3435128_b12acddd-786a-4b77-b4e7-160af6b8cafd/waveform.data...
Loading CTE timing window with TwFlowType 0...(CPU = 0:00:00.0, REAL = 0:00:00.0, MEM = 3134.8M)
Add other clocks and setupCteToAAEClockMapping during iter 1
Loading CTE timing window is completed (CPU = 0:00:00.0, REAL = 0:00:00.0, MEM = 3135.0M)
Starting SI iteration 2
Start delay calculation (fullDC) (1 T). (MEM=3108.86)
Glitch Analysis: View analysis_normal_slow_max -- Total Number of Nets Skipped = 0. 
Glitch Analysis: View analysis_normal_slow_max -- Total Number of Nets Analyzed = 0. 
Total number of fetched objects 668
AAE_INFO: Total number of nets for which stage creation was skipped for all views 0
AAE_INFO-618: Total number of nets in the design is 812,  10.0 percent of the nets selected for SI analysis
Glitch Analysis: View analysis_normal_fast_min -- Total Number of Nets Skipped = 10. 
Glitch Analysis: View analysis_normal_fast_min -- Total Number of Nets Analyzed = 676. 
Total number of fetched objects 668
AAE_INFO: Total number of nets for which stage creation was skipped for all views 0
AAE_INFO-618: Total number of nets in the design is 812,  9.7 percent of the nets selected for SI analysis
End delay calculation. (MEM=3114.21 CPU=0:00:00.1 REAL=0:00:00.0)
End delay calculation (fullDC). (MEM=3114.21 CPU=0:00:00.1 REAL=0:00:00.0)
@@file 4: write_stream -mode ALL -unit 2000 ${lyt_folder}/${design}_${tech_node_used}.gds
Parse flat map file 'streamOut.map'
Writing GDSII file ...
	****** db unit per micron = 1000 ******
	****** output gds2 file unit per micron = 2000 ******
	****** unit scaling factor = 2 ******
Output for instance
Output for bump
Convert 0 swires and 0 svias from compressed groups
Convert 0 swires and 0 svias from compressed groups
Output for physical terminals
Output for logical terminals
Output for regular nets
Output for special nets and metal fills
Output for via structure generation total number 51
Statistics for GDS generated (version 3)
----------------------------------------
Stream Out Layer Mapping Information:
GDS Layer Number          GDS Layer Name
----------------------------------------
    121                             COMP
    122                          DIEAREA
    114                           METTPL
    112                           METTPL
    111                           METTPL
    109                           METTPL
    108                           METTPL
    107                           METTPL
    106                           METTPL
    105                           VIATPL
    104                           VIATPL
    113                           METTPL
    103                           VIATPL
    102                           VIATPL
    115                           METTPL
    101                           VIATPL
    110                           METTPL
    100                           VIATPL
    99                            VIATPL
    93                             METTP
    91                             METTP
    90                             METTP
    88                             METTP
    87                             METTP
    86                             METTP
    85                             METTP
    84                             VIATP
    83                             VIATP
    92                             METTP
    82                             VIATP
    81                             VIATP
    94                             METTP
    80                             VIATP
    89                             METTP
    79                             VIATP
    78                             VIATP
    72                              MET4
    4                               MET1
    30                              MET2
    3                               MET1
    2                               MET1
    28                              MET2
    36                              VIA2
    63                              VIA3
    27                              MET2
    1                               MET1
    25                              MET2
    24                              MET2
    51                              MET3
    23                              MET2
    22                              MET2
    48                              MET3
    21                              VIA1
    20                              VIA1
    70                              MET4
    18                              VIA1
    5                               MET1
    15                              VIA1
    42                              VIA2
    6                               MET1
    7                               MET1
    31                              MET2
    17                              VIA1
    67                              MET4
    26                              MET2
    16                              VIA1
    8                               MET1
    9                               MET1
    29                              MET2
    19                              VIA1
    65                              MET4
    10                              MET1
    52                              MET3
    38                              VIA2
    39                              VIA2
    50                              MET3
    40                              VIA2
    41                              VIA2
    43                              MET3
    69                              MET4
    44                              MET3
    45                              MET3
    46                              MET3
    37                              VIA2
    47                              MET3
    49                              MET3
    57                              VIA3
    73                              MET4
    59                              VIA3
    60                              VIA3
    71                              MET4
    61                              VIA3
    62                              VIA3
    64                              MET4
    66                              MET4
    58                              VIA3
    68                              MET4
    119                           METTPL
    118                           METTPL
    117                           METTPL
    116                           METTPL
    98                             METTP
    97                             METTP
    96                             METTP
    95                             METTP
    14                              MET1
    13                              MET1
    12                              MET1
    11                              MET1
    35                              MET2
    34                              MET2
    33                              MET2
    32                              MET2
    77                              MET4
    75                              MET4
    53                              MET3
    54                              MET3
    55                              MET3
    56                              MET3
    74                              MET4
    76                              MET4


Stream Out Information Processed for GDS version 3:
Units: 2000 DBU

Object                             Count
----------------------------------------
Instances                            793

Ports/Pins                             4
    metal layer MET3                   4

Nets                                4970
    metal layer MET1                 432
    metal layer MET2                3073
    metal layer MET3                1261
    metal layer MET4                 204

    Via Instances                   3527

Special Nets                         141
    metal layer MET1                  93
    metal layer MET3                   4
    metal layer MET4                  44

    Via Instances                   2134

Metal Fills                            0

    Via Instances                      0

Metal FillOPCs                         0

    Via Instances                      0

Metal FillDRCs                         0

    Via Instances                      0

Text                                 674
    metal layer MET1                  51
    metal layer MET2                 423
    metal layer MET3                 194
    metal layer MET4                   6


Blockages                              0


Custom Text                            0


Custom Box                             0

Trim Metal                             0

######Streamout is finished!
@@file 5: write_def -floorplan -netlist -routing ${lyt_folder}/${design}_lyt.def
Writing DEF file '/home/edu4chip_18/project_calendar/layout/top_XH180/top_lyt.def', current time is Thu Aug 20 18:00:16 2026 ...
unitPerMicron=1000, dbgMicronPerDBU=0.001000, unitPerDBU=1.000000
DEF file '/home/edu4chip_18/project_calendar/layout/top_XH180/top_lyt.def' is written, current time is Thu Aug 20 18:00:16 2026 ...
@file 6:
@file 7: # Power Reports
@@file 8: get_db power_method
@@file 9: set_db power_corner min
@@file 10: report_power -power_unit uW > ${lyt_folder}/reports/${design}_pwr.rpt
** NOTE: Created directory path '/home/edu4chip_18/project_calendar/layout/top_XH180/reports' for file '/home/edu4chip_18/project_calendar/layout/top_XH180/reports/top_pwr.rpt'.
env CDS_WORKAREA is set to /home/edu4chip_18/project_calendar/work
@file 11:
@file 12: # Area Report
@@file 13: report_area > ${lyt_folder}/reports/${design}_area.rpt
@file 14:
@file 15: # Screenshoot
@@file 16: gui_fit
@@file 17: gui_create_floorplan_snapshot -dir $ROOT/pics/${design}_${tech_node_used}/ -name $design.png -overwrite
Starting snapshot creation...
### Start verbose source output (echo_comments mode) for 'checkplace.ss.rpt' ...
###############################################################
#  Generated by:      Cadence Innovus 25.10-p002_1
#  OS:                Linux x86_64(Host ID tallinn.emse.fr)
#  Generated on:      Thu Aug 20 18:00:20 2026
#  Design:            top
#  Command:           gui_create_floorplan_snapshot -dir /home/edu4chip_18/project_calendar/pics/top_XH180/ -name top.png -overwrite
###############################################################

## No violations found ##

## Summary: 
#########################################################
## Number of Placed Instances = 793
## Number of Unplaced Instances = 0
## Placement Density:100.00%(18364/18364)
## Placement Density (including fixed std cells):100.00%(18364/18364)
### End verbose source output for 'checkplace.ss.rpt'.
Completed snapshot creation (cpu = 0:0:1, real = 0:0:2, mem = 3110.76M, memory increment = 6.32M)
Saving snapshot for fplan view to ss_top.png.fplan.gif
Saving snapshot for amoeba view to ss_top.png.amoeba.gif
Saving snapshot for place view to ss_top.png.place.gif
@file 18:
@file 19: # Timing Reports
@@file 20: set_db timing_analysis_precision_ps 1
@file 21:
@@file 22: report_timing -unconstrained > ${lyt_folder}/reports/${design}_timing.rpt
@file 23: file copy -force ${design}_tns.rpt ${lyt_folder}/reports/${design}_tns.rpt
@file 24:
@file 25: if {[llength [get_db clocks]] > 0} {...}
#@ End verbose source /home/edu4chip_18/project_calendar/scripts/physical/reports_deliverables.tcl
#@ End verbose source /home/edu4chip_18/project_calendar/scripts/physical/5_Signoff.tcl
@@file 29: write_db ${lyt_folder}/checkpoint/${design}_5.enc
The in-memory database contained RC information but was not saved. To save 
the RC information, use write_db's -rc_extract option. Note: Saving RC information can be quite large, 
so it should only be saved when it is really desired.
#% Begin save design ... (date=08/20 18:00:20, mem=3113.5M)
fast slow typ
rc_typ rc_best rc_worst
basic_constraint
% Begin Save ccopt configuration ... (date=08/20 18:00:20, mem=3113.5M)
/home/edu4chip_18/project_calendar/constraints/basic_XH180.sdc
% End Save ccopt configuration ... (date=08/20 18:00:20, total cpu=0:00:00.1, real=0:00:00.0, peak res=3113.8M, current mem=3113.8M)
% Begin Save netlist data ... (date=08/20 18:00:20, mem=3113.8M)
Writing Binary DB to /home/edu4chip_18/project_calendar/layout/top_XH180/checkpoint/top_5.enc/top.v.bin in single-threaded mode...
% End Save netlist data ... (date=08/20 18:00:20, total cpu=0:00:00.1, real=0:00:01.0, peak res=3113.8M, current mem=3113.8M)
Saving symbol-table file ...
Saving congestion map file /home/edu4chip_18/project_calendar/layout/top_XH180/checkpoint/top_5.enc/top.route.congmap.gz ...
% Begin Save AAE data ... (date=08/20 18:00:21, mem=3114.1M)
Saving AAE Data ...
% End Save AAE data ... (date=08/20 18:00:21, total cpu=0:00:00.1, real=0:00:00.0, peak res=3114.3M, current mem=3114.3M)
**WARN: (IMPCTE-104):	The constraint mode of this inactive view 'analysis_normal_typ' has been modified and may need to be reanalyzed to ensure proper timing results. To reanalyze timing for this view make the view active using 'set_analysis_view' and run timing analysis.
Type 'man IMPCTE-104' for more detail.
Saving preference file /home/edu4chip_18/project_calendar/layout/top_XH180/checkpoint/top_5.enc/gui.pref.tcl ...
Saving mode setting ...
Saving root attributes to be loaded post write_db ...
**WARN: (IMPMF-5054):	fill_setting_save command is obsolete and should not be used any more. It still works in this release but will be removed in future release. Recommend to use Pegasus metal fill flow which is the replacement.
Saving global file ...
Saving root attributes to be loaded previous write_db ...
% Begin Save floorplan data ... (date=08/20 18:00:24, mem=3115.5M)
Saving floorplan file ...
% End Save floorplan data ... (date=08/20 18:00:24, total cpu=0:00:00.1, real=0:00:00.0, peak res=3115.5M, current mem=3115.5M)
Saving PG file /home/edu4chip_18/project_calendar/layout/top_XH180/checkpoint/top_5.enc/top.pg.gz, version#2, (Created by Innovus v25.10-p002_1 on Thu Aug 20 18:00:24 2026)
*** Completed savePGFile (cpu=0:00:00.0 real=0:00:00.0 mem=3115.5M) ***
*info - save blackBox cells to lef file /home/edu4chip_18/project_calendar/layout/top_XH180/checkpoint/top_5.enc/top.bbox.lef
Saving Drc markers ...
... No Drc file written since there is no markers found.
% Begin Save placement data ... (date=08/20 18:00:24, mem=3115.5M)
** Saving stdCellPlacement_binary (version# 2) ...
Save Adaptive View Pruning View Names to Binary file
% End Save placement data ... (date=08/20 18:00:25, total cpu=0:00:00.1, real=0:00:00.0, peak res=3115.5M, current mem=3115.5M)
% Begin Save routing data ... (date=08/20 18:00:25, mem=3115.5M)
Saving route file ...
*** Completed saveRoute (cpu=0:00:00.0 real=0:00:00.0 mem=3116.6M) ***
% End Save routing data ... (date=08/20 18:00:25, total cpu=0:00:00.1, real=0:00:00.0, peak res=3115.6M, current mem=3115.6M)
Saving property file /home/edu4chip_18/project_calendar/layout/top_XH180/checkpoint/top_5.enc/top.prop
*** Completed saveProperty (cpu=0:00:00.1 real=0:00:00.0 mem=3119.1M) ***
#Saving pin access data to file /home/edu4chip_18/project_calendar/layout/top_XH180/checkpoint/top_5.enc/top.apa ...
#
Saving preRoute extracted patterns in file '/home/edu4chip_18/project_calendar/layout/top_XH180/checkpoint/top_5.enc/top.techData.gz' ...
Saving preRoute extraction data in directory '/home/edu4chip_18/project_calendar/layout/top_XH180/checkpoint/top_5.enc/extraction/' ...
% Begin Save power constraints data ... (date=08/20 18:00:25, mem=3118.2M)
% End Save power constraints data ... (date=08/20 18:00:26, total cpu=0:00:00.1, real=0:00:00.0, peak res=3118.2M, current mem=3118.2M)
rc_typ rc_best rc_worst
rc_typ rc_best rc_worst
rc_typ rc_best rc_worst
rc_typ rc_best rc_worst
rc_typ rc_best rc_worst
rc_typ rc_best rc_worst
rc_typ rc_best rc_worst
**WARN: (GLOBAL-100):	Global 'timing_enable_backward_compatible_mmmc_mode' has become obsolete. It will be removed in the next release.
**WARN: (GLOBAL-100):	Global 'timing_enable_backward_compatible_mmmc_mode' has become obsolete. It will be removed in the next release.
Generated self-contained design top_5.enc
#% End save design ... (date=08/20 18:00:27, total cpu=0:00:05.2, real=0:00:07.0, peak res=3148.4M, current mem=3123.6M)

*** Summary of all messages that are not suppressed in this session:
Severity  ID               Count  Summary                                  
WARNING   IMPMF-5054           1  fill_setting_save command is obsolete an...
WARNING   IMPCTE-104           1  The constraint mode of this inactive vie...
*** Message Summary: 2 warning(s), 0 error(s)

@file 30: puts "Design Finished and saved!"
Design Finished and saved!
@file 31:
@file 32: file copy -force ../logs/innovus.log ../layout/${design}_${tech_node_used}/reports/${design}_${tech_node_used}.log
