Cadence Genus(TM) Synthesis Solution.
Copyright 2025 Cadence Design Systems, Inc. All rights reserved worldwide.
Cadence and the Cadence logo are registered trademarks and Genus is a trademark
of Cadence Design Systems, Inc. in the United States and other countries.

[16:17:44.083386] Configured Lic search path (25.01-s002): 30000@licences.cnfm.fr:30000@cadence.cnfm.fr

Version: 25.10-p002_1, built Thu Apr 17 06:35:38 PDT 2025
Options: -abort_on_error -overwrite -logs /home/edu4chip_18/project_calendar/logs/genus.log -files /home/edu4chip_18/project_calendar/scripts/logic_synt.tcl 
Date:    Thu Aug 20 16:17:44 2026
Host:    tallinn.emse.fr (x86_64 w/Linux 5.14.0-687.39.1.el9_8.x86_64) (20cores*80cpus*2physical cpus*Intel(R) Xeon(R) Gold 5218R CPU @ 2.10GHz 28160KB) (131070076KB)
PID:     3111668
OS:      AlmaLinux 9.8 (Olive Jaguar)

Checking out license: Genus_Synthesis
[16:17:44.454385] Periodic Lic check successful
[16:17:44.978712] Feature usage summary:
[16:17:44.978713] Genus_Synthesis  


***********************************************************************************************************
***********************************************************************************************************



Finished executable startup (10 seconds elapsed).

Loading tool scripts...
Finished loading tool scripts (51 seconds elapsed).

#@ Processing -files option
@genus:root: 1> source /home/edu4chip_18/project_calendar/scripts/logic_synt.tcl
#@ Begin verbose source /home/edu4chip_18/project_calendar/scripts/logic_synt.tcl
@file(logic_synt.tcl) 1: set scr $env(scr)
@file(logic_synt.tcl) 2: source ${scr}/Setup.tcl
Sourcing '/home/edu4chip_18/project_calendar/scripts/Setup.tcl' (Thu Aug 20 16:18:37 CEST 2026)...
#@ Begin verbose source /home/edu4chip_18/project_calendar/scripts/Setup.tcl
@file(Setup.tcl) 2: set ROOT $env(ROOT)
@file(Setup.tcl) 4: set cons $env(cons)
@file(Setup.tcl) 5: set lyt $env(lyt)
@file(Setup.tcl) 6: set lib $env(lib)
@file(Setup.tcl) 7: set logs $env(logs)
@file(Setup.tcl) 8: set src $env(src)
@file(Setup.tcl) 9: set syn $env(syn)
@file(Setup.tcl) 11: set design $env(design)
@file(Setup.tcl) 12: set tech_node_used $env(tech_node_used)
@file(Setup.tcl) 14: set design_first_syn "0"
@file(Setup.tcl) 15: set design_first_lyt "0"
@file(Setup.tcl) 17: if {![file exists ${syn}/${design}_${tech_node_used}]} {
    file mkdir ${syn}/${design}_${tech_node_used}
    set design_first_syn "1"
}
@file(Setup.tcl) 22: if {![file exists ${lyt}/${design}_${tech_node_used}]} {
    file mkdir ${lyt}/${design}_${tech_node_used}
    set design_first_lyt "1"
}
@file(Setup.tcl) 27: if {![file exists $ROOT/pics/${design}_${tech_node_used}]} {
    file mkdir $ROOT/pics/${design}_${tech_node_used}
}
@file(Setup.tcl) 32: set syn_folder ${syn}/${design}_${tech_node_used}
@file(Setup.tcl) 33: set lyt_folder ${lyt}/${design}_${tech_node_used}
@file(Setup.tcl) 36:     set TECH_ROOT "/apps/DESIGN_KITS/XFAB_xh018/XKIT/xh018"
@file(Setup.tcl) 37:     set STD_CELL_ROOT "${TECH_ROOT}/diglibs/D_CELLS_HD/v6_0"
@file(Setup.tcl) 38:     set LIB_ROOT "${STD_CELL_ROOT}/liberty_LPMOS/v6_0_0/PVT_1_80V_range"
@file(Setup.tcl) 39:     set LEF_ROOT "${STD_CELL_ROOT}/LEF/v6_0_0"
@file(Setup.tcl) 42:     set Tech_process_node "180"
@file(Setup.tcl) 45:     set Tech_fast_lib "$LIB_ROOT/D_CELLS_HD_LPMOS_fast_1_98V_0C.lib"
@file(Setup.tcl) 46:     set Tech_typ_lib "$LIB_ROOT/D_CELLS_HD_LPMOS_typ_1_80V_25C.lib"
@file(Setup.tcl) 47:     set Tech_slow_lib "$LIB_ROOT/D_CELLS_HD_LPMOS_slow_1_62V_85C.lib"
@file(Setup.tcl) 50:     set Tech_fast_temp "0";  # ℃
@file(Setup.tcl) 51:     set Tech_typ_temp  "25"; # ℃
@file(Setup.tcl) 52:     set Tech_slow_temp "85"; # ℃
@file(Setup.tcl) 53:     set Tech_v_fast "1.98";  # V
@file(Setup.tcl) 54:     set Tech_v_typ  "1.80";  # V
@file(Setup.tcl) 55:     set Tech_v_slow "1.62";  # V
@file(Setup.tcl) 58:     set Tech_lef_list "${TECH_ROOT}/cadence/v9_0/techLEF/v9_0_1/xh018_xx43_HD_MET4_METMID_METTHK.lef\
        ${LEF_ROOT}/xh018_xx43_MET4_METMID_METTHK_D_CELLS_HD_mprobe.lef\
        ${LEF_ROOT}/xh018_D_CELLS_HD.lef"
@file(Setup.tcl) 63:     set qrc_path "${TECH_ROOT}/cadence/v10_1/QRC_assura/v10_1_1/"
@file(Setup.tcl) 66:     set Tech_cts_file "${scr}/physical/cts/${tech_node_used}_cts.ccopt"
@file(Setup.tcl) 69:     set Tech_fill_cell "FEED1HD FEED2HD FEED3HD FEED5HD \
        FEED7HD FEED10HD FEED15HD FEED25HD"
@file(Setup.tcl) 73:     set Tech_Metal_List "MET1 MET2 MET3 MET4"; # All metals
@file(Setup.tcl) 74:     set Tech_Metal_first "MET1"; # First routing layer
@file(Setup.tcl) 75:     set Tech_Metal_lastr "MET4"; # Last routing layer
@file(Setup.tcl) 77:     set Tech_power_ring_v "MET4"; # Power ring Vertical metal
@file(Setup.tcl) 78:     set Tech_power_ring_h "MET3"; # Power ring Horizontal metal
@file(Setup.tcl) 80:     set Tech_metal_plimit "MET4"; # Stripes configuration
@file(Setup.tcl) 81:     set Tech_metal_limit  "MET4"; # Stripes configuration
@file(Setup.tcl) 83:     set Tech_Metal_pin_h "MET3"; # I/O signals on top or bottom side
@file(Setup.tcl) 84:     set Tech_Metal_pin_v "MET2"; # I/O signals on left or right side
@file(Setup.tcl) 87:     set Tech_die_especs "1 0.8 15 15 15 15"; #[ (ratio) (density) spacing{left back rigth top})]
@file(Setup.tcl) 89:     set Tech_PR_width "3"
@file(Setup.tcl) 90:     set Tech_PR_spacing "3"
@file(Setup.tcl) 91:     set Tech_PR_offset "3"
@file(Setup.tcl) 93:     set Tech_power_name  "vdd"
@file(Setup.tcl) 94:     set Tech_ground_name "gnd"
#@ End verbose source /home/edu4chip_18/project_calendar/scripts/Setup.tcl
@file(logic_synt.tcl) 4: gui_show
@file(logic_synt.tcl) 7: set_db auto_ungroup none
  Setting attribute of root '/': 'auto_ungroup' = none
@file(logic_synt.tcl) 8: set_db tns_opto true
  Setting attribute of root '/': 'tns_opto' = true
@file(logic_synt.tcl) 10: switch $design {
   "exception" {

    }
    default {
      read_hdl -sv ${src}/${design}.sv
    }
}
module mod4 (
          |
Warning : Replacing previously read Verilog description. [VLOGPT-6]
        : Replacing Verilog description 'mod4' with Verilog module in file '../src/mod4.sv' on line 1, column 11.
        : A Verilog description is replaced when a new description of the same name and same library is read again.
    Verilog descriptions are:
       module
       macromodule
       configuration
    SystemVerilog adds the following descriptions:
       interface
       program
       package.
@file(logic_synt.tcl) 19: read_lib $Tech_slow_lib

  Message Summary for Library D_CELLS_HD_LPMOS_slow_1_62V_85C.lib:
  ****************************************************************
  Missing a function attribute in the output pin definition. [LBR-518]: 1
  An unsupported construct was detected in this library. [LBR-40]: 132
  ****************************************************************
 
Info    : Created nominal operating condition. [LBR-412]
        : Operating condition '_nominal_' was created for the PVT values (1.000000, 1.620000, 85.000000) in library 'D_CELLS_HD_LPMOS_slow_1_62V_85C.lib'.
        : The nominal operating condition is represented, either by the nominal PVT values specified in the library source (via nom_process,nom_voltage and nom_temperature respectively), or by the default PVT values (1.0,1.0,1.0).
Warning : Unusable clock gating integrated cell found at the time of loading libraries. This warning happens because a particular library cell is defined as 'clock_gating_integrated_cell', but 'dont_use' attribute is defined as true in the liberty library. To make Genus use this cell for clock gating insertion, 'dont_use' attribute should be set to false. [LBR-101]
        : Clock gating integrated cell name: 'LGCNHDX0'
        : To make the cell usable, change the value of 'dont_use' attribute to false.
Warning : Unusable clock gating integrated cell found at the time of loading libraries. This warning happens because a particular library cell is defined as 'clock_gating_integrated_cell', but 'dont_use' attribute is defined as true in the liberty library. To make Genus use this cell for clock gating insertion, 'dont_use' attribute should be set to false. [LBR-101]
        : Clock gating integrated cell name: 'LGCNHDX1'
Warning : Unusable clock gating integrated cell found at the time of loading libraries. This warning happens because a particular library cell is defined as 'clock_gating_integrated_cell', but 'dont_use' attribute is defined as true in the liberty library. To make Genus use this cell for clock gating insertion, 'dont_use' attribute should be set to false. [LBR-101]
        : Clock gating integrated cell name: 'LGCNHDX2'
Warning : Unusable clock gating integrated cell found at the time of loading libraries. This warning happens because a particular library cell is defined as 'clock_gating_integrated_cell', but 'dont_use' attribute is defined as true in the liberty library. To make Genus use this cell for clock gating insertion, 'dont_use' attribute should be set to false. [LBR-101]
        : Clock gating integrated cell name: 'LGCNHDX4'
Warning : Unusable clock gating integrated cell found at the time of loading libraries. This warning happens because a particular library cell is defined as 'clock_gating_integrated_cell', but 'dont_use' attribute is defined as true in the liberty library. To make Genus use this cell for clock gating insertion, 'dont_use' attribute should be set to false. [LBR-101]
        : Clock gating integrated cell name: 'LGCPHDX0'
Warning : Unusable clock gating integrated cell found at the time of loading libraries. This warning happens because a particular library cell is defined as 'clock_gating_integrated_cell', but 'dont_use' attribute is defined as true in the liberty library. To make Genus use this cell for clock gating insertion, 'dont_use' attribute should be set to false. [LBR-101]
        : Clock gating integrated cell name: 'LGCPHDX1'
Warning : Unusable clock gating integrated cell found at the time of loading libraries. This warning happens because a particular library cell is defined as 'clock_gating_integrated_cell', but 'dont_use' attribute is defined as true in the liberty library. To make Genus use this cell for clock gating insertion, 'dont_use' attribute should be set to false. [LBR-101]
        : Clock gating integrated cell name: 'LGCPHDX2'
Warning : Unusable clock gating integrated cell found at the time of loading libraries. This warning happens because a particular library cell is defined as 'clock_gating_integrated_cell', but 'dont_use' attribute is defined as true in the liberty library. To make Genus use this cell for clock gating insertion, 'dont_use' attribute should be set to false. [LBR-101]
        : Clock gating integrated cell name: 'LGCPHDX4'
Warning : Unusable clock gating integrated cell found at the time of loading libraries. This warning happens because a particular library cell is defined as 'clock_gating_integrated_cell', but 'dont_use' attribute is defined as true in the liberty library. To make Genus use this cell for clock gating insertion, 'dont_use' attribute should be set to false. [LBR-101]
        : Clock gating integrated cell name: 'LSGCNHDX0'
Warning : Unusable clock gating integrated cell found at the time of loading libraries. This warning happens because a particular library cell is defined as 'clock_gating_integrated_cell', but 'dont_use' attribute is defined as true in the liberty library. To make Genus use this cell for clock gating insertion, 'dont_use' attribute should be set to false. [LBR-101]
        : Clock gating integrated cell name: 'LSGCNHDX1'
Warning : Unusable clock gating integrated cell found at the time of loading libraries. This warning happens because a particular library cell is defined as 'clock_gating_integrated_cell', but 'dont_use' attribute is defined as true in the liberty library. To make Genus use this cell for clock gating insertion, 'dont_use' attribute should be set to false. [LBR-101]
        : Clock gating integrated cell name: 'LSGCNHDX2'
Warning : Unusable clock gating integrated cell found at the time of loading libraries. This warning happens because a particular library cell is defined as 'clock_gating_integrated_cell', but 'dont_use' attribute is defined as true in the liberty library. To make Genus use this cell for clock gating insertion, 'dont_use' attribute should be set to false. [LBR-101]
        : Clock gating integrated cell name: 'LSGCNHDX4'
Warning : Unusable clock gating integrated cell found at the time of loading libraries. This warning happens because a particular library cell is defined as 'clock_gating_integrated_cell', but 'dont_use' attribute is defined as true in the liberty library. To make Genus use this cell for clock gating insertion, 'dont_use' attribute should be set to false. [LBR-101]
        : Clock gating integrated cell name: 'LSGCPHDX0'
Warning : Unusable clock gating integrated cell found at the time of loading libraries. This warning happens because a particular library cell is defined as 'clock_gating_integrated_cell', but 'dont_use' attribute is defined as true in the liberty library. To make Genus use this cell for clock gating insertion, 'dont_use' attribute should be set to false. [LBR-101]
        : Clock gating integrated cell name: 'LSGCPHDX1'
Warning : Unusable clock gating integrated cell found at the time of loading libraries. This warning happens because a particular library cell is defined as 'clock_gating_integrated_cell', but 'dont_use' attribute is defined as true in the liberty library. To make Genus use this cell for clock gating insertion, 'dont_use' attribute should be set to false. [LBR-101]
        : Clock gating integrated cell name: 'LSGCPHDX2'
Warning : Unusable clock gating integrated cell found at the time of loading libraries. This warning happens because a particular library cell is defined as 'clock_gating_integrated_cell', but 'dont_use' attribute is defined as true in the liberty library. To make Genus use this cell for clock gating insertion, 'dont_use' attribute should be set to false. [LBR-101]
        : Clock gating integrated cell name: 'LSGCPHDX4'
Warning : Unusable clock gating integrated cell found at the time of loading libraries. This warning happens because a particular library cell is defined as 'clock_gating_integrated_cell', but 'dont_use' attribute is defined as true in the liberty library. To make Genus use this cell for clock gating insertion, 'dont_use' attribute should be set to false. [LBR-101]
        : Clock gating integrated cell name: 'LSOGCNHDX0'
Warning : Unusable clock gating integrated cell found at the time of loading libraries. This warning happens because a particular library cell is defined as 'clock_gating_integrated_cell', but 'dont_use' attribute is defined as true in the liberty library. To make Genus use this cell for clock gating insertion, 'dont_use' attribute should be set to false. [LBR-101]
        : Clock gating integrated cell name: 'LSOGCNHDX1'
Warning : Unusable clock gating integrated cell found at the time of loading libraries. This warning happens because a particular library cell is defined as 'clock_gating_integrated_cell', but 'dont_use' attribute is defined as true in the liberty library. To make Genus use this cell for clock gating insertion, 'dont_use' attribute should be set to false. [LBR-101]
        : Clock gating integrated cell name: 'LSOGCNHDX2'
Warning : Unusable clock gating integrated cell found at the time of loading libraries. This warning happens because a particular library cell is defined as 'clock_gating_integrated_cell', but 'dont_use' attribute is defined as true in the liberty library. To make Genus use this cell for clock gating insertion, 'dont_use' attribute should be set to false. [LBR-101]
        : Clock gating integrated cell name: 'LSOGCNHDX4'
Warning : Maximum message print count reached. [MESG-11]
        : Maximum print count of '20' reached for message 'LBR-101'.
Warning : Library cell has no output pins defined. [LBR-9]
        : Library cell 'MPROBEBUHDX8' must have an output pin.
        : Add the missing output pin(s), then reload the library. Else the library cell will be marked as timing model i.e. unusable. Timing_model means that the cell does not have any defined function. If there is no output pin, Genus will mark library cell as unusable i.e. the attribute 'usable' will be marked to 'false' on the libcell. Therefore, the cell is not used for mapping and it will not be picked up from the library for synthesis. If you query the attribute 'unusable_reason' on the libcell; result will be: 'Library cell has no output pins.'Note: The message LBR-9 is only for the logical pins and not for the power_ground pins. Genus will depend upon the output function defined in the pin group (output pin) of the cell, to use it for mapping. The pg_pin will not have any function defined.
Warning : Library cell has no output pins defined. [LBR-9]
        : Library cell 'MPROBEBUHDX8' must have an output pin.
Warning : Library cell has no output pins defined. [LBR-9]
        : Library cell 'MPROBEHD' must have an output pin.
Warning : Library cell has no output pins defined. [LBR-9]
        : Library cell 'MPROBEHD' must have an output pin.
Warning : Library cell has no output pins defined. [LBR-9]
        : Library cell 'FEED1HD' must have an output pin.
Warning : Library cell has no output pins defined. [LBR-9]
        : Library cell 'FEED1HD' must have an output pin.
Warning : Library cell has no output pins defined. [LBR-9]
        : Library cell 'FEED2HD' must have an output pin.
Warning : Library cell has no output pins defined. [LBR-9]
        : Library cell 'FEED2HD' must have an output pin.
Warning : Library cell has no output pins defined. [LBR-9]
        : Library cell 'FEED3HD' must have an output pin.
Warning : Library cell has no output pins defined. [LBR-9]
        : Library cell 'FEED3HD' must have an output pin.
Warning : Library cell has no output pins defined. [LBR-9]
        : Library cell 'FEED5HD' must have an output pin.
Warning : Library cell has no output pins defined. [LBR-9]
        : Library cell 'FEED5HD' must have an output pin.
Warning : Library cell has no output pins defined. [LBR-9]
        : Library cell 'FEED7HD' must have an output pin.
Warning : Library cell has no output pins defined. [LBR-9]
        : Library cell 'FEED7HD' must have an output pin.
Warning : Library cell has no output pins defined. [LBR-9]
        : Library cell 'FEED10HD' must have an output pin.
Warning : Library cell has no output pins defined. [LBR-9]
        : Library cell 'FEED10HD' must have an output pin.
Warning : Library cell has no output pins defined. [LBR-9]
        : Library cell 'FEED15HD' must have an output pin.
Warning : Library cell has no output pins defined. [LBR-9]
        : Library cell 'FEED15HD' must have an output pin.
Warning : Library cell has no output pins defined. [LBR-9]
        : Library cell 'FEED25HD' must have an output pin.
Warning : Library cell has no output pins defined. [LBR-9]
        : Library cell 'FEED25HD' must have an output pin.
Warning : Maximum message print count reached. [MESG-11]
        : Maximum print count of '20' reached for message 'LBR-9'.
@file(logic_synt.tcl) 21: elaborate
  Library has 464 usable logic and 192 usable sequential lib-cells.
Info    : Elaborating Design. [ELAB-1]
        : Elaborating top-level block 'fca2005' from file '/home/edu4chip_18/project_calendar/src/fca2005.sv'.
Info    : Done Elaborating Design. [ELAB-3]
        : Done elaborating 'fca2005'.
Checking for source RTL...
Check completed for source RTL.
Running Unified Mux Engine Tricks...
Completed Unified Mux Engine Tricks

Stage: post_elab
-------------------------------------------------------
| Trick             | Accepts | Rejects | Runtime (s) | 
-------------------------------------------------------
| ume_constant_bmux |       0 |       0 |        0.00 | 
| ume_merge         |       0 |       0 |        0.00 | 
| ume_ssm           |       0 |       0 |        0.00 | 
| ume_cse           |       1 |       0 |        0.00 | 
| ume_shrink        |       0 |       0 |        0.00 | 
| ume_sweep         |       0 |       0 |        0.00 | 
| ume_constant_bmux |       0 |       0 |        0.00 | 
| ume_merge         |       0 |       0 |        0.00 | 
| ume_ssm           |       0 |       0 |        0.00 | 
| ume_cse           |       0 |       0 |        0.00 | 
| ume_shrink        |       0 |       0 |        0.00 | 
| ume_sweep         |       0 |       0 |        0.00 | 
-------------------------------------------------------
Starting optimize datapath shifters [v1.0] (stage: post_elab, startdef: fca2005, recur: true)
Completed optimize datapath shifters (accepts: 0, rejects: 0, runtime: 0.000s)
Starting clip mux common data inputs [v1.0] (stage: post_elab, startdef: fca2005, recur: true)
Completed clip mux common data inputs (accepts: 0, rejects: 0, runtime: 0.000s)
Starting clip the non-user hierarchies [v2.0] (stage: post_elab, startdef: fca2005, recur: true)
Completed clip the non-user hierarchies (accepts: 0, rejects: 0, runtime: 0.000s)
Starting basic netlist cleanup [v1.0] (stage: post_elab, startdef: fca2005, recur: true)
Completed basic netlist cleanup (accepts: 0, rejects: 0, runtime: 0.001s)

Stage: post_elab
--------------------------------------------------------------------
| Transform                      | Accepts | Rejects | Runtime (s) | 
--------------------------------------------------------------------
| hlo_optimize_datapath_shifters |       0 |       0 |        0.00 | 
| hlo_clip_mux_input             |       0 |       0 |        0.00 | 
| hlo_clip                       |       0 |       0 |        0.00 | 
| hlo_cleanup                    |       0 |       0 |        0.00 | 
--------------------------------------------------------------------
UM:   flow.cputime  flow.realtime  timing.setup.tns  timing.setup.wns  snapshot
UM:*                                                                   elaborate
@file(logic_synt.tcl) 23: suspend

Execution has been suspended temporarily.
Enter 'resume' to continue.
Enter 'stop_suspend' to stop script execution
[SUSPEND]genus:root: 1> resume

Resuming...@file(logic_synt.tcl) 25: set_top_module ${design}
@file(logic_synt.tcl) 27: if {[file exists $cons/${design}/${design}_${tech_node_used}.sdc]} {
   read_sdc $cons/${design}/${design}_${tech_node_used}.sdc
} else {
   read_sdc $cons/basic_${tech_node_used}.sdc
}
Error   : A required object parameter could not be found. [TUI-61] [create_clock]
        : An object of type 'port|pin|hpin' named '' could not be found.
        : Check to make sure that the object exists and is of the correct type.  The 'what_is' command can be used to determine the type of an object.
Error   : Could not interpret SDC command. [SDC-202] [read_sdc]
        : The 'read_sdc' command encountered an error while processing this command on line '11' of the SDC file '/home/edu4chip_18/project_calendar/constraints/basic_XH180.sdc': create_clock -domain global_clk -name $global_clock_name -period $clock_period [get_db ports $global_clock_name].
        : The 'read_sdc' command encountered a problem while trying to evaluate an SDC command. This SDC command will be added to the Tcl variable $::dc::sdc_failed_commands.
Warning : Could not find requested search value. [SDC-208] [get_clocks]
        : The 'get_clocks' command on line '13' of the SDC file '/home/edu4chip_18/project_calendar/constraints/basic_XH180.sdc'  cannot find any clocks named 'clk'
        : Use get_* commands to find the objects along with a wild card entry in the name of the object to check if the object is existing with different naming style.
Error   : Option missing for SDC command. [SDC-203] [set_clock_uncertainty]
        : The set_clock_uncertainty command requires '-from', '-to', '-rise_from', '-fall_from', '-rise_to', '-fall_to', or list of objects option.
        : This SDC command requires the indicated options.  Check the SDC command and contact Cadence customer support if you believe this option combination should be supported.
Error   : Could not interpret SDC command. [SDC-202] [read_sdc]
        : The 'read_sdc' command encountered an error while processing this command on line '13' of the SDC file '/home/edu4chip_18/project_calendar/constraints/basic_XH180.sdc': set_clock_uncertainty -setup $setup_unc [get_clocks clk] .
Warning : Could not find requested search value. [SDC-208] [get_clocks]
        : The 'get_clocks' command on line '14' of the SDC file '/home/edu4chip_18/project_calendar/constraints/basic_XH180.sdc'  cannot find any clocks named 'clk'
Error   : Could not interpret SDC command. [SDC-202] [read_sdc]
        : The 'read_sdc' command encountered an error while processing this command on line '14' of the SDC file '/home/edu4chip_18/project_calendar/constraints/basic_XH180.sdc': set_clock_uncertainty -hold  $hold_unc [get_clocks clk] .
Warning : Could not find requested search value. [SDC-208] [get_clocks]
        : The 'get_clocks' command on line '16' of the SDC file '/home/edu4chip_18/project_calendar/constraints/basic_XH180.sdc'  cannot find any clocks named 'clk'
Warning : Maximum message print count reached. [MESG-11] [get_ports]
        : Maximum print count of '3' reached for message 'SDC-208'.
Error   : A command argument did not match any of the acceptable command options. [TUI-64] [set_input_output_delay_fast]
        : The argument in question is 'set_output_delay'.
        : Check the command usage and correct the input to the command.
Warning : Suppressed remaining 'SDC-208' warnings. [SDC-236]
        : The line '16' of the SDC file '/home/edu4chip_18/project_calendar/constraints/basic_XH180.sdc' had total 2 failures.
        : Use the attribute 'collapse_sdc_msg' to control printing of warning 'SDC-208'.
Error   : Could not interpret SDC command. [SDC-202] [read_sdc]
        : The 'read_sdc' command encountered an error while processing this command on line '16' of the SDC file '/home/edu4chip_18/project_calendar/constraints/basic_XH180.sdc': set_input_delay -clock [get_clocks clk] -add_delay 1.0  [remove_from_collection [all_inputs] [get_ports clk]] set_output_delay 1.5 -clock clk [all_outputs] .
Statistics for commands executed by read_sdc:
 "all_inputs"               - successful      1 , failed      0 (runtime  0.00)
 "all_outputs"              - successful      2 , failed      0 (runtime  0.00)
 "create_clock"             - successful      0 , failed      1 (runtime  0.00)
 "current_design"           - successful      1 , failed      0 (runtime  0.03)
 "get_clocks"               - successful      0 , failed      3 (runtime  0.00)
 "get_ports"                - successful      1 , failed      1 (runtime  0.00)
 "remove_from_collection"   - successful      1 , failed      0 (runtime  0.00)
 "set_clock_uncertainty"    - successful      0 , failed      2 (runtime  0.00)
 "set_input_delay"          - successful      0 , failed      1 (runtime  0.00)
 "set_load"                 - successful      1 , failed      0 (runtime  0.02)
Warning : Total failed commands during read_sdc are 8
Warning : One or more commands failed when these constraints were applied. [SDC-209]
        : The 'read_sdc' command encountered a problem while processing commands.
        : You can examine the failed commands or save them to a file by querying the Tcl variable $::dc::sdc_failed_commands.
read_sdc completed in 00:00:00 (hh:mm:ss)
@file(logic_synt.tcl) 33: source ${scr}/dont_use.tcl
Sourcing '/home/edu4chip_18/project_calendar/scripts/dont_use.tcl' (Thu Aug 20 16:19:28 CEST 2026)...
#@ Begin verbose source /home/edu4chip_18/project_calendar/scripts/dont_use.tcl
@file(dont_use.tcl) 1: switch $tech_node_used {
    "XH180" {
    foreach lc [get_db base_cells -if {.name == "CLK*"}] {
        set_db $lc .dont_use true
        }
    foreach lc [get_db base_cells -if {.name == "DLY*"}] {
        set_db $lc .dont_use true
        }
    foreach lc [get_db base_cells -if {.name == "SD*"}] {
        set_db $lc .dont_use true
        }
    }
}
  Setting attribute of base_cell 'CLKVBUFHD': 'dont_use' = true
  Setting attribute of base_cell 'DLY1HDX0': 'dont_use' = true
  Setting attribute of base_cell 'DLY1HDX1': 'dont_use' = true
  Setting attribute of base_cell 'DLY2HDX0': 'dont_use' = true
  Setting attribute of base_cell 'DLY2HDX1': 'dont_use' = true
  Setting attribute of base_cell 'DLY4HDX0': 'dont_use' = true
  Setting attribute of base_cell 'DLY4HDX1': 'dont_use' = true
  Setting attribute of base_cell 'DLY8HDX0': 'dont_use' = true
  Setting attribute of base_cell 'DLY8HDX1': 'dont_use' = true
  Setting attribute of base_cell 'SDFFHDX0': 'dont_use' = true
  Setting attribute of base_cell 'SDFFHDX1': 'dont_use' = true
  Setting attribute of base_cell 'SDFFHDX2': 'dont_use' = true
  Setting attribute of base_cell 'SDFFHDX4': 'dont_use' = true
  Setting attribute of base_cell 'SDFFQHDX0': 'dont_use' = true
  Setting attribute of base_cell 'SDFFQHDX1': 'dont_use' = true
  Setting attribute of base_cell 'SDFFQHDX2': 'dont_use' = true
  Setting attribute of base_cell 'SDFFQHDX4': 'dont_use' = true
  Setting attribute of base_cell 'SDFFRHDX0': 'dont_use' = true
  Setting attribute of base_cell 'SDFFRHDX1': 'dont_use' = true
  Setting attribute of base_cell 'SDFFRHDX2': 'dont_use' = true
  Setting attribute of base_cell 'SDFFRHDX4': 'dont_use' = true
  Setting attribute of base_cell 'SDFFRQHDX0': 'dont_use' = true
  Setting attribute of base_cell 'SDFFRQHDX1': 'dont_use' = true
  Setting attribute of base_cell 'SDFFRQHDX2': 'dont_use' = true
  Setting attribute of base_cell 'SDFFRQHDX4': 'dont_use' = true
  Setting attribute of base_cell 'SDFFRSHDX0': 'dont_use' = true
  Setting attribute of base_cell 'SDFFRSHDX1': 'dont_use' = true
  Setting attribute of base_cell 'SDFFRSHDX2': 'dont_use' = true
  Setting attribute of base_cell 'SDFFRSHDX4': 'dont_use' = true
  Setting attribute of base_cell 'SDFFRSQHDX0': 'dont_use' = true
  Setting attribute of base_cell 'SDFFRSQHDX1': 'dont_use' = true
  Setting attribute of base_cell 'SDFFRSQHDX2': 'dont_use' = true
  Setting attribute of base_cell 'SDFFRSQHDX4': 'dont_use' = true
  Setting attribute of base_cell 'SDFFSHDX0': 'dont_use' = true
  Setting attribute of base_cell 'SDFFSHDX1': 'dont_use' = true
  Setting attribute of base_cell 'SDFFSHDX2': 'dont_use' = true
  Setting attribute of base_cell 'SDFFSHDX4': 'dont_use' = true
  Setting attribute of base_cell 'SDFFSQHDX0': 'dont_use' = true
  Setting attribute of base_cell 'SDFFSQHDX1': 'dont_use' = true
  Setting attribute of base_cell 'SDFFSQHDX2': 'dont_use' = true
  Setting attribute of base_cell 'SDFFSQHDX4': 'dont_use' = true
  Setting attribute of base_cell 'SDFR2HDX1': 'dont_use' = true
  Setting attribute of base_cell 'SDFR2HDX2': 'dont_use' = true
  Setting attribute of base_cell 'SDFR4HDX1': 'dont_use' = true
  Setting attribute of base_cell 'SDFR4HDX2': 'dont_use' = true
  Setting attribute of base_cell 'SDFR8HDX1': 'dont_use' = true
  Setting attribute of base_cell 'SDFR8HDX2': 'dont_use' = true
  Setting attribute of base_cell 'SDFRHDX0': 'dont_use' = true
  Setting attribute of base_cell 'SDFRHDX1': 'dont_use' = true
  Setting attribute of base_cell 'SDFRHDX2': 'dont_use' = true
  Setting attribute of base_cell 'SDFRHDX4': 'dont_use' = true
  Setting attribute of base_cell 'SDFRQ2HDX1': 'dont_use' = true
  Setting attribute of base_cell 'SDFRQ2HDX2': 'dont_use' = true
  Setting attribute of base_cell 'SDFRQ4HDX1': 'dont_use' = true
  Setting attribute of base_cell 'SDFRQ4HDX2': 'dont_use' = true
  Setting attribute of base_cell 'SDFRQ8HDX1': 'dont_use' = true
  Setting attribute of base_cell 'SDFRQ8HDX2': 'dont_use' = true
  Setting attribute of base_cell 'SDFRQHDX0': 'dont_use' = true
  Setting attribute of base_cell 'SDFRQHDX1': 'dont_use' = true
  Setting attribute of base_cell 'SDFRQHDX2': 'dont_use' = true
  Setting attribute of base_cell 'SDFRQHDX4': 'dont_use' = true
  Setting attribute of base_cell 'SDFRR2HDX1': 'dont_use' = true
  Setting attribute of base_cell 'SDFRR2HDX2': 'dont_use' = true
  Setting attribute of base_cell 'SDFRR4HDX1': 'dont_use' = true
  Setting attribute of base_cell 'SDFRR4HDX2': 'dont_use' = true
  Setting attribute of base_cell 'SDFRR8HDX1': 'dont_use' = true
  Setting attribute of base_cell 'SDFRR8HDX2': 'dont_use' = true
  Setting attribute of base_cell 'SDFRRHDX0': 'dont_use' = true
  Setting attribute of base_cell 'SDFRRHDX1': 'dont_use' = true
  Setting attribute of base_cell 'SDFRRHDX2': 'dont_use' = true
  Setting attribute of base_cell 'SDFRRHDX4': 'dont_use' = true
  Setting attribute of base_cell 'SDFRRQ2HDX1': 'dont_use' = true
  Setting attribute of base_cell 'SDFRRQ2HDX2': 'dont_use' = true
  Setting attribute of base_cell 'SDFRRQ4HDX1': 'dont_use' = true
  Setting attribute of base_cell 'SDFRRQ4HDX2': 'dont_use' = true
  Setting attribute of base_cell 'SDFRRQ8HDX1': 'dont_use' = true
  Setting attribute of base_cell 'SDFRRQ8HDX2': 'dont_use' = true
  Setting attribute of base_cell 'SDFRRQHDX0': 'dont_use' = true
  Setting attribute of base_cell 'SDFRRQHDX1': 'dont_use' = true
  Setting attribute of base_cell 'SDFRRQHDX2': 'dont_use' = true
  Setting attribute of base_cell 'SDFRRQHDX4': 'dont_use' = true
  Setting attribute of base_cell 'SDFRRSHDX0': 'dont_use' = true
  Setting attribute of base_cell 'SDFRRSHDX1': 'dont_use' = true
  Setting attribute of base_cell 'SDFRRSHDX2': 'dont_use' = true
  Setting attribute of base_cell 'SDFRRSHDX4': 'dont_use' = true
  Setting attribute of base_cell 'SDFRRSQHDX0': 'dont_use' = true
  Setting attribute of base_cell 'SDFRRSQHDX1': 'dont_use' = true
  Setting attribute of base_cell 'SDFRRSQHDX2': 'dont_use' = true
  Setting attribute of base_cell 'SDFRRSQHDX4': 'dont_use' = true
  Setting attribute of base_cell 'SDFRSHDX0': 'dont_use' = true
  Setting attribute of base_cell 'SDFRSHDX1': 'dont_use' = true
  Setting attribute of base_cell 'SDFRSHDX2': 'dont_use' = true
  Setting attribute of base_cell 'SDFRSHDX4': 'dont_use' = true
  Setting attribute of base_cell 'SDFRSQHDX0': 'dont_use' = true
  Setting attribute of base_cell 'SDFRSQHDX1': 'dont_use' = true
  Setting attribute of base_cell 'SDFRSQHDX2': 'dont_use' = true
  Setting attribute of base_cell 'SDFRSQHDX4': 'dont_use' = true
  Setting attribute of base_cell 'SDFFQSSHDX0': 'dont_use' = true
  Setting attribute of base_cell 'SDFFQSSHDX1': 'dont_use' = true
  Setting attribute of base_cell 'SDFFQSSHDX2': 'dont_use' = true
  Setting attribute of base_cell 'SDFFQSSHDX4': 'dont_use' = true
  Setting attribute of base_cell 'SDFFRQSSHDX0': 'dont_use' = true
  Setting attribute of base_cell 'SDFFRQSSHDX1': 'dont_use' = true
  Setting attribute of base_cell 'SDFFRQSSHDX2': 'dont_use' = true
  Setting attribute of base_cell 'SDFFRQSSHDX4': 'dont_use' = true
  Setting attribute of base_cell 'SDFFSQSSHDX0': 'dont_use' = true
  Setting attribute of base_cell 'SDFFSQSSHDX1': 'dont_use' = true
  Setting attribute of base_cell 'SDFFSQSSHDX2': 'dont_use' = true
  Setting attribute of base_cell 'SDFFSQSSHDX4': 'dont_use' = true
  Setting attribute of base_cell 'SDFRQSSHDX0': 'dont_use' = true
  Setting attribute of base_cell 'SDFRQSSHDX1': 'dont_use' = true
  Setting attribute of base_cell 'SDFRQSSHDX2': 'dont_use' = true
  Setting attribute of base_cell 'SDFRQSSHDX4': 'dont_use' = true
  Setting attribute of base_cell 'SDFRRQSSHDX0': 'dont_use' = true
  Setting attribute of base_cell 'SDFRRQSSHDX1': 'dont_use' = true
  Setting attribute of base_cell 'SDFRRQSSHDX2': 'dont_use' = true
  Setting attribute of base_cell 'SDFRRQSSHDX4': 'dont_use' = true
  Setting attribute of base_cell 'SDFRSQSSHDX0': 'dont_use' = true
  Setting attribute of base_cell 'SDFRSQSSHDX1': 'dont_use' = true
  Setting attribute of base_cell 'SDFRSQSSHDX2': 'dont_use' = true
  Setting attribute of base_cell 'SDFRSQSSHDX4': 'dont_use' = true
#@ End verbose source /home/edu4chip_18/project_calendar/scripts/dont_use.tcl
@file(logic_synt.tcl) 35: syn_generic
  Library has 456 usable logic and 128 usable sequential lib-cells.
stamp 'PBS_Generic-Start' being created for table 'pbs_debug'

  Total Time (Wall) |  Stage Time (Wall)  |   % (Wall)   |    Date - Time     |  Memory   | Stage
--------------------+---------------------+--------------+--------------------+-----------+----------------------
 00:00:58(00:01:41) |  00:00:00(00:00:00) |   0.0(  0.0) |   16:19:29 (Aug20) |  918.3 MB | PBS_Generic-Start
--------------------+---------------------+--------------+--------------------+-----------+----------------------
Number of threads: 8 * 1   (id: pbs_debug, time_info v1.57)
Info: (*N*) indicates data that was populated from previously saved time_info database
Info: CPU time includes time of parent + longest thread

Stage: pre_early_cg
-----------------------------------------------
| Transform | Accepts | Rejects | Runtime (s) | 
-----------------------------------------------
-----------------------------------------------
Mapping ChipWare ICG instances in fca2005
Found 0 unmapped ChipWare ICG instances
Mapped 0 of 0 ChipWare ICG instances
##Generic Timing Info: typical gate delay  340.8 ps   std_slew:   54.8 ps   std_load:  9.6 fF  for library domain _default_
Starting mux data reorder optimization [v1.0] (stage: pre_to_gen_setup, startdef: fca2005, recur: true)
Completed mux data reorder optimization (accepts: 0, rejects: 0, runtime: 0.000s)

Stage: pre_to_gen_setup
-----------------------------------------------------
| Transform       | Accepts | Rejects | Runtime (s) | 
-----------------------------------------------------
| hlo_mux_reorder |       0 |       0 |        0.00 | 
-----------------------------------------------------
Running DP early constant propagation (netlist fca2005)...
Running DP early redundancy removal
Completed DP early redundancy removal on fca2005 (runtime = 0.0s)
Multi-threaded constant propagation [4|0] ...
...done running DP early constant propagation (0 seconds CPU time, 0 seconds wall time, netlist fca2005).
Info    : Deleting instances not driving any primary outputs. [GLO-34]
        : Deleting 3 hierarchical instances.
        : Optimizations such as constant propagation or redundancy removal could change the connections so a hierarchical instance does not drive any primary outputs anymore. To see the list of deleted hierarchical instances, set the 'information_level' attribute to 2 or above. If the message is truncated set the message attribute 'truncate' to false to see the complete list. To prevent this optimization, set the 'delete_unloaded_insts' root/subdesign attribute to 'false' or 'preserve' instance attribute to 'true'.
Info    : Synthesizing. [SYNTH-1]
        : Synthesizing 'fca2005' to generic gates using 'medium' effort.
Running Synthesis Turbo Flow Version 4.
Info    : Partition Based Synthesis execution skipped. [PHYS-752]
        : Design size is less than the partition size '100000' for distributed generic optimization to kick in.
Starting mux data reorder optimization [v1.0] (stage: pre_to_gen_setup, startdef: fca2005, recur: true)
Completed mux data reorder optimization (accepts: 0, rejects: 0, runtime: 0.001s)

Stage: pre_to_gen_setup
-----------------------------------------------------
| Transform       | Accepts | Rejects | Runtime (s) | 
-----------------------------------------------------
| hlo_mux_reorder |       0 |       0 |        0.00 | 
-----------------------------------------------------
Starting mux data reorder optimization [v1.0] (stage: post_to_gen_setup, startdef: fca2005, recur: true)
Completed mux data reorder optimization (accepts: 0, rejects: 0, runtime: 0.000s)

Stage: post_to_gen_setup
-----------------------------------------------------
| Transform       | Accepts | Rejects | Runtime (s) | 
-----------------------------------------------------
| hlo_mux_reorder |       0 |       0 |        0.00 | 
-----------------------------------------------------
Running Unified Mux Engine Tricks...
Completed Unified Mux Engine Tricks

Stage: pre_hlo_rtlopt
-----------------------------------------------
| Trick     | Accepts | Rejects | Runtime (s) | 
-----------------------------------------------
| ume_ssm   |       0 |       0 |        0.00 | 
| ume_sweep |       0 |       0 |        0.00 | 
| ume_share |       0 |       0 |        0.00 | 
-----------------------------------------------
Begin SDR optimization CTX_region 
#Special hiers formed inside chklpyr = 0
#Special hiers formed inside fca2005 = 0
#Special hiers formed inside lut_month = 0
#Special hiers formed inside lut_year = 0
#Special hiers formed inside mod7 = 0
No special hier is found 
End SDR optimization CTX_region 
Begin SDR optimization UME_region 
#Special hiers formed inside chklpyr = 0
#Special hiers formed inside fca2005 = 0
#Special hiers formed inside lut_month = 0
#Special hiers formed inside lut_year = 0
#Special hiers formed inside mod7 = 0
No special hier is found 
End SDR optimization UME_region 
Begin SDR optimization IMPL_BASED_region 
#Special hiers formed inside chklpyr = 0
#Special hiers formed inside fca2005 = 0
#Special hiers formed inside lut_month = 0
#Special hiers formed inside lut_year = 0
#Special hiers formed inside mod7 = 0
No special hier is found 
End SDR optimization IMPL_BASED_region 
Starting timing based select reordering [v1.0] (stage: pre_rtlopt, startdef: fca2005, recur: true)
Completed timing based select reordering (accepts: 0, rejects: 0, runtime: 0.026s)
Starting recase case-box optimization [v1.0] (stage: pre_rtlopt, startdef: fca2005, recur: true)
Completed recase case-box optimization (accepts: 0, rejects: 0, runtime: 0.002s)
Starting infer macro optimization [v1.0] (stage: pre_rtlopt, startdef: fca2005, recur: true)
Completed infer macro optimization (accepts: 0, rejects: 2, runtime: 0.001s)
Starting decode mux sandwich optimization [v2.0] (stage: pre_rtlopt, startdef: fca2005, recur: true)
Completed decode mux sandwich optimization (accepts: 0, rejects: 0, runtime: 0.000s)
Starting decode mux optimization [v1.0] (stage: pre_rtlopt, startdef: fca2005, recur: true)
Completed decode mux optimization (accepts: 0, rejects: 0, runtime: 0.000s)
Starting chop wide muxes [v1.0] (stage: pre_rtlopt, startdef: fca2005, recur: true)
Completed chop wide muxes (accepts: 0, rejects: 0, runtime: 0.000s)
Starting common data mux cascade opt [v1.0] (stage: pre_rtlopt, startdef: fca2005, recur: true)
Completed common data mux cascade opt (accepts: 0, rejects: 0, runtime: 0.000s)
Starting mux input consolidation [v1.0] (stage: pre_rtlopt, startdef: fca2005, recur: true)
Completed mux input consolidation (accepts: 0, rejects: 0, runtime: 0.000s)
Starting constant-data mux optimization [v1.0] (stage: pre_rtlopt, startdef: fca2005, recur: true)
Completed constant-data mux optimization (accepts: 0, rejects: 0, runtime: 0.000s)
Starting chain-to-tree inequality transform [v2.0] (stage: pre_rtlopt, startdef: fca2005, recur: true)
Completed chain-to-tree inequality transform (accepts: 0, rejects: 0, runtime: 0.003s)
Starting reconvergence optimization [v1.0] (stage: pre_rtlopt, startdef: fca2005, recur: true)
Completed reconvergence optimization (accepts: 0, rejects: 0, runtime: 0.000s)
Starting logic restructure optimization [v1.0] (stage: pre_rtlopt, startdef: fca2005, recur: true)
Completed logic restructure optimization (accepts: 0, rejects: 0, runtime: 0.000s)
Starting identity transform [v3.0] (stage: pre_rtlopt, startdef: fca2005, recur: true)
Completed identity transform (accepts: 0, rejects: 1, runtime: 0.001s)
Starting reduce operator chain [v1.0] (stage: pre_rtlopt, startdef: fca2005, recur: true)
Completed reduce operator chain (accepts: 0, rejects: 0, runtime: 0.000s)
Starting common data mux cascade opt [v1.0] (stage: pre_rtlopt, startdef: fca2005, recur: true)
Completed common data mux cascade opt (accepts: 0, rejects: 0, runtime: 0.000s)
Starting mux input consolidation [v1.0] (stage: pre_rtlopt, startdef: fca2005, recur: true)
Completed mux input consolidation (accepts: 0, rejects: 0, runtime: 0.000s)
Starting optimize datapath elements [v1.0] (stage: pre_rtlopt, startdef: fca2005, recur: true)
Completed optimize datapath elements (accepts: 0, rejects: 0, runtime: 0.000s)
Starting datapath recasting [v1.0] (stage: pre_rtlopt, startdef: fca2005, recur: true)
Completed datapath recasting (accepts: 0, rejects: 0, runtime: 0.000s)
Starting word-level redundancy removal [v1.0] (stage: pre_rtlopt, startdef: fca2005, recur: true)
Info    : Setting up the version of high level Redundancy Removal Optimizations. [HLO_RR-1]
        : hlo_rr=2: enables RRv2 with filter, on by default.
Info    : Setting up the version of high level Redundancy Removal Optimizations. [HLO_RR-1]
        : hlo_rr=2: Value cannot be changed anymore.
Completed word-level redundancy removal (accepts: 0, rejects: 0, runtime: 0.085s)
Starting clip mux common data inputs [v1.0] (stage: pre_rtlopt, startdef: fca2005, recur: true)
Completed clip mux common data inputs (accepts: 0, rejects: 0, runtime: 0.000s)
Starting clip the non-user hierarchies [v2.0] (stage: pre_rtlopt, startdef: fca2005, recur: true)
Completed clip the non-user hierarchies (accepts: 0, rejects: 0, runtime: 0.000s)
Starting basic netlist cleanup [v1.0] (stage: pre_rtlopt, startdef: fca2005, recur: true)
Completed basic netlist cleanup (accepts: 0, rejects: 0, runtime: 0.000s)

Stage: pre_rtlopt
-----------------------------------------------------------------
| Transform                   | Accepts | Rejects | Runtime (s) | 
-----------------------------------------------------------------
| hlo_timing_reorder          |       0 |       0 |        0.03 | 
| hlo_recase_casebox          |       0 |       0 |        0.00 | 
| hlo_infer_macro             |       0 |       2 |        0.00 | 
| hlo_decode_mux_sandwich     |       0 |       0 |        0.00 | 
| hlo_mux_decode              |       0 |       0 |        0.00 | 
| hlo_chop_mux                |       0 |       0 |        0.00 | 
| hlo_mux_cascade_opt         |       0 |       0 |        0.00 | 
| hlo_mux_consolidation       |       0 |       0 |        0.00 | 
| hlo_constant_mux_opt        |       0 |       0 |        0.00 | 
| hlo_inequality_transform    |       0 |       0 |        0.00 | 
| hlo_reconv_opt              |       0 |       0 |        0.00 | 
| hlo_restructure             |       0 |       0 |        0.00 | 
| hlo_identity_transform      |       0 |       1 |        0.00 | 
| hlo_reduce_operator_chain   |       0 |       0 |        0.00 | 
| hlo_mux_cascade_opt         |       0 |       0 |        0.00 | 
| hlo_mux_consolidation       |       0 |       0 |        0.00 | 
| hlo_optimize_datapath       |       0 |       0 |        0.00 | 
| hlo_datapath_recast         |       0 |       0 |        0.00 | 
| hlo_redundancy_removal_word |       0 |       0 |        0.09 | 
| hlo_clip_mux_input          |       0 |       0 |        0.00 | 
| hlo_clip                    |       0 |       0 |        0.00 | 
| hlo_cleanup                 |       0 |       0 |        0.00 | 
-----------------------------------------------------------------
Running Unified Mux Engine Tricks...
Completed Unified Mux Engine Tricks

Stage: post_hlo_rtlopt
----------------------------------------------------------
| Trick                | Accepts | Rejects | Runtime (s) | 
----------------------------------------------------------
| ume_sweep_aggressive |       0 |       0 |        0.00 | 
| ume_runtime          |       0 |       0 |        0.00 | 
----------------------------------------------------------
Number of big hc bmuxes before = 0
Number of non-ctl's : 1
mux_month_lut_7_11 
SOP DEBUG : Module= lut_month, Cluster= ctl_month_7_11, ctl= 1, Non-ctl= 1
Selected impl_type 4 (factored_form (optimized)) for sop cluster ctl_month_7_11.
Number of non-ctl's : 1
mux_year_12_lut_7_15 
SOP DEBUG : Module= lut_year, Cluster= ctl_year_12_7_15, ctl= 1, Non-ctl= 1
Selected impl_type 0 (ctl + 1-hot mux form) for sop cluster ctl_year_12_7_15.
Info    : Pre-processed datapath logic. [DPOPT-6]
        : Pre-processing optimizations applied to datapath logic in 'fca2005':
          live_trim(4) sop(2) 
Info    : Optimizing datapath logic. [DPOPT-1]
        : Optimizing datapath logic in 'fca2005'.
Info    : Implementing datapath configurations. [DPOPT-3]
        : Implementing datapath configurations for 'CDN_DP_region_1_0'
CSAGen Prep Share:0 Re-Write:0 Speculation: 0
CDN_DP_region_1_0 level = 0 loads = 1 drivers = 0
CDN_DP_region_1_0_c0 in fca2005: area: 2898593830 , DP = 5  Mux = 1  other = 2  sg = slow     
    wns: 0  norm_wns:  -1.0000 
    tns:  0
Combined costing for score 0.00 is 0.00
 skipped
CDN_DP_region_1_0_c1 in fca2005: area: 2260251818 , CSA = 1  other = 1  sg = fast     
    wns: 0  norm_wns:  -1.0000 
    tns:  0
Combined costing for score 0.00 is 0.00
 is current best
CDN_DP_region_1_0_c2 in fca2005: area: 2260251818 , CSA = 1  other = 1  sg = very_slow
    wns: 0  norm_wns:  -1.0000 
    tns:  0
Combined costing for score 0.00 is 0.00
 is current best
CDN_DP_region_1_0_c3 in fca2005: area: 2260251818 , CSA = 1  other = 1  sg = very_fast
    wns: 0  norm_wns:  -1.0000 
    tns:  0
Combined costing for score 0.00 is 0.00
 is current best
CDN_DP_region_1_0_c4 in fca2005: area: 2260251818 , CSA = 1  other = 1  sg = very_fast
    wns: 0  norm_wns:  -1.0000 
    tns:  0
Combined costing for score 0.00 is 0.00
 is current best
CDN_DP_region_1_0_c5 in fca2005: area: 2260251818 , CSA = 1  other = 1  sg = very_fast
    wns: 0  norm_wns:  -1.0000 
    tns:  0
Combined costing for score 0.00 is 0.00
 is current best
CDN_DP_region_1_0_c6 in fca2005: area: 2260251818 , CSA = 1  other = 1  sg = very_fast
    wns: 0  norm_wns:  -1.0000 
    tns:  0
Combined costing for score 0.00 is 0.00
 is current best
CDN_DP_region_1_0_c7 in fca2005: area: 2221169654 , CSA = 1  other = 1  sg = very_fast
    wns: 0  norm_wns:  -1.0000 
    tns:  0
Combined costing for score 0.00 is 0.00
 is current best
Best config: CDN_DP_region_1_0_c7 in fca2005: area: 2221169654 , CSA = 1  other = 1  sg = very_fast
    wns: 0  norm_wns:  -1.0000 
    tns:  0
Combined costing for score 0.00 is 0.00
  Smallest config area : 2221169654.  Fastest config wns;  0
##>+----------------------------------------------------------------------------------------------------------------------------------------------------------------+
##>Summary table of configs (Best config is CDN_DP_region_1_0_c7)
##>+----------------------------------------------------------------------------------------------------------------------------------------------------------------+
##>                     0                  1                  2                  3                  4                  5                  6                  7            
##>+----------------------------------------------------------------------------------------------------------------------------------------------------------------+
##>           Area       2898593830         2260251818         2260251818         2260251818         2260251818         2260251818         2260251818         2221169654  
##>            WNS    +214748364.70      +214748364.70      +214748364.70      +214748364.70      +214748364.70      +214748364.70      +214748364.70      +214748364.70  
##>            TNS                0                  0                  0                  0                  0                  0                  0                  0  
##>    Num Rewrite                0                  2                  2                  2                  2                  2                  2                  1  
##>      Num Share                0                  0                  0                  0                  0                  0                  0                  0  
##>  Num Speculate                0                  0                  0                  0                  0                  0                  0                  0  
##>        Num CSA                0                  1                  1                  1                  1                  1                  1                  1  
##>         Num DP                5                  0                  0                  0                  0                  0                  0                  0  
##>        Num Mux                1                  0                  0                  0                  0                  0                  0                  0  
##>      Num other                2                  1                  1                  1                  1                  1                  1                  1  
##>     Runtime(s)                0                  0                  0                  0                  0                  0                  0                  0  
+----------------------------------------------------------------------------------------------------------------------------------------------------------------+
##>
##>

CSA report for CDN_DP_region_1_0_c7, cover 0 
---------------------------
| POs | Operation   | FRC | 
---------------------------
| 1   | SUB_UNS_OP  | -   | 
|     | ADD_TC_OP   | -   | 
|     | ADD_TC_OP_1 | -   | 
|     | ADD_TC_OP_2 | -   | 
|     | ADD_TC_OP_3 | -   | 
---------------------------
-----------------------------------------------------------------------------------------------
| Input/Output   | Driver | Type | Reason | Polarity | Bitwidth | Expression                  | 
-----------------------------------------------------------------------------------------------
| ADD_TC_OP[0]   | in_18  | PI   | -      | signed   | 8        | in_18[7,0]                  | 
| SUB_UNS_OP[0]  | in_23  | PI   | -      | unsigned | 3        | in_23[2,0]                  | 
| SUB_UNS_OP[1]  | g4     | PI   | -      | unsigned | 1        | g4                          | 
| ADD_TC_OP_1[1] | in_7   | PI   | -      | signed   | 8        | in_7[7,0]                   | 
| ADD_TC_OP_2[1] | in_5   | PI   | -      | signed   | 7        | {1'b0,in_5[5,0]}            | 
| ADD_TC_OP_3[1] | in_10  | PI   | -      | signed   | 4        | {1'b0,in_10[2,0]}           | 
| ADD_TC_OP_3    | -      | PO   | -      | signed   | 8        | in_18[7,0]+in_23[2,0]-g4    | 
|                |        |      |        |          |          | +in_7[7,0]+{1'b0,in_5[5,0]} | 
|                |        |      |        |          |          | +{1'b0,in_10[2,0]}          | 
-----------------------------------------------------------------------------------------------
 
##>+-----------------------------------------------------------------------------------------------------------------------------------------------------------------------------------------------------+
##>Optimization Step DEBUG Table for config CDN_DP_region_1_0_c7
##>
##>                          Step                        Area   (  % Chg)         WNS (Change)          TNS (Change)                Power   (  % Chg)        Runtime (s)        Comment                   
##>+-----------------------------------------------------------------------------------------------------------------------------------------------------------------------------------------------------+
##>EquationExtraction              START             2898593830 (       )    214748364.70 (        )          0 (        )                    0 (       )              
##> rewrite                        START             5640859004 ( +94.61)    214748364.70 (   +0.00)          0 (       0)                    0 (  +0.00)              (a,ar) Expr0_from --> Expr0_to
##>                                  END             6090303890 (  +7.97)    214748364.70 (   +0.00)          0 (       0)                    0 (  +0.00)           0  
##> rewrite                        START             6090303890 (  +0.00)    214748364.70 (   +0.00)          0 (       0)                    0 (  +0.00)              (a,ar) Expr1_from --> Expr1_to
##>                                  END             6285714710 (  +3.21)    214748364.70 (   +0.00)          0 (       0)                    0 (  +0.00)           0  
##>                                  END             3335011328 ( +15.06)    214748364.70 (   +0.00)          0 (       0)                    0 (  +0.00)           0  
##>createMaxCarrySave              START             3335011328 (  +0.00)    214748364.70 (   +0.00)          0 (       0)                    0 (  +0.00)              
##> datapath_rewrite_one_def       START             3335011328 (  +0.00)    214748364.70 (   +0.00)          0 (       0)                    0 (  +0.00)              
##>  rewrite                       START             3335011328 (  +0.00)    214748364.70 (   +0.00)          0 (       0)                    0 (  +0.00)              (a,csaa) dec_with_select --> dec_ci
##>                                  END             3165655284 (  -5.08)    214748364.70 (   +0.00)          0 (       0)                    0 (  +0.00)           0  
##>                                  END             3165655284 (  -5.08)    214748364.70 (   +0.00)          0 (       0)                    0 (  +0.00)           0  
##> csa_opto                       START             3165655284 (  +0.00)    214748364.70 (   +0.00)          0 (       0)                    0 (  +0.00)              
##>                                  END             2221169654 ( -29.84)    214748364.70 (   +0.00)          0 (       0)                    0 (  +0.00)           0  
##>                                  END             2221169654 ( -33.40)    214748364.70 (   +0.00)          0 (       0)                    0 (  +0.00)           0  
##>canonicalize_by_names           START             2221169654 (  +0.00)    214748364.70 (   +0.00)          0 (       0)                    0 (  +0.00)              
##>                                  END             2221169654 (  +0.00)    214748364.70 (   +0.00)          0 (       0)                    0 (  +0.00)           0  
##>datapath_rewrite_post_csa_one_  START             2221169654 (  +0.00)    214748364.70 (   +0.00)          0 (       0)                    0 (  +0.00)              
##>                                  END             2221169654 (  +0.00)    214748364.70 (   +0.00)          0 (       0)                    0 (  +0.00)           0  
##>datapath_csa_factoring_one_gde  START             2221169654 (  +0.00)    214748364.70 (   +0.00)          0 (       0)                    0 (  +0.00)              
##>                                  END             2221169654 (  +0.00)    214748364.70 (   +0.00)          0 (       0)                    0 (  +0.00)           0  
##>dpopt_share_one_def             START             2221169654 (  +0.00)    214748364.70 (   +0.00)          0 (       0)                    0 (  +0.00)              
##>                                  END             2221169654 (  +0.00)    214748364.70 (   +0.00)          0 (       0)                    0 (  +0.00)           0  
##>datapath_rewrite_post_share     START             2221169654 (  +0.00)    214748364.70 (   +0.00)          0 (       0)                    0 (  +0.00)              
##>                                  END             2221169654 (  +0.00)    214748364.70 (   +0.00)          0 (       0)                    0 (  +0.00)           0  
##>dp_combine_const_mult_with_com  START             2221169654 (  +0.00)    214748364.70 (   +0.00)          0 (       0)                    0 (  +0.00)              
##>                                  END             2221169654 (  +0.00)    214748364.70 (   +0.00)          0 (       0)                    0 (  +0.00)           0  
##>dp_operator_level_decompositio  START             2221169654 (  +0.00)    214748364.70 (   +0.00)          0 (       0)                    0 (  +0.00)              
##>                                  END             2221169654 (  +0.00)    214748364.70 (   +0.00)          0 (       0)                    0 (  +0.00)           0  
##>selective_flatten_dp_config     START             2221169654 (  +0.00)    214748364.70 (   +0.00)          0 (       0)                    0 (  +0.00)              
##>                                  END             2221169654 (  +0.00)    214748364.70 (   +0.00)          0 (       0)                    0 (  +0.00)           0  
##>createMaxCarrySave              START             2221169654 (  +0.00)    214748364.70 (   +0.00)          0 (       0)                    0 (  +0.00)              
##> datapath_rewrite_one_def       START             2221169654 (  +0.00)    214748364.70 (   +0.00)          0 (       0)                    0 (  +0.00)              
##>  fast_cse_elim                 START             2221169654 (  +0.00)    214748364.70 (   +0.00)          0 (       0)                    0 (  +0.00)              
##>                                  END             2221169654 (  +0.00)    214748364.70 (   +0.00)          0 (       0)                    0 (  +0.00)           0  
##>  fast_cse_elim                 START             2221169654 (  +0.00)    214748364.70 (   +0.00)          0 (       0)                    0 (  +0.00)              
##>                                  END             2221169654 (  +0.00)    214748364.70 (   +0.00)          0 (       0)                    0 (  +0.00)           0  
##>                                  END             2221169654 (  +0.00)    214748364.70 (   +0.00)          0 (       0)                    0 (  +0.00)           0  
##> csa_opto                       START             2221169654 (  +0.00)    214748364.70 (   +0.00)          0 (       0)                    0 (  +0.00)              
##>                                  END             2221169654 (  +0.00)    214748364.70 (   +0.00)          0 (       0)                    0 (  +0.00)           0  
##>                                  END             2221169654 (  +0.00)    214748364.70 (   +0.00)          0 (       0)                    0 (  +0.00)           0  
##>context_based_simplify          START             2221169654 (  +0.00)    214748364.70 (   +0.00)          0 (       0)                    0 (  +0.00)              
##>                                  END             2221169654 (  +0.00)    214748364.70 (   +0.00)          0 (       0)                    0 (  +0.00)           0  
##>group_csa_final_adder_dp        START             2221169654 (  +0.00)    214748364.70 (   +0.00)          0 (       0)                    0 (  +0.00)              
##>                                  END             2221169654 (  +0.00)    214748364.70 (   +0.00)          0 (       0)                    0 (  +0.00)           0  
##>dpopt_flatten_critical_muxes_i  START             2221169654 (  +0.00)    214748364.70 (   +0.00)          0 (       0)                    0 (  +0.00)              
##>                                  END             2221169654 (  +0.00)    214748364.70 (   +0.00)          0 (       0)                    0 (  +0.00)           0  
##>create_score                    START             2221169654 (  +0.00)    214748364.70 (   +0.00)          0 (       0)                    0 (  +0.00)              
##>                                  END             2221169654 (  +0.00)    214748364.70 (   +0.00)          0 (       0)                    0 (  +0.00)           0  
##>+-----------------------------------------------------------------------------------------------------------------------------------------------------------------------------------------------------+
Committed config: CDN_DP_region_1_0_c7
Info    : Done implementing datapath configurations. [DPOPT-4]
        : Selected 'very_fast' configuration 7 for module 'CDN_DP_region_1_0_c7'.
          Optimizations applied to 'very_fast' configuration:
            rewriting(1), factoring(0), sharing(0), cmultcse(0), downsizing(0), speculation(0)
Info    : Implementing datapath configurations. [DPOPT-3]
        : Implementing datapath configurations for 'CDN_DP_region_4_0'
CSAGen Prep Share:0 Re-Write:0 Speculation: 0
Warning : Ungrouping the instance/module as 'false' cannot be set on tool_generated hierarchies. [GLO-61]
        : The 'false' setting on the 'CDN_DP_region_4_0_c1' tool_generated module is being ignored.
        : Kindly check the script whether the ungroup_ok is set to false. Alternately it can be set to 'strict_no' to disable ungrouping but this can impact PPA.
Warning : Inferred datapath logic has changed and cannot be considered for datapath optimizations. [RTLOPT-55]
        : Module 'CDN_DP_region_4_0_c1' has been invalidated for datapath optimizations.
        : For best results, ensure this command is issued after syn_map, when all datapath optimizations have finished.
Warning : Ungrouping the instance/module as 'false' cannot be set on tool_generated hierarchies. [GLO-61]
        : The 'false' setting on the 'CDN_DP_region_4_0_c1' tool_generated module is being ignored.
Warning : Inferred datapath logic has changed and cannot be considered for datapath optimizations. [RTLOPT-55]
        : Module 'CDN_DP_region_4_0_c1' has been invalidated for datapath optimizations.
  Warning: Broken carrysave connection to downstream detected, rebuilding of 'csa_tree_fac' is rejected!
Warning : Ungrouping the instance/module as 'false' cannot be set on tool_generated hierarchies. [GLO-61]
        : The 'false' setting on the 'CDN_DP_region_4_0_c1' tool_generated module is being ignored.
Warning : Inferred datapath logic has changed and cannot be considered for datapath optimizations. [RTLOPT-55]
        : Module 'CDN_DP_region_4_0_c1' has been invalidated for datapath optimizations.
Warning : Ungrouping the instance/module as 'false' cannot be set on tool_generated hierarchies. [GLO-61]
        : The 'false' setting on the 'CDN_DP_region_4_0_c1' tool_generated module is being ignored.
Warning : Inferred datapath logic has changed and cannot be considered for datapath optimizations. [RTLOPT-55]
        : Module 'CDN_DP_region_4_0_c1' has been invalidated for datapath optimizations.
Warning : Ungrouping the instance/module as 'false' cannot be set on tool_generated hierarchies. [GLO-61]
        : The 'false' setting on the 'CDN_DP_region_4_0_c1' tool_generated module is being ignored.
Warning : Inferred datapath logic has changed and cannot be considered for datapath optimizations. [RTLOPT-55]
        : Module 'CDN_DP_region_4_0_c1' has been invalidated for datapath optimizations.
Warning : Ungrouping the instance/module as 'false' cannot be set on tool_generated hierarchies. [GLO-61]
        : The 'false' setting on the 'CDN_DP_region_4_0_c1' tool_generated module is being ignored.
Warning : Inferred datapath logic has changed and cannot be considered for datapath optimizations. [RTLOPT-55]
        : Module 'CDN_DP_region_4_0_c1' has been invalidated for datapath optimizations.
Info    : Accepted resource sharing opportunity. [RTLOPT-30]
        : Merged the following sets of instances in 'CDN_DP_region_4_0_c1 in mod7':
	  (ADD_UNS_OP, ADD_UNS_OP8)
	  (WALLACE_CSA_DUMMY_OP40, WALLACE_CSA_DUMMY_OP7)

  Warning: Broken carrysave connection to downstream detected, rebuilding of 'csa_tree_fac' is rejected!
Warning : Ungrouping the instance/module as 'false' cannot be set on tool_generated hierarchies. [GLO-61]
        : The 'false' setting on the 'CDN_DP_region_4_0_c1' tool_generated module is being ignored.
Warning : Inferred datapath logic has changed and cannot be considered for datapath optimizations. [RTLOPT-55]
        : Module 'CDN_DP_region_4_0_c1' has been invalidated for datapath optimizations.
Warning : Ungrouping the instance/module as 'false' cannot be set on tool_generated hierarchies. [GLO-61]
        : The 'false' setting on the 'CDN_DP_region_4_0_c3' tool_generated module is being ignored.
Warning : Inferred datapath logic has changed and cannot be considered for datapath optimizations. [RTLOPT-55]
        : Module 'CDN_DP_region_4_0_c3' has been invalidated for datapath optimizations.
Warning : Ungrouping the instance/module as 'false' cannot be set on tool_generated hierarchies. [GLO-61]
        : The 'false' setting on the 'CDN_DP_region_4_0_c3' tool_generated module is being ignored.
Warning : Inferred datapath logic has changed and cannot be considered for datapath optimizations. [RTLOPT-55]
        : Module 'CDN_DP_region_4_0_c3' has been invalidated for datapath optimizations.
  Warning: Broken carrysave connection to downstream detected, rebuilding of 'csa_tree_fac' is rejected!
Warning : Ungrouping the instance/module as 'false' cannot be set on tool_generated hierarchies. [GLO-61]
        : The 'false' setting on the 'CDN_DP_region_4_0_c3' tool_generated module is being ignored.
Warning : Inferred datapath logic has changed and cannot be considered for datapath optimizations. [RTLOPT-55]
        : Module 'CDN_DP_region_4_0_c3' has been invalidated for datapath optimizations.
Warning : Ungrouping the instance/module as 'false' cannot be set on tool_generated hierarchies. [GLO-61]
        : The 'false' setting on the 'CDN_DP_region_4_0_c3' tool_generated module is being ignored.
Warning : Inferred datapath logic has changed and cannot be considered for datapath optimizations. [RTLOPT-55]
        : Module 'CDN_DP_region_4_0_c3' has been invalidated for datapath optimizations.
Warning : Ungrouping the instance/module as 'false' cannot be set on tool_generated hierarchies. [GLO-61]
        : The 'false' setting on the 'CDN_DP_region_4_0_c3' tool_generated module is being ignored.
Warning : Inferred datapath logic has changed and cannot be considered for datapath optimizations. [RTLOPT-55]
        : Module 'CDN_DP_region_4_0_c3' has been invalidated for datapath optimizations.
Warning : Ungrouping the instance/module as 'false' cannot be set on tool_generated hierarchies. [GLO-61]
        : The 'false' setting on the 'CDN_DP_region_4_0_c3' tool_generated module is being ignored.
Warning : Inferred datapath logic has changed and cannot be considered for datapath optimizations. [RTLOPT-55]
        : Module 'CDN_DP_region_4_0_c3' has been invalidated for datapath optimizations.
Info    : Accepted resource sharing opportunity. [RTLOPT-30]
        : Merged the following sets of instances in 'CDN_DP_region_4_0_c3 in mod7':
	  (ADD_UNS_OP, ADD_UNS_OP8)
	  (WALLACE_CSA_DUMMY_OP40, WALLACE_CSA_DUMMY_OP7)

  Warning: Broken carrysave connection to downstream detected, rebuilding of 'csa_tree_fac' is rejected!
Warning : Ungrouping the instance/module as 'false' cannot be set on tool_generated hierarchies. [GLO-61]
        : The 'false' setting on the 'CDN_DP_region_4_0_c3' tool_generated module is being ignored.
Warning : Inferred datapath logic has changed and cannot be considered for datapath optimizations. [RTLOPT-55]
        : Module 'CDN_DP_region_4_0_c3' has been invalidated for datapath optimizations.
Warning : Ungrouping the instance/module as 'false' cannot be set on tool_generated hierarchies. [GLO-61]
        : The 'false' setting on the 'CDN_DP_region_4_0_c6' tool_generated module is being ignored.
Warning : Inferred datapath logic has changed and cannot be considered for datapath optimizations. [RTLOPT-55]
        : Module 'CDN_DP_region_4_0_c6' has been invalidated for datapath optimizations.
Warning : Ungrouping the instance/module as 'false' cannot be set on tool_generated hierarchies. [GLO-61]
        : The 'false' setting on the 'CDN_DP_region_4_0_c6' tool_generated module is being ignored.
Warning : Inferred datapath logic has changed and cannot be considered for datapath optimizations. [RTLOPT-55]
        : Module 'CDN_DP_region_4_0_c6' has been invalidated for datapath optimizations.
Warning : Ungrouping the instance/module as 'false' cannot be set on tool_generated hierarchies. [GLO-61]
        : The 'false' setting on the 'CDN_DP_region_4_0_c6' tool_generated module is being ignored.
Warning : Inferred datapath logic has changed and cannot be considered for datapath optimizations. [RTLOPT-55]
        : Module 'CDN_DP_region_4_0_c6' has been invalidated for datapath optimizations.
Warning : Ungrouping the instance/module as 'false' cannot be set on tool_generated hierarchies. [GLO-61]
        : The 'false' setting on the 'CDN_DP_region_4_0_c6' tool_generated module is being ignored.
Warning : Inferred datapath logic has changed and cannot be considered for datapath optimizations. [RTLOPT-55]
        : Module 'CDN_DP_region_4_0_c6' has been invalidated for datapath optimizations.
  Warning: Broken carrysave connection to downstream detected, rebuilding of 'csa_tree_fac' is rejected!
Warning : Ungrouping the instance/module as 'false' cannot be set on tool_generated hierarchies. [GLO-61]
        : The 'false' setting on the 'CDN_DP_region_4_0_c6' tool_generated module is being ignored.
Warning : Inferred datapath logic has changed and cannot be considered for datapath optimizations. [RTLOPT-55]
        : Module 'CDN_DP_region_4_0_c6' has been invalidated for datapath optimizations.
Warning : Ungrouping the instance/module as 'false' cannot be set on tool_generated hierarchies. [GLO-61]
        : The 'false' setting on the 'CDN_DP_region_4_0_c6' tool_generated module is being ignored.
Warning : Inferred datapath logic has changed and cannot be considered for datapath optimizations. [RTLOPT-55]
        : Module 'CDN_DP_region_4_0_c6' has been invalidated for datapath optimizations.
Warning : Maximum message print count reached. [MESG-11]
        : Maximum print count of '20' reached for message 'GLO-61'.
Warning : Maximum message print count reached. [MESG-11]
        : Maximum print count of '20' reached for message 'RTLOPT-55'.
Info    : Accepted resource sharing opportunity. [RTLOPT-30]
        : Merged the following sets of instances in 'CDN_DP_region_4_0_c6 in mod7':
	  (ADD_UNS_OP, ADD_UNS_OP8)
	  (WALLACE_CSA_DUMMY_OP42, WALLACE_CSA_DUMMY_OP7)

  Warning: Broken carrysave connection to downstream detected, rebuilding of 'csa_tree_fac' is rejected!
CDN_DP_region_4_0 level = 1 loads = 0 drivers = 1 is driven by : CDN_DP_region_1_0 
CDN_DP_region_4_0_c0 in mod7: area: 1081273204 , DP = 13  Mux = 1  other = 1  sg = slow     
    wns: 0  norm_wns:  -1.0000 
    tns:  0
Combined costing for score 0.00 is 0.00
 skipped
CDN_DP_region_4_0_c1 in mod7: area: 1022649958 , CSA = 5  DP = 3  Mux = 2  other = 1  sg = fast     
    wns: 0  norm_wns:  -1.0000 
    tns:  0
Combined costing for score 0.00 is 0.00
 is current best
CDN_DP_region_4_0_c2 in mod7: area: 762102198 , CSA = 2  DP = 3  Mux = 1  other = 1  sg = very_slow
    wns: 0  norm_wns:  -1.0000 
    tns:  0
Combined costing for score 0.00 is 0.00
 is current best
CDN_DP_region_4_0_c3 in mod7: area: 1022649958 , CSA = 5  DP = 3  Mux = 2  other = 1  sg = very_fast
    wns: 0  norm_wns:  -1.0000 
    tns:  0
Combined costing for score 0.00 is 0.00

CDN_DP_region_4_0_c4 in mod7: area: 762102198 , CSA = 2  DP = 3  Mux = 1  other = 1  sg = very_fast
    wns: 0  norm_wns:  -1.0000 
    tns:  0
Combined costing for score 0.00 is 0.00
 is current best
CDN_DP_region_4_0_c5 in mod7: area: 762102198 , CSA = 2  DP = 3  Mux = 1  other = 1  sg = very_fast
    wns: 0  norm_wns:  -1.0000 
    tns:  0
Combined costing for score 0.00 is 0.00
 is current best
CDN_DP_region_4_0_c6 in mod7: area: 1022649958 , CSA = 5  DP = 3  Mux = 2  other = 1  sg = very_fast
    wns: 0  norm_wns:  -1.0000 
    tns:  0
Combined costing for score 0.00 is 0.00

CDN_DP_region_4_0_c7 in mod7: area: 1608882418 , CSA = 5  DP = 1  Mux = 1  other = 1  sg = very_fast
    wns: 0  norm_wns:  -1.0000 
    tns:  0
Combined costing for score 0.00 is 0.00

Best config: CDN_DP_region_4_0_c5 in mod7: area: 762102198 , CSA = 2  DP = 3  Mux = 1  other = 1  sg = very_fast
    wns: 0  norm_wns:  -1.0000 
    tns:  0
Combined costing for score 0.00 is 0.00
  Smallest config area : 762102198.  Fastest config wns;  0
##>+----------------------------------------------------------------------------------------------------------------------------------------------------------------+
##>Summary table of configs (Best config is CDN_DP_region_4_0_c5)
##>+----------------------------------------------------------------------------------------------------------------------------------------------------------------+
##>                     0                  1                  2                  3                  4                  5                  6                  7            
##>+----------------------------------------------------------------------------------------------------------------------------------------------------------------+
##>           Area       1081273204         1022649958          762102198         1022649958          762102198          762102198         1022649958         1608882418  
##>            WNS    +214748364.70      +214748364.70      +214748364.70      +214748364.70      +214748364.70      +214748364.70      +214748364.70      +214748364.70  
##>            TNS                0                  0                  0                  0                  0                  0                  0                  0  
##>    Num Rewrite                0                  5                  2                  5                  2                  2                  5                  0  
##>      Num Share                0                  2                  0                  2                  0                  0                  2                  0  
##>  Num Speculate                0                  0                  0                  0                  0                  0                  0                  0  
##>        Num CSA                0                  5                  2                  5                  2                  2                  5                  5  
##>         Num DP               13                  3                  3                  3                  3                  3                  3                  1  
##>        Num Mux                1                  2                  1                  2                  1                  1                  2                  1  
##>      Num other                1                  1                  1                  1                  1                  1                  1                  1  
##>     Runtime(s)                0                  1                  0                  1                  0                  0                  1                  1  
+----------------------------------------------------------------------------------------------------------------------------------------------------------------+
##>
##>

CSA report for CDN_DP_region_4_0_c5, cover 0 
-------------------------
| POs | Operation | FRC | 
-------------------------
| 1   | add_24_37 | -   | 
|     | add_25_38 | -   | 
|     | add_24_54 | -   | 
|     | add_25_61 | -   | 
-------------------------
-------------------------------------------------------------------------------------------------------------
| Input/Output | Driver              | Type | Reason      | Polarity | Bitwidth | Expression                | 
-------------------------------------------------------------------------------------------------------------
| add_24_37[0] | add_16_65           | PI   | part-select | unsigned | 1        | -                         | 
| add_24_37[1] | add_16_65           | PI   | part-select | unsigned | 1        | -                         | 
| add_25_38[0] | concat(add_16_65,0) | PI   | part-select | unsigned | 2        | concat(select_bit_1,0)    | 
| add_25_38[1] | add_16_65           | PI   | ppa,        | unsigned | 2        | -                         | 
|              |                     |      | duplication |          |          |                           | 
| add_25_61[1] | add_16_65           | PI   | part-select | unsigned | 3        | -                         | 
| add_16_65    | -                   | PI   | ppa,        | unsigned | 2        | -                         | 
|              |                     |      | duplication |          |          |                           | 
| add_25_61    | -                   | PO   | -           | unsigned | 4        | add_16_65[0]+add_16_65[3] | 
|              |                     |      |             |          |          | +{add_16_65[1],0}         | 
|              |                     |      |             |          |          | +add_16_65[4,4]<<1        | 
|              |                     |      |             |          |          | +add_16_65[2]<<2          | 
-------------------------------------------------------------------------------------------------------------
 

CSA report for CDN_DP_region_4_0_c5, cover 1 
-------------------------
| POs | Operation | FRC | 
-------------------------
| 1   | add_15_33 | -   | 
|     | add_15_45 | -   | 
|     | add_16_34 | -   | 
|     | add_16_46 | -   | 
|     | add_15_58 | -   | 
|     | add_17_34 | -   | 
|     | add_16_65 | -   | 
-------------------------
------------------------------------------------------------------------------------------------
| Input/Output | Driver | Type | Reason | Polarity | Bitwidth | Expression                     | 
------------------------------------------------------------------------------------------------
| add_15_33[0] | in_0   | PI   | -      | unsigned | 1        | in_0                           | 
| add_15_33[1] | in_1   | PI   | -      | unsigned | 1        | in_1                           | 
| add_15_45[1] | in_2   | PI   | -      | unsigned | 1        | in_2                           | 
| add_16_34[0] | in_3   | PI   | -      | unsigned | 2        | in_3<<1                        | 
| add_16_34[1] | in_4   | PI   | -      | unsigned | 2        | in_4<<1                        | 
| add_16_46[1] | in_5   | PI   | -      | unsigned | 2        | in_5<<1                        | 
| add_17_34[0] | in_6   | PI   | -      | unsigned | 3        | in_6<<2                        | 
| add_17_34[1] | in_7   | PI   | -      | unsigned | 3        | in_7<<2                        | 
| add_16_65    | -      | PO   | -      | unsigned | 5        | in_0+in_1+in_2+in_3<<1+in_4<<1 | 
|              |        |      |        |          |          | +in_5<<1+in_6<<2+in_7<<2       | 
------------------------------------------------------------------------------------------------
 
##>+-----------------------------------------------------------------------------------------------------------------------------------------------------------------------------------------------------+
##>Optimization Step DEBUG Table for config CDN_DP_region_4_0_c5
##>
##>                          Step                        Area   (  % Chg)         WNS (Change)          TNS (Change)                Power   (  % Chg)        Runtime (s)        Comment                   
##>+-----------------------------------------------------------------------------------------------------------------------------------------------------------------------------------------------------+
##>createMaxCarrySave              START             1081273204 (       )    214748364.70 (        )          0 (        )                    0 (       )              
##> datapath_rewrite_one_def       START             1081273204 (  +0.00)    214748364.70 (   +0.00)          0 (       0)                    0 (  +0.00)              
##>  fast_cse_elim                 START             1081273204 (  +0.00)    214748364.70 (   +0.00)          0 (       0)                    0 (  +0.00)              
##>                                  END             1081273204 (  +0.00)    214748364.70 (   +0.00)          0 (       0)                    0 (  +0.00)           0  
##>  fast_cse_elim                 START             1081273204 (  +0.00)    214748364.70 (   +0.00)          0 (       0)                    0 (  +0.00)              
##>                                  END             1081273204 (  +0.00)    214748364.70 (   +0.00)          0 (       0)                    0 (  +0.00)           0  
##>  rewrite                       START             1081273204 (  +0.00)    214748364.70 (   +0.00)          0 (       0)                    0 (  +0.00)              (na,csaa) subt_c_with_select_version1 --> subt_c_with_select_version2
##>                                  END             1133382756 (  +4.82)    214748364.70 (   +0.00)          0 (       0)                    0 (  +0.00)           0  
##>                                  END             1081273204 (  +0.00)    214748364.70 (   +0.00)          0 (       0)                    0 (  +0.00)           0  
##> csa_opto                       START             1081273204 (  +0.00)    214748364.70 (   +0.00)          0 (       0)                    0 (  +0.00)              
##>                                  END             1009622570 (  -6.63)    214748364.70 (   +0.00)          0 (       0)                    0 (  +0.00)           0  
##>                                  END             1009622570 (  -6.63)    214748364.70 (   +0.00)          0 (       0)                    0 (  +0.00)           0  
##>canonicalize_by_names           START             1009622570 (  +0.00)    214748364.70 (   +0.00)          0 (       0)                    0 (  +0.00)              
##>                                  END             1009622570 (  +0.00)    214748364.70 (   +0.00)          0 (       0)                    0 (  +0.00)           0  
##>datapath_rewrite_post_csa_one_  START             1009622570 (  +0.00)    214748364.70 (   +0.00)          0 (       0)                    0 (  +0.00)              
##> rewrite                        START             1009622570 (  +0.00)    214748364.70 (   +0.00)          0 (       0)                    0 (  +0.00)              (na,csaa) base_comb_unsigned_add_ci_hdp_sub_from --> comb_unsigned_add_ci_hdp_sub_to
##>                                  END             1374389434 ( +36.13)    214748364.70 (   +0.00)          0 (       0)                    0 (  +0.00)           0  
##> rewrite                        START             1009622570 ( -26.54)    214748364.70 (   +0.00)          0 (       0)                    0 (  +0.00)              (a,ar) csa_add_and_inc_v2 --> csa_add_ci
##>                                  END              931458242 (  -7.74)    214748364.70 (   +0.00)          0 (       0)                    0 (  +0.00)           0  
##> rewrite                        START              931458242 (  +0.00)    214748364.70 (   +0.00)          0 (       0)                    0 (  +0.00)              (a,ar) csa_add_and_inc_v2 --> csa_add_ci
##>                                  END              775129586 ( -16.78)    214748364.70 (   +0.00)          0 (       0)                    0 (  +0.00)           0  
##> rewrite                        START              775129586 (  +0.00)    214748364.70 (   +0.00)          0 (       0)                    0 (  +0.00)              (na,csaa) base_comb_unsigned_add_hdp_sub_from --> comb_unsigned_add_hdp_sub_to
##>                                  END             1087786898 ( +40.34)    214748364.70 (   +0.00)          0 (       0)                    0 (  +0.00)           0  
##>                                  END              775129586 ( -23.23)    214748364.70 (   +0.00)          0 (       0)                    0 (  +0.00)           0  
##>datapath_csa_factoring_one_gde  START              775129586 (  +0.00)    214748364.70 (   +0.00)          0 (       0)                    0 (  +0.00)              
##>                                  END              775129586 (  +0.00)    214748364.70 (   +0.00)          0 (       0)                    0 (  +0.00)           0  
##>dpopt_share_one_def             START              775129586 (  +0.00)    214748364.70 (   +0.00)          0 (       0)                    0 (  +0.00)              
##>                                  END              775129586 (  +0.00)    214748364.70 (   +0.00)          0 (       0)                    0 (  +0.00)           0  
##>datapath_rewrite_post_share     START              775129586 (  +0.00)    214748364.70 (   +0.00)          0 (       0)                    0 (  +0.00)              
##>                                  END              775129586 (  +0.00)    214748364.70 (   +0.00)          0 (       0)                    0 (  +0.00)           0  
##>dp_combine_const_mult_with_com  START              775129586 (  +0.00)    214748364.70 (   +0.00)          0 (       0)                    0 (  +0.00)              
##>                                  END              775129586 (  +0.00)    214748364.70 (   +0.00)          0 (       0)                    0 (  +0.00)           0  
##>dp_operator_level_decompositio  START              775129586 (  +0.00)    214748364.70 (   +0.00)          0 (       0)                    0 (  +0.00)              
##>                                  END              775129586 (  +0.00)    214748364.70 (   +0.00)          0 (       0)                    0 (  +0.00)           0  
##>selective_flatten_dp_config     START              775129586 (  +0.00)    214748364.70 (   +0.00)          0 (       0)                    0 (  +0.00)              
##>                                  END              775129586 (  +0.00)    214748364.70 (   +0.00)          0 (       0)                    0 (  +0.00)           0  
##>createMaxCarrySave              START              775129586 (  +0.00)    214748364.70 (   +0.00)          0 (       0)                    0 (  +0.00)              
##> datapath_rewrite_one_def       START              775129586 (  +0.00)    214748364.70 (   +0.00)          0 (       0)                    0 (  +0.00)              
##>  fast_cse_elim                 START              775129586 (  +0.00)    214748364.70 (   +0.00)          0 (       0)                    0 (  +0.00)              
##>                                  END              775129586 (  +0.00)    214748364.70 (   +0.00)          0 (       0)                    0 (  +0.00)           0  
##>  fast_cse_elim                 START              775129586 (  +0.00)    214748364.70 (   +0.00)          0 (       0)                    0 (  +0.00)              
##>                                  END              775129586 (  +0.00)    214748364.70 (   +0.00)          0 (       0)                    0 (  +0.00)           0  
##>  rewrite                       START              775129586 (  +0.00)    214748364.70 (   +0.00)          0 (       0)                    0 (  +0.00)              (na,csaa) subt_c_with_select_version1 --> subt_c_with_select_version2
##>                                  END              827239138 (  +6.72)    214748364.70 (   +0.00)          0 (       0)                    0 (  +0.00)           0  
##>                                  END              775129586 (  +0.00)    214748364.70 (   +0.00)          0 (       0)                    0 (  +0.00)           0  
##> csa_opto                       START              775129586 (  +0.00)    214748364.70 (   +0.00)          0 (       0)                    0 (  +0.00)              
##>                                  END              775129586 (  +0.00)    214748364.70 (   +0.00)          0 (       0)                    0 (  +0.00)           0  
##>                                  END              775129586 (  +0.00)    214748364.70 (   +0.00)          0 (       0)                    0 (  +0.00)           0  
##>datapath_rewrite_post_csa_one_  START              775129586 (  +0.00)    214748364.70 (   +0.00)          0 (       0)                    0 (  +0.00)              
##>                                  END              775129586 (  +0.00)    214748364.70 (   +0.00)          0 (       0)                    0 (  +0.00)           0  
##>datapath_csa_factoring_one_gde  START              775129586 (  +0.00)    214748364.70 (   +0.00)          0 (       0)                    0 (  +0.00)              
##>                                  END              775129586 (  +0.00)    214748364.70 (   +0.00)          0 (       0)                    0 (  +0.00)           0  
##>dpopt_share_one_def             START              775129586 (  +0.00)    214748364.70 (   +0.00)          0 (       0)                    0 (  +0.00)              
##>                                  END              775129586 (  +0.00)    214748364.70 (   +0.00)          0 (       0)                    0 (  +0.00)           0  
##>datapath_rewrite_post_share     START              775129586 (  +0.00)    214748364.70 (   +0.00)          0 (       0)                    0 (  +0.00)              
##>                                  END              775129586 (  +0.00)    214748364.70 (   +0.00)          0 (       0)                    0 (  +0.00)           0  
##>dp_combine_const_mult_with_com  START              775129586 (  +0.00)    214748364.70 (   +0.00)          0 (       0)                    0 (  +0.00)              
##>                                  END              775129586 (  +0.00)    214748364.70 (   +0.00)          0 (       0)                    0 (  +0.00)           0  
##>dp_operator_level_decompositio  START              775129586 (  +0.00)    214748364.70 (   +0.00)          0 (       0)                    0 (  +0.00)              
##>                                  END              775129586 (  +0.00)    214748364.70 (   +0.00)          0 (       0)                    0 (  +0.00)           0  
##>selective_flatten_dp_config     START              775129586 (  +0.00)    214748364.70 (   +0.00)          0 (       0)                    0 (  +0.00)              
##>                                  END              775129586 (  +0.00)    214748364.70 (   +0.00)          0 (       0)                    0 (  +0.00)           0  
##>createMaxCarrySave              START              775129586 (  +0.00)    214748364.70 (   +0.00)          0 (       0)                    0 (  +0.00)              
##> datapath_rewrite_one_def       START              775129586 (  +0.00)    214748364.70 (   +0.00)          0 (       0)                    0 (  +0.00)              
##>  fast_cse_elim                 START              775129586 (  +0.00)    214748364.70 (   +0.00)          0 (       0)                    0 (  +0.00)              
##>                                  END              775129586 (  +0.00)    214748364.70 (   +0.00)          0 (       0)                    0 (  +0.00)           0  
##>  fast_cse_elim                 START              775129586 (  +0.00)    214748364.70 (   +0.00)          0 (       0)                    0 (  +0.00)              
##>                                  END              775129586 (  +0.00)    214748364.70 (   +0.00)          0 (       0)                    0 (  +0.00)           0  
##>                                  END              775129586 (  +0.00)    214748364.70 (   +0.00)          0 (       0)                    0 (  +0.00)           0  
##> csa_opto                       START              775129586 (  +0.00)    214748364.70 (   +0.00)          0 (       0)                    0 (  +0.00)              
##>                                  END              775129586 (  +0.00)    214748364.70 (   +0.00)          0 (       0)                    0 (  +0.00)           0  
##>                                  END              775129586 (  +0.00)    214748364.70 (   +0.00)          0 (       0)                    0 (  +0.00)           0  
##>context_based_simplify          START              775129586 (  +0.00)    214748364.70 (   +0.00)          0 (       0)                    0 (  +0.00)              
##>                                  END              762102198 (  -1.68)    214748364.70 (   +0.00)          0 (       0)                    0 (  +0.00)           0  
##>group_csa_final_adder_dp        START              762102198 (  +0.00)    214748364.70 (   +0.00)          0 (       0)                    0 (  +0.00)              
##>                                  END             1296225106 ( +70.09)    214748364.70 (   +0.00)          0 (       0)                    0 (  +0.00)           0  
##>dpopt_flatten_critical_muxes_i  START             1296225106 (  +0.00)    214748364.70 (   +0.00)          0 (       0)                    0 (  +0.00)              
##>                                  END             1296225106 (  +0.00)    214748364.70 (   +0.00)          0 (       0)                    0 (  +0.00)           0  
##>create_score                    START              762102198 ( -41.21)    214748364.70 (   +0.00)          0 (       0)                    0 (  +0.00)              
##>                                  END              762102198 (  +0.00)    214748364.70 (   +0.00)          0 (       0)                    0 (  +0.00)           0  
##>+-----------------------------------------------------------------------------------------------------------------------------------------------------------------------------------------------------+
Committed config: CDN_DP_region_4_0_c5
Info    : Done implementing datapath configurations. [DPOPT-4]
        : Selected 'very_fast' configuration 5 for module 'CDN_DP_region_4_0_c5'.
          Optimizations applied to 'very_fast' configuration:
            rewriting(2), factoring(0), sharing(0), cmultcse(0), downsizing(0), speculation(0)
Info:  Ungrouped 0 dp-cluster instances.  0 cluster instances were left intact, to aid verification.
Info    : Done optimizing datapath logic. [DPOPT-2]
        : Done optimizing datapath logic in 'fca2005'.
Number of big hc bmuxes after = 0
Starting bit-level redundancy removal [v1.0] (stage: post_rtlopt, startdef: fca2005, recur: true)
Completed bit-level redundancy removal (accepts: 0, rejects: 0, runtime: 0.008s)
Starting logic reduction [v1.0] (stage: post_rtlopt, startdef: fca2005, recur: true)
Completed logic reduction (accepts: 0, rejects: 0, runtime: 0.000s)
Starting mux data reorder optimization [v1.0] (stage: post_rtlopt, startdef: fca2005, recur: true)
Completed mux data reorder optimization (accepts: 0, rejects: 0, runtime: 0.000s)
Starting timing based select reordering [v1.0] (stage: post_rtlopt, startdef: fca2005, recur: true)
Completed timing based select reordering (accepts: 0, rejects: 0, runtime: 0.014s)

Stage: post_rtlopt
----------------------------------------------------------------
| Transform                  | Accepts | Rejects | Runtime (s) | 
----------------------------------------------------------------
| hlo_redundancy_removal_bit |       0 |       0 |        0.01 | 
| hlo_logic_reduction        |       0 |       0 |        0.00 | 
| hlo_mux_reorder            |       0 |       0 |        0.00 | 
| hlo_timing_reorder         |       0 |       0 |        0.01 | 
----------------------------------------------------------------
Running post blast mux optimization. Please follow up with Cadence support if runtime issues are seen with this optimization.
Running post blast mux optimization. Please follow up with Cadence support if runtime issues are seen with this optimization.
Starting mux speculation [v1.0] (stage: post_muxopt, startdef: fca2005, recur: true)
Starting speculation optimization
Completed speculation optimization (accepts:0)
Completed mux speculation (accepts: 0, rejects: 0, runtime: 0.017s)
Starting timing based select reordering [v1.0] (stage: post_muxopt, startdef: fca2005, recur: true)
Completed timing based select reordering (accepts: 0, rejects: 0, runtime: 0.013s)

Stage: post_muxopt
--------------------------------------------------------
| Transform          | Accepts | Rejects | Runtime (s) | 
--------------------------------------------------------
| hlo_speculation    |       0 |       0 |        0.02 | 
| hlo_timing_reorder |       0 |       0 |        0.01 | 
--------------------------------------------------------
==================================
Stage : to_generic 
==================================
  =================
   Message Summary
  =================
---------------------------------------------------------------------------------------------
|   Id    |  Sev  |Count|                           Message Text                            |
---------------------------------------------------------------------------------------------
|CDFG-372 |Info   |    4|Bitwidth mismatch in assignment.                                   |
|         |       |     |Review and make sure the mismatch is intentional. Genus can        |
|         |       |     | possibly issue bitwidth mismatch warning for explicit assignments |
|         |       |     | present in RTL as-well-as for implicit assignments inferred by the|
|         |       |     | tool. For example, in case of enum declaration without value, the |
|         |       |     | tool will implicitly assign value to the enum variables. It also  |
|         |       |     | issues the warning for any bitwidth mismatch that appears in this |
|         |       |     | implicit assignment.                                              |
|CDFG-567 |Info   |    7|Instantiating Subdesign.                                           |
|CDFG-769 |Info   |    2|Identified sum-of-products logic to be optimized during            |
|         |       |     | syn_generic.                                                      |
|CWD-19   |Info   |  254|An implementation was inferred.                                    |
|DPOPT-1  |Info   |    1|Optimizing datapath logic.                                         |
|DPOPT-2  |Info   |    1|Done optimizing datapath logic.                                    |
|DPOPT-3  |Info   |    2|Implementing datapath configurations.                              |
|DPOPT-4  |Info   |    2|Done implementing datapath configurations.                         |
|DPOPT-6  |Info   |    1|Pre-processed datapath logic.                                      |
|ELAB-1   |Info   |    1|Elaborating Design.                                                |
|ELAB-2   |Info   |    5|Elaborating Subdesign.                                             |
|ELAB-3   |Info   |    1|Done Elaborating Design.                                           |
|GB-6     |Info   |    4|A datapath component has been ungrouped.                           |
|GLO-34   |Info   |    1|Deleting instances not driving any primary outputs.                |
|         |       |     |Optimizations such as constant propagation or redundancy removal   |
|         |       |     | could change the connections so a hierarchical instance does not  |
|         |       |     | drive any primary outputs anymore. To see the list of deleted     |
|         |       |     | hierarchical instances, set the 'information_level' attribute to 2|
|         |       |     | or above. If the message is truncated set the message attribute   |
|         |       |     | 'truncate' to false to see the complete list. To prevent this     |
|         |       |     | optimization, set the 'delete_unloaded_insts' root/subdesign      |
|         |       |     | attribute to 'false' or 'preserve' instance attribute to 'true'.  |
|GLO-61   |Warning|   24|Ungrouping the instance/module as 'false' cannot be set on         |
|         |       |     | tool_generated hierarchies.                                       |
|         |       |     |Kindly check the script whether the ungroup_ok is set to false.    |
|         |       |     | Alternately it can be set to 'strict_no' to disable ungrouping but|
|         |       |     | this can impact PPA.                                              |
|GLO-62   |Info   |   13|On tool_generated instance/module 'strict_no' is set.              |
|         |       |     |This shall only be used for special purposes like formal           |
|         |       |     | verification.                                                     |
|HLO_RR-1 |Info   |    2|Setting up the version of high level Redundancy Removal            |
|         |       |     | Optimizations.                                                    |
|LBR-9    |Warning|  156|Library cell has no output pins defined.                           |
|         |       |     |Add the missing output pin(s)                                      |
|         |       |     | , then reload the library. Else the library cell will be marked as|
|         |       |     | timing model i.e. unusable. Timing_model means that the cell does |
|         |       |     | not have any defined function. If there is no output pin, Genus   |
|         |       |     | will mark library cell as unusable i.e. the attribute 'usable'    |
|         |       |     | will be marked to 'false' on the libcell. Therefore, the cell is  |
|         |       |     | not used for mapping and it will not be picked up from the library|
|         |       |     | for synthesis. If you query the attribute 'unusable_reason' on the|
|         |       |     | libcell; result will be: 'Library cell has no output pins.'Note:  |
|         |       |     | The message LBR-9 is only for the logical pins and not for the    |
|         |       |     | power_ground pins. Genus will depend upon the output function     |
|         |       |     | defined in the pin group (output pin)                             |
|         |       |     | of the cell, to use it for mapping. The pg_pin will not have any  |
|         |       |     | function defined.                                                 |
|LBR-40   |Info   |  132|An unsupported construct was detected in this library.             |
|         |       |     |Check to see if this construct is really needed for synthesis. Many|
|         |       |     | liberty constructs are not actually required.                     |
|LBR-41   |Info   |    1|An output library pin lacks a function attribute.                  |
|         |       |     |If the remainder of this library cell's semantic checks are        |
|         |       |     | successful, it will be considered as a timing-model               |
|         |       |     | (because one of its outputs does not have a valid function.       |
|LBR-101  |Warning|   24|Unusable clock gating integrated cell found at the time of loading |
|         |       |     | libraries. This warning happens because a particular library cell |
|         |       |     | is defined as 'clock_gating_integrated_cell', but 'dont_use'      |
|         |       |     | attribute is defined as true in the liberty library. To make Genus|
|         |       |     | use this cell for clock gating insertion, 'dont_use' attribute    |
|         |       |     | should be set to false.                                           |
|         |       |     |To make the cell usable, change the value of 'dont_use' attribute  |
|         |       |     | to false.                                                         |
|LBR-155  |Info   |   42|Mismatch in unateness between 'timing_sense' attribute and the     |
|         |       |     | function.                                                         |
|         |       |     |The 'timing_sense' attribute will be respected.                    |
|LBR-161  |Info   |    1|Setting the maximum print count of this message to 10 if           |
|         |       |     | information_level is less than 9.                                 |
|LBR-162  |Info   |   28|Both 'pos_unate' and 'neg_unate' timing_sense arcs have been       |
|         |       |     | processed.                                                        |
|         |       |     |Setting the 'timing_sense' to non_unate.                           |
|LBR-412  |Info   |    1|Created nominal operating condition.                               |
|         |       |     |The nominal operating condition is represented, either by the      |
|         |       |     | nominal PVT values specified in the library source                |
|         |       |     | (via nom_process,nom_voltage and nom_temperature respectively)    |
|         |       |     | , or by the default PVT values (1.0,1.0,1.0).                     |
|LBR-518  |Info   |    1|Missing a function attribute in the output pin definition.         |
|PHYS-752 |Info   |    1|Partition Based Synthesis execution skipped.                       |
|RTLOPT-30|Info   |    3|Accepted resource sharing opportunity.                             |
|RTLOPT-40|Info   |   19|Transformed datapath macro.                                        |
|RTLOPT-55|Warning|   24|Inferred datapath logic has changed and cannot be considered for   |
|         |       |     | datapath optimizations.                                           |
|         |       |     |For best results, ensure this command is issued after syn_map, when|
|         |       |     | all datapath optimizations have finished.                         |
|SDC-202  |Error  |    4|Could not interpret SDC command.                                   |
|         |       |     |The 'read_sdc' command encountered a problem while trying to       |
|         |       |     | evaluate an SDC command. This SDC command will be added to the Tcl|
|         |       |     | variable $::dc::sdc_failed_commands.                              |
|SDC-203  |Error  |    1|Option missing for SDC command.                                    |
|         |       |     |This SDC command requires the indicated options.  Check the SDC    |
|         |       |     | command and contact Cadence customer support if you believe this  |
|         |       |     | option combination should be supported.                           |
|SDC-208  |Warning|    4|Could not find requested search value.                             |
|         |       |     |Use get_* commands to find the objects along with a wild card entry|
|         |       |     | in the name of the object to check if the object is existing with |
|         |       |     | different naming style.                                           |
|SDC-209  |Warning|    1|One or more commands failed when these constraints were applied.   |
|         |       |     |You can examine the failed commands or save them to a file by      |
|         |       |     | querying the Tcl variable $::dc::sdc_failed_commands.             |
|SDC-236  |Warning|    1|Suppressed remaining 'SDC-208' warnings.                           |
|         |       |     |Use the attribute 'collapse_sdc_msg' to control printing of warning|
|         |       |     | 'SDC-208'.                                                        |
|SYNTH-1  |Info   |    1|Synthesizing.                                                      |
|TUI-61   |Error  |    1|A required object parameter could not be found.                    |
|         |       |     |Check to make sure that the object exists and is of the correct    |
|         |       |     | type.  The 'what_is' command can be used to determine the type of |
|         |       |     | an object.                                                        |
|TUI-64   |Error  |    1|A command argument did not match any of the acceptable command     |
|         |       |     | options.                                                          |
|         |       |     |Check the command usage and correct the input to the command.      |
|VLOGPT-6 |Warning|    1|Replacing previously read Verilog description.                     |
|         |       |     |A Verilog description is replaced when a new description of the    |
|         |       |     | same name and same library is read again.
    Verilog descriptions|
|         |       |     | are:
       module
       macromodule
       configuration
       |
|         |       |     | SystemVerilog adds the following descriptions:
       interface
  |
|         |       |     | program
       package.                                           |
---------------------------------------------------------------------------------------------
false
1
0
Mapper: Libraries have:
	domain _default_: 456 combo usable cells and 128 sequential usable cells
Multi-threaded Virtual Mapping    (8 threads, 8 of 80 CPUs usable)
Normal Structuring mode def=chklpyr
Normal Structuring mode def=lut_month
Normal Structuring mode def=lut_year
Normal Structuring mode def=mux_ctl_0x
Normal Structuring mode def=csa_tree_ADD_TC_OP_3_group_2
Normal Structuring mode def=mod7
==================================
Stage : first_condense 
==================================
  =================
   Message Summary
  =================
------------------------------------------------------------------------------------------
|  Id  |Sev |Count|                             Message Text                             |
------------------------------------------------------------------------------------------
|GB-6  |Info|    4|A datapath component has been ungrouped.                              |
|GLO-62|Info|   16|On tool_generated instance/module 'strict_no' is set.                 |
|      |    |     |This shall only be used for special purposes like formal verification.|
------------------------------------------------------------------------------------------
 
Global mapping target info
==========================
Cost Group 'default' target slack: Unconstrained

false
0
0
Starting post first-condense unobservable FF removal
Detecting unobservable FF's ...
Detected 0 unobserable FF's cputime(detection/total) = 0.002 /0.007 seconds
Unobservable FF redundancy removal succeeded.
Done post first-condense unobservable FF removal (0.00 cpu seconds) (0.00 elapsed cpu seconds)
Advanced structuring report (syn_gen):
----------------------------------------------------------------------------------------------------------
|                            | Graph                | Opt. Graph           | Result         |            | 
|----------------------------+----------------------+----------------------+----------------+------------|
| Name               | Tag   | #nodes | #and | #lvl | #nodes | #and | #lvl | Acc | Time     | Netlist ID | 
----------------------------------------------------------------------------------------------------------
----------------------------------------------------------------------------------------------------------
Number of LFLHs filtered from table: 5
Runtime accepts/rejects/total =     1.18 /     0.14 /     1.32
Accepts/rejects/total = 3 / 2 / 5
Sum of reduced nodes/levels = 37 / 37
PBS_Generic_Opt-Post - Elapsed_Time 32, CPU_Time 29.70695299999999
stamp 'PBS_Generic_Opt-Post' being created for table 'pbs_debug'

  Total Time (Wall) |  Stage Time (Wall)  |   % (Wall)   |    Date - Time     |  Memory   | Stage
--------------------+---------------------+--------------+--------------------+-----------+----------------------
 00:00:58(00:01:41) |  00:00:00(00:00:00) |   0.0(  0.0) |   16:19:29 (Aug20) |  918.3 MB | PBS_Generic-Start
--------------------+---------------------+--------------+--------------------+-----------+----------------------
 00:01:32(00:02:18) |  00:00:34(00:00:37) | 100.0(100.0) |   16:20:06 (Aug20) |   1.35 GB | PBS_Generic_Opt-Post
--------------------+---------------------+--------------+--------------------+-----------+----------------------
Number of threads: 8 * 1   (id: pbs_debug, time_info v1.57)
Info: (*N*) indicates data that was populated from previously saved time_info database
Info: CPU time includes time of parent + longest thread
PBS_Generic-Postgen HBO Optimizations - Elapsed_Time 1, CPU_Time 0.0
stamp 'PBS_Generic-Postgen HBO Optimizations' being created for table 'pbs_debug'

  Total Time (Wall) |  Stage Time (Wall)  |   % (Wall)   |    Date - Time     |  Memory   | Stage
--------------------+---------------------+--------------+--------------------+-----------+----------------------
 00:00:58(00:01:41) |  00:00:00(00:00:00) |   0.0(  0.0) |   16:19:29 (Aug20) |  918.3 MB | PBS_Generic-Start
--------------------+---------------------+--------------+--------------------+-----------+----------------------
 00:01:32(00:02:18) |  00:00:34(00:00:37) | 100.0( 97.4) |   16:20:06 (Aug20) |   1.35 GB | PBS_Generic_Opt-Post
--------------------+---------------------+--------------+--------------------+-----------+----------------------
 00:01:32(00:02:19) |  00:00:00(00:00:01) |   0.0(  2.6) |   16:20:07 (Aug20) |   1.35 GB | PBS_Generic-Postgen HBO Optimizations
--------------------+---------------------+--------------+--------------------+-----------+----------------------
Number of threads: 8 * 1   (id: pbs_debug, time_info v1.57)
Info: (*N*) indicates data that was populated from previously saved time_info database
Info: CPU time includes time of parent + longest thread
Starting post syn_generic ultra-effort Boolean optimization
Redundancy removal succeeded.
Done post syn_generic ultra-effort Boolean optimization (0.00 cpu seconds) (0.00 elapsed cpu seconds)
Info    : Done synthesizing. [SYNTH-2]
        : Done synthesizing 'fca2005' to generic gates.
##>=================== Cadence Confidential (Generic-Logical) ===================
##>=================== Cadence Confidential (Generic-Logical) ===================
      flow.cputime  flow.realtime  timing.setup.tns  timing.setup.wns  snapshot
UM:*                                                                   syn_gen
@file(logic_synt.tcl) 36: syn_map
#----------------------------------------------------------------------------------------
# Root attributes for category: opt
#----------------------------------------------------------------------------------------
# Feature                           | Attribute                    | Value            
#----------------------------------------------------------------------------------------
# Avoid tied inputs                 | avoid_tied_inputs            | false (default)  
# Allow floating outputs            | opt_allow_floating_outputs   | false (default)  
# Power optimization effort         | design_power_effort          | none (default)   
# Do not use qbar sequential pins   | dont_use_qbar_seq_pins       | false (default)  
#----------------------------------------------------------------------------------------

##Generic Timing Info: typical gate delay  340.0 ps   std_slew:   54.8 ps   std_load:  9.6 fF  for library domain _default_
Mapping ChipWare ICG instances in fca2005
Found 0 unmapped ChipWare ICG instances
Mapped 0 of 0 ChipWare ICG instances
Info    : Mapping. [SYNTH-4]
        : Mapping 'fca2005' using 'high' effort.
Mapper: Libraries have:
	domain _default_: 456 combo usable cells and 128 sequential usable cells
PBS_TechMap-Start - Elapsed_Time 0, CPU_Time 0.0
stamp 'PBS_TechMap-Start' being created for table 'pbs_debug'

  Total Time (Wall) |  Stage Time (Wall)  |   % (Wall)   |    Date - Time     |  Memory   | Stage
--------------------+---------------------+--------------+--------------------+-----------+----------------------
 00:00:58(00:01:41) |  00:00:00(00:00:00) |   0.0(  0.0) |   16:19:29 (Aug20) |  918.3 MB | PBS_Generic-Start
--------------------+---------------------+--------------+--------------------+-----------+----------------------
 00:01:32(00:02:18) |  00:00:34(00:00:37) |  97.2( 94.9) |   16:20:06 (Aug20) |   1.35 GB | PBS_Generic_Opt-Post
--------------------+---------------------+--------------+--------------------+-----------+----------------------
 00:01:32(00:02:19) |  00:00:00(00:00:01) |   0.0(  2.6) |   16:20:07 (Aug20) |   1.35 GB | PBS_Generic-Postgen HBO Optimizations
--------------------+---------------------+--------------+--------------------+-----------+----------------------
 00:01:33(00:02:20) |  00:00:01(00:00:01) |   2.8(  2.6) |   16:20:08 (Aug20) |   1.35 GB | PBS_TechMap-Start
--------------------+---------------------+--------------+--------------------+-----------+----------------------
Number of threads: 8 * 1   (id: pbs_debug, time_info v1.57)
Info: (*N*) indicates data that was populated from previously saved time_info database
Info: CPU time includes time of parent + longest thread
PBS_TechMap-Premap HBO Optimizations - Elapsed_Time 0, CPU_Time 1.0
stamp 'PBS_TechMap-Premap HBO Optimizations' being created for table 'pbs_debug'

  Total Time (Wall) |  Stage Time (Wall)  |   % (Wall)   |    Date - Time     |  Memory   | Stage
--------------------+---------------------+--------------+--------------------+-----------+----------------------
 00:00:58(00:01:41) |  00:00:00(00:00:00) |   0.0(  0.0) |   16:19:29 (Aug20) |  918.3 MB | PBS_Generic-Start
--------------------+---------------------+--------------+--------------------+-----------+----------------------
 00:01:32(00:02:18) |  00:00:34(00:00:37) |  94.6( 94.9) |   16:20:06 (Aug20) |   1.35 GB | PBS_Generic_Opt-Post
--------------------+---------------------+--------------+--------------------+-----------+----------------------
 00:01:32(00:02:19) |  00:00:00(00:00:01) |   0.0(  2.6) |   16:20:07 (Aug20) |   1.35 GB | PBS_Generic-Postgen HBO Optimizations
--------------------+---------------------+--------------+--------------------+-----------+----------------------
 00:01:33(00:02:20) |  00:00:01(00:00:01) |   2.7(  2.6) |   16:20:08 (Aug20) |   1.35 GB | PBS_TechMap-Start
--------------------+---------------------+--------------+--------------------+-----------+----------------------
 00:01:34(00:02:20) |  00:00:01(00:00:00) |   2.7(  0.0) |   16:20:08 (Aug20) |   1.35 GB | PBS_TechMap-Premap HBO Optimizations
--------------------+---------------------+--------------+--------------------+-----------+----------------------
Number of threads: 8 * 1   (id: pbs_debug, time_info v1.57)
Info: (*N*) indicates data that was populated from previously saved time_info database
Info: CPU time includes time of parent + longest thread
Info    : Partition Based Synthesis execution skipped. [PHYS-752]
        : Design size is less than the partition size '100000' for distributed mapping optimization to kick in.
Mapper: Libraries have:
	domain _default_: 456 combo usable cells and 128 sequential usable cells
Multi-threaded Virtual Mapping    (8 threads per ST process, 8 of 80 CPUs usable)
Normal Structuring mode def=chklpyr
Normal Structuring mode def=lut_month
Normal Structuring mode def=lut_year
Normal Structuring mode def=mux_ctl_0x
Normal Structuring mode def=csa_tree_ADD_TC_OP_3_group_2
Normal Structuring mode def=mod7
 
Global mapping target info
==========================
Cost Group 'default' target slack: Unconstrained

Multi-threaded Technology Mapping (8 threads per ST process, 8 of 80 CPUs usable)
Normal Structuring mode def=mod7
Normal Structuring mode def=csa_tree_ADD_TC_OP_3_group_2
Normal Structuring mode def=csa_tree_ADD_TC_OP_3_group
Normal Structuring mode def=csa_tree_ADD_TC_OP_3_group
Normal Structuring mode def=csa_tree_ADD_TC_OP_3_group
Normal Structuring mode def=lut_month
Normal Structuring mode def=mux_ctl_0x
Normal Structuring mode def=lut_year
Normal Structuring mode def=chklpyr
 
Global mapping status
=====================
                                    Worst 
                           Total  Weighted
Operation                   Area  Neg Slk Worst Path
 global_map                 2077        0  N/A

    Cost Group            Target    Slack    Diff.  Constr.
-----------------------------------------------------------
       default          unconst. unconst.              N.A. 

 
Global incremental target info
==============================
Cost Group 'default' target slack: Unconstrained

==================================
Stage : global_incr_map 
==================================
  =================
   Message Summary
  =================
--------------------------------------------------------------------------------------------
|   Id   |Sev |Count|                             Message Text                             |
--------------------------------------------------------------------------------------------
|GLO-62  |Info|   43|On tool_generated instance/module 'strict_no' is set.                 |
|        |    |     |This shall only be used for special purposes like formal verification.|
|PA-7    |Info|   12|Resetting power analysis results.                                     |
|        |    |     |All computed switching activities are removed.                        |
|PHYS-752|Info|    1|Partition Based Synthesis execution skipped.                          |
|SYNTH-2 |Info|    1|Done synthesizing.                                                    |
|SYNTH-4 |Info|    1|Mapping.                                                              |
--------------------------------------------------------------------------------------------
 
Global incremental optimization status
======================================
                                    Worst 
                           Total  Weighted
Operation                   Area  Neg Slk Worst Path
 global_incr                2063        0  N/A

    Cost Group            Target    Slack    Diff.  Constr.
-----------------------------------------------------------
       default          unconst. unconst.              N.A. 

/home/edu4chip_18/project_calendar/work/.st_launch_tallinn.emse.fr_3111668
INFO: skipping constant propagation
false
0
0
PBS_Techmap-Global Mapping - Elapsed_Time 11, CPU_Time 6.081808000000009
stamp 'PBS_Techmap-Global Mapping' being created for table 'pbs_debug'

  Total Time (Wall) |  Stage Time (Wall)  |   % (Wall)   |    Date - Time     |  Memory   | Stage
--------------------+---------------------+--------------+--------------------+-----------+----------------------
 00:00:58(00:01:41) |  00:00:00(00:00:00) |   0.0(  0.0) |   16:19:29 (Aug20) |  918.3 MB | PBS_Generic-Start
--------------------+---------------------+--------------+--------------------+-----------+----------------------
 00:01:32(00:02:18) |  00:00:34(00:00:37) |  81.1( 74.0) |   16:20:06 (Aug20) |   1.35 GB | PBS_Generic_Opt-Post
--------------------+---------------------+--------------+--------------------+-----------+----------------------
 00:01:32(00:02:19) |  00:00:00(00:00:01) |   0.0(  2.0) |   16:20:07 (Aug20) |   1.35 GB | PBS_Generic-Postgen HBO Optimizations
--------------------+---------------------+--------------+--------------------+-----------+----------------------
 00:01:33(00:02:20) |  00:00:01(00:00:01) |   2.3(  2.0) |   16:20:08 (Aug20) |   1.35 GB | PBS_TechMap-Start
--------------------+---------------------+--------------+--------------------+-----------+----------------------
 00:01:34(00:02:20) |  00:00:01(00:00:00) |   2.3(  0.0) |   16:20:08 (Aug20) |   1.35 GB | PBS_TechMap-Premap HBO Optimizations
--------------------+---------------------+--------------+--------------------+-----------+----------------------
 00:01:40(00:02:31) |  00:00:06(00:00:11) |  14.2( 22.0) |   16:20:19 (Aug20) |   1.35 GB | PBS_Techmap-Global Mapping
--------------------+---------------------+--------------+--------------------+-----------+----------------------
Number of threads: 8 * 1   (id: pbs_debug, time_info v1.57)
Info: (*N*) indicates data that was populated from previously saved time_info database
Info: CPU time includes time of parent + longest thread
Advanced structuring report (syn_map):
----------------------------------------------------------------------------------------------------------
|                            | Graph                | Opt. Graph           | Result         |            | 
|----------------------------+----------------------+----------------------+----------------+------------|
| Name               | Tag   | #nodes | #and | #lvl | #nodes | #and | #lvl | Acc | Time     | Netlist ID | 
----------------------------------------------------------------------------------------------------------
----------------------------------------------------------------------------------------------------------
Number of LFLHs filtered from table: 10
Runtime accepts/rejects/total =     1.26 /     0.32 /     1.58
Accepts/rejects/total = 2 / 3 / 5
Sum of reduced nodes/levels = 16 / 30
Info    : Wrote formal verification information. [CFM-5]
        : Wrote 'fv/fca2005/fv_map.fv.json' for netlist 'fv/fca2005/fv_map.v.gz'.
Info    : Existing dofile found. Copied as fv/fca2005/rtl_to_fv_map.do~.
Info    : Forcing flat compare. [CFM-212]
        : The design hierarchies are too small to qualify for hierarchical comparison. Set the attribute wlec_hier_comp_threshold accordingly for hier compare.
Info    : Wrote dofile. [CFM-1]
        : Dofile is 'fv/fca2005/rtl_to_fv_map.do'.
        : RTL names flow is enabled.
PBS_TechMap-Datapath Postmap Operations - Elapsed_Time 4, CPU_Time 4.0
stamp 'PBS_TechMap-Datapath Postmap Operations' being created for table 'pbs_debug'

  Total Time (Wall) |  Stage Time (Wall)  |   % (Wall)   |    Date - Time     |  Memory   | Stage
--------------------+---------------------+--------------+--------------------+-----------+----------------------
 00:00:58(00:01:41) |  00:00:00(00:00:00) |   0.0(  0.0) |   16:19:29 (Aug20) |  918.3 MB | PBS_Generic-Start
--------------------+---------------------+--------------+--------------------+-----------+----------------------
 00:01:32(00:02:18) |  00:00:34(00:00:37) |  74.2( 68.5) |   16:20:06 (Aug20) |   1.35 GB | PBS_Generic_Opt-Post
--------------------+---------------------+--------------+--------------------+-----------+----------------------
 00:01:32(00:02:19) |  00:00:00(00:00:01) |   0.0(  1.9) |   16:20:07 (Aug20) |   1.35 GB | PBS_Generic-Postgen HBO Optimizations
--------------------+---------------------+--------------+--------------------+-----------+----------------------
 00:01:33(00:02:20) |  00:00:01(00:00:01) |   2.1(  1.9) |   16:20:08 (Aug20) |   1.35 GB | PBS_TechMap-Start
--------------------+---------------------+--------------+--------------------+-----------+----------------------
 00:01:34(00:02:20) |  00:00:01(00:00:00) |   2.1(  0.0) |   16:20:08 (Aug20) |   1.35 GB | PBS_TechMap-Premap HBO Optimizations
--------------------+---------------------+--------------+--------------------+-----------+----------------------
 00:01:40(00:02:31) |  00:00:06(00:00:11) |  13.0( 20.4) |   16:20:19 (Aug20) |   1.35 GB | PBS_Techmap-Global Mapping
--------------------+---------------------+--------------+--------------------+-----------+----------------------
 00:01:44(00:02:35) |  00:00:04(00:00:04) |   8.5(  7.4) |   16:20:23 (Aug20) |   1.35 GB | PBS_TechMap-Datapath Postmap Operations
--------------------+---------------------+--------------+--------------------+-----------+----------------------
Number of threads: 8 * 1   (id: pbs_debug, time_info v1.57)
Info: (*N*) indicates data that was populated from previously saved time_info database
Info: CPU time includes time of parent + longest thread
PBS_TechMap-Postmap HBO Optimizations - Elapsed_Time 0, CPU_Time -0.0005060000000014497
stamp 'PBS_TechMap-Postmap HBO Optimizations' being created for table 'pbs_debug'

  Total Time (Wall) |  Stage Time (Wall)  |   % (Wall)   |    Date - Time     |  Memory   | Stage
--------------------+---------------------+--------------+--------------------+-----------+----------------------
 00:00:58(00:01:41) |  00:00:00(00:00:00) |   0.0(  0.0) |   16:19:29 (Aug20) |  918.3 MB | PBS_Generic-Start
--------------------+---------------------+--------------+--------------------+-----------+----------------------
 00:01:32(00:02:18) |  00:00:34(00:00:37) |  74.2( 68.5) |   16:20:06 (Aug20) |   1.35 GB | PBS_Generic_Opt-Post
--------------------+---------------------+--------------+--------------------+-----------+----------------------
 00:01:32(00:02:19) |  00:00:00(00:00:01) |   0.0(  1.9) |   16:20:07 (Aug20) |   1.35 GB | PBS_Generic-Postgen HBO Optimizations
--------------------+---------------------+--------------+--------------------+-----------+----------------------
 00:01:33(00:02:20) |  00:00:01(00:00:01) |   2.1(  1.9) |   16:20:08 (Aug20) |   1.35 GB | PBS_TechMap-Start
--------------------+---------------------+--------------+--------------------+-----------+----------------------
 00:01:34(00:02:20) |  00:00:01(00:00:00) |   2.1(  0.0) |   16:20:08 (Aug20) |   1.35 GB | PBS_TechMap-Premap HBO Optimizations
--------------------+---------------------+--------------+--------------------+-----------+----------------------
 00:01:40(00:02:31) |  00:00:06(00:00:11) |  13.0( 20.4) |   16:20:19 (Aug20) |   1.35 GB | PBS_Techmap-Global Mapping
--------------------+---------------------+--------------+--------------------+-----------+----------------------
 00:01:44(00:02:35) |  00:00:04(00:00:04) |   8.5(  7.4) |   16:20:23 (Aug20) |   1.35 GB | PBS_TechMap-Datapath Postmap Operations
--------------------+---------------------+--------------+--------------------+-----------+----------------------
 00:01:44(00:02:35) |  00:00:00(00:00:00) |  -0.0(  0.0) |   16:20:23 (Aug20) |   1.35 GB | PBS_TechMap-Postmap HBO Optimizations
--------------------+---------------------+--------------+--------------------+-----------+----------------------
Number of threads: 8 * 1   (id: pbs_debug, time_info v1.57)
Info: (*N*) indicates data that was populated from previously saved time_info database
Info: CPU time includes time of parent + longest thread
 Doing ConstProp on design:fca2005 ... 

Time taken by ConstProp Step: 00:00:00
PBS_TechMap-Postmap Clock Gating - Elapsed_Time 0, CPU_Time 0.0
stamp 'PBS_TechMap-Postmap Clock Gating' being created for table 'pbs_debug'

  Total Time (Wall) |  Stage Time (Wall)  |   % (Wall)   |    Date - Time     |  Memory   | Stage
--------------------+---------------------+--------------+--------------------+-----------+----------------------
 00:00:58(00:01:41) |  00:00:00(00:00:00) |   0.0(  0.0) |   16:19:29 (Aug20) |  918.3 MB | PBS_Generic-Start
--------------------+---------------------+--------------+--------------------+-----------+----------------------
 00:01:32(00:02:18) |  00:00:34(00:00:37) |  74.2( 68.5) |   16:20:06 (Aug20) |   1.35 GB | PBS_Generic_Opt-Post
--------------------+---------------------+--------------+--------------------+-----------+----------------------
 00:01:32(00:02:19) |  00:00:00(00:00:01) |   0.0(  1.9) |   16:20:07 (Aug20) |   1.35 GB | PBS_Generic-Postgen HBO Optimizations
--------------------+---------------------+--------------+--------------------+-----------+----------------------
 00:01:33(00:02:20) |  00:00:01(00:00:01) |   2.1(  1.9) |   16:20:08 (Aug20) |   1.35 GB | PBS_TechMap-Start
--------------------+---------------------+--------------+--------------------+-----------+----------------------
 00:01:34(00:02:20) |  00:00:01(00:00:00) |   2.1(  0.0) |   16:20:08 (Aug20) |   1.35 GB | PBS_TechMap-Premap HBO Optimizations
--------------------+---------------------+--------------+--------------------+-----------+----------------------
 00:01:40(00:02:31) |  00:00:06(00:00:11) |  13.0( 20.4) |   16:20:19 (Aug20) |   1.35 GB | PBS_Techmap-Global Mapping
--------------------+---------------------+--------------+--------------------+-----------+----------------------
 00:01:44(00:02:35) |  00:00:04(00:00:04) |   8.5(  7.4) |   16:20:23 (Aug20) |   1.35 GB | PBS_TechMap-Datapath Postmap Operations
--------------------+---------------------+--------------+--------------------+-----------+----------------------
 00:01:44(00:02:35) |  00:00:00(00:00:00) |  -0.0(  0.0) |   16:20:23 (Aug20) |   1.35 GB | PBS_TechMap-Postmap HBO Optimizations
--------------------+---------------------+--------------+--------------------+-----------+----------------------
 00:01:44(00:02:35) |  00:00:00(00:00:00) |   0.0(  0.0) |   16:20:23 (Aug20) |   1.35 GB | PBS_TechMap-Postmap Clock Gating
--------------------+---------------------+--------------+--------------------+-----------+----------------------
Number of threads: 8 * 1   (id: pbs_debug, time_info v1.57)
Info: (*N*) indicates data that was populated from previously saved time_info database
Info: CPU time includes time of parent + longest thread
-------------------------------------------------------------------------------
 hi_fo_buf                  2063        0         0         0        0        0

           Trick     Calls     Accepts   Attempts    Time(secs) 
-----------------------------------------------------------
       hi_fo_buf         0  (        0 /        0 )  0.00

 
Incremental optimization status
===============================
                                    Worst     Total - - - - DRC Totals - - - -
                           Total  Weighted     Neg      Max       Max     Max  
Operation                   Area  Neg Slk     Slack    Trans      Cap   Fanout 
 init_delay                 2063        0         0         0        0        0

           Trick     Calls     Accepts   Attempts    Time(secs) 
-----------------------------------------------------------
       crit_upsz         0  (        0 /        0 )  0.00
    plc_bal_star         0  (        0 /        0 )  0.00
     drc_buftimb         0  (        0 /        0 )  0.00
          plc_st         0  (        0 /        0 )  0.00
    plc_st_fence         0  (        0 /        0 )  0.00
        plc_star         0  (        0 /        0 )  0.00
      plc_laf_st         0  (        0 /        0 )  0.00
 plc_laf_st_fence         0  (        0 /        0 )  0.00
     drc_buftims         0  (        0 /        0 )  0.00
            fopt         0  (        0 /        0 )  0.00
   plc_laf_lo_st         0  (        0 /        0 )  0.00
       plc_lo_st         0  (        0 /        0 )  0.00
        mb_split         0  (        0 /        0 )  0.00

 
Local TNS optimization status
=============================
                                    Worst     Total - - - - DRC Totals - - - -
                           Total  Weighted     Neg      Max       Max     Max  
Operation                   Area  Neg Slk     Slack    Trans      Cap   Fanout 
 init_tns                   2063        0         0         0        0        0

           Trick     Calls     Accepts   Attempts    Time(secs) 
-----------------------------------------------------------
    plc_bal_star         0  (        0 /        0 )  0.00
     drc_buftimb         0  (        0 /        0 )  0.00
     drc_buftims         0  (        0 /        0 )  0.00
       crit_upsz         0  (        0 /        0 )  0.00
   plc_laf_lo_st         0  (        0 /        0 )  0.00
       plc_lo_st         0  (        0 /        0 )  0.00
            fopt         0  (        0 /        0 )  0.00
       crit_dnsz         0  (        0 /        0 )  0.00
             dup         0  (        0 /        0 )  0.00
        setup_dn         0  (        0 /        0 )  0.00
        mb_split         0  (        0 /        0 )  0.00

false
0
0
PBS_TechMap-Postmap Cleanup - Elapsed_Time 0, CPU_Time 0.999446000000006
stamp 'PBS_TechMap-Postmap Cleanup' being created for table 'pbs_debug'

  Total Time (Wall) |  Stage Time (Wall)  |   % (Wall)   |    Date - Time     |  Memory   | Stage
--------------------+---------------------+--------------+--------------------+-----------+----------------------
 00:00:58(00:01:41) |  00:00:00(00:00:00) |   0.0(  0.0) |   16:19:29 (Aug20) |  918.3 MB | PBS_Generic-Start
--------------------+---------------------+--------------+--------------------+-----------+----------------------
 00:01:32(00:02:18) |  00:00:34(00:00:37) |  72.6( 68.5) |   16:20:06 (Aug20) |   1.35 GB | PBS_Generic_Opt-Post
--------------------+---------------------+--------------+--------------------+-----------+----------------------
 00:01:32(00:02:19) |  00:00:00(00:00:01) |   0.0(  1.9) |   16:20:07 (Aug20) |   1.35 GB | PBS_Generic-Postgen HBO Optimizations
--------------------+---------------------+--------------+--------------------+-----------+----------------------
 00:01:33(00:02:20) |  00:00:01(00:00:01) |   2.1(  1.9) |   16:20:08 (Aug20) |   1.35 GB | PBS_TechMap-Start
--------------------+---------------------+--------------+--------------------+-----------+----------------------
 00:01:34(00:02:20) |  00:00:01(00:00:00) |   2.1(  0.0) |   16:20:08 (Aug20) |   1.35 GB | PBS_TechMap-Premap HBO Optimizations
--------------------+---------------------+--------------+--------------------+-----------+----------------------
 00:01:40(00:02:31) |  00:00:06(00:00:11) |  12.7( 20.4) |   16:20:19 (Aug20) |   1.35 GB | PBS_Techmap-Global Mapping
--------------------+---------------------+--------------+--------------------+-----------+----------------------
 00:01:44(00:02:35) |  00:00:04(00:00:04) |   8.4(  7.4) |   16:20:23 (Aug20) |   1.35 GB | PBS_TechMap-Datapath Postmap Operations
--------------------+---------------------+--------------+--------------------+-----------+----------------------
 00:01:44(00:02:35) |  00:00:00(00:00:00) |  -0.0(  0.0) |   16:20:23 (Aug20) |   1.35 GB | PBS_TechMap-Postmap HBO Optimizations
--------------------+---------------------+--------------+--------------------+-----------+----------------------
 00:01:44(00:02:35) |  00:00:00(00:00:00) |   0.0(  0.0) |   16:20:23 (Aug20) |   1.35 GB | PBS_TechMap-Postmap Clock Gating
--------------------+---------------------+--------------+--------------------+-----------+----------------------
 00:01:45(00:02:35) |  00:00:00(00:00:00) |   2.1(  0.0) |   16:20:23 (Aug20) |   1.35 GB | PBS_TechMap-Postmap Cleanup
--------------------+---------------------+--------------+--------------------+-----------+----------------------
Number of threads: 8 * 1   (id: pbs_debug, time_info v1.57)
Info: (*N*) indicates data that was populated from previously saved time_info database
Info: CPU time includes time of parent + longest thread
false
0
0
PBS_Techmap-Post_MBCI - Elapsed_Time 1, CPU_Time 0.0
stamp 'PBS_Techmap-Post_MBCI' being created for table 'pbs_debug'

  Total Time (Wall) |  Stage Time (Wall)  |   % (Wall)   |    Date - Time     |  Memory   | Stage
--------------------+---------------------+--------------+--------------------+-----------+----------------------
 00:00:58(00:01:41) |  00:00:00(00:00:00) |   0.0(  0.0) |   16:19:29 (Aug20) |  918.3 MB | PBS_Generic-Start
--------------------+---------------------+--------------+--------------------+-----------+----------------------
 00:01:32(00:02:18) |  00:00:34(00:00:37) |  72.6( 67.3) |   16:20:06 (Aug20) |   1.35 GB | PBS_Generic_Opt-Post
--------------------+---------------------+--------------+--------------------+-----------+----------------------
 00:01:32(00:02:19) |  00:00:00(00:00:01) |   0.0(  1.8) |   16:20:07 (Aug20) |   1.35 GB | PBS_Generic-Postgen HBO Optimizations
--------------------+---------------------+--------------+--------------------+-----------+----------------------
 00:01:33(00:02:20) |  00:00:01(00:00:01) |   2.1(  1.8) |   16:20:08 (Aug20) |   1.35 GB | PBS_TechMap-Start
--------------------+---------------------+--------------+--------------------+-----------+----------------------
 00:01:34(00:02:20) |  00:00:01(00:00:00) |   2.1(  0.0) |   16:20:08 (Aug20) |   1.35 GB | PBS_TechMap-Premap HBO Optimizations
--------------------+---------------------+--------------+--------------------+-----------+----------------------
 00:01:40(00:02:31) |  00:00:06(00:00:11) |  12.7( 20.0) |   16:20:19 (Aug20) |   1.35 GB | PBS_Techmap-Global Mapping
--------------------+---------------------+--------------+--------------------+-----------+----------------------
 00:01:44(00:02:35) |  00:00:04(00:00:04) |   8.4(  7.3) |   16:20:23 (Aug20) |   1.35 GB | PBS_TechMap-Datapath Postmap Operations
--------------------+---------------------+--------------+--------------------+-----------+----------------------
 00:01:44(00:02:35) |  00:00:00(00:00:00) |  -0.0(  0.0) |   16:20:23 (Aug20) |   1.35 GB | PBS_TechMap-Postmap HBO Optimizations
--------------------+---------------------+--------------+--------------------+-----------+----------------------
 00:01:44(00:02:35) |  00:00:00(00:00:00) |   0.0(  0.0) |   16:20:23 (Aug20) |   1.35 GB | PBS_TechMap-Postmap Clock Gating
--------------------+---------------------+--------------+--------------------+-----------+----------------------
 00:01:45(00:02:35) |  00:00:00(00:00:00) |   2.1(  0.0) |   16:20:23 (Aug20) |   1.35 GB | PBS_TechMap-Postmap Cleanup
--------------------+---------------------+--------------+--------------------+-----------+----------------------
 00:01:45(00:02:36) |  00:00:00(00:00:01) |   0.0(  1.8) |   16:20:24 (Aug20) |   1.35 GB | PBS_Techmap-Post_MBCI
--------------------+---------------------+--------------+--------------------+-----------+----------------------
Number of threads: 8 * 1   (id: pbs_debug, time_info v1.57)
Info: (*N*) indicates data that was populated from previously saved time_info database
Info: CPU time includes time of parent + longest thread
##>=================== Cadence Confidential (Mapping-Logical) ===================
##>Main Thread Summary:
##>----------------------------------------------------------------------------------------
##>STEP                           Elapsed       WNS       TNS     Insts      Area    Memory
##>----------------------------------------------------------------------------------------
##>M:Initial                            0         -         -       313      4077      1350
##>M:Early Clock Gating                 0         -         -         -         -         -
##>M:Pre Cleanup                        0         -         -       313      4077      1350
##>M:Setup                              0         -         -         -         -         -
##>M:Launch ST                          0         -         -         -         -         -
##>M:Design Partition                   0         -         -         -         -         -
##>M:Create Partition Netlists          0         -         -         -         -         -
##>M:Init Power                         0         -         -         -         -         -
##>M:Budgeting                          0         -         -         -         -         -
##>M:Derenv-DB                          0         -         -         -         -         -
##>M:Debug Outputs                      0         -         -         -         -         -
##>M:ST loading                         0         -         -         -         -         -
##>M:Distributed                        0         -         -         -         -         -
##>M:Timer                              0         -         -         -         -         -
##>M:Assembly                           0         -         -         -         -         -
##>M:DFT                                0         -         -         -         -         -
##>M:DP Operations                      4         -         -        78      1944      1352
##>M:Const Prop                         0         -         0        78      1944      1352
##>M:Cleanup                            0         -         0        78      1944      1352
##>M:MBCI                               1         -         -        78      1944      1349
##>M:PostGen Opt                        0         -         -         -         -         -
##>M:Const Gate Removal                 0         -         -         -         -         -
##>M:Early Clock Gating Cleanup         0         -         -         -         -         -
##>M:Misc                              11
##>----------------------------------------------------------------------------------------
##>Total Elapsed                       16
##>========================================================================================
Info    : Done mapping. [SYNTH-5]
        : Done mapping 'fca2005'.
      flow.cputime  flow.realtime  timing.setup.tns  timing.setup.wns  snapshot
UM:*                                                                   syn_map
@file(logic_synt.tcl) 38: switch $design {
   "trio_counter4buf" {
    }
    default {
      syn_opt
    }
}
Warning : The selected flow setting will be removed in a future release. [SYNTH-33]
        : The use of 'syn_opt' for logical only optimization will be obsolete in a future release.
	Transition to 'syn_opt -logical' or 'syn_opt -spatial'.

        : Contact Cadence support to understand current flows.
Info    : Incrementally optimizing. [SYNTH-7]
        : Incrementally optimizing 'fca2005' using 'high' effort.
 
Incremental optimization status
===============================
                                    Worst     Total - - - - DRC Totals - - - -
                           Total  Weighted     Neg      Max       Max     Max  
Operation                   Area  Neg Slk     Slack    Trans      Cap   Fanout 
 init_iopt                  2063        0         0         0        0        0
-------------------------------------------------------------------------------
 const_prop                 2063        0         0         0        0        0
-------------------------------------------------------------------------------
 hi_fo_buf                  2063        0         0         0        0        0

           Trick     Calls     Accepts   Attempts    Time(secs) 
-----------------------------------------------------------
       hi_fo_buf         0  (        0 /        0 )  0.00

 
Incremental optimization status
===============================
                                    Worst     Total - - - - DRC Totals - - - -
                           Total  Weighted     Neg      Max       Max     Max  
Operation                   Area  Neg Slk     Slack    Trans      Cap   Fanout 
 init_delay                 2063        0         0         0        0        0

           Trick     Calls     Accepts   Attempts    Time(secs) 
-----------------------------------------------------------
        crit_msz         0  (        0 /        0 )  0.00
       crit_upsz         0  (        0 /        0 )  0.00
       crit_slew         0  (        0 /        0 )  0.00
        setup_dn         0  (        0 /        0 )  0.00
    plc_bal_star         0  (        0 /        0 )  0.00
     drc_buftimb         0  (        0 /        0 )  0.00
          plc_st         0  (        0 /        0 )  0.00
    plc_st_fence         0  (        0 /        0 )  0.00
        plc_star         0  (        0 /        0 )  0.00
      plc_laf_st         0  (        0 /        0 )  0.00
 plc_laf_st_fence         0  (        0 /        0 )  0.00
     drc_buftims         0  (        0 /        0 )  0.00
   plc_laf_lo_st         0  (        0 /        0 )  0.00
       plc_lo_st         0  (        0 /        0 )  0.00
            fopt         0  (        0 /        0 )  0.00
       crit_swap         0  (        0 /        0 )  0.00
       mux2_swap         0  (        0 /        0 )  0.00
       crit_dnsz         0  (        0 /        0 )  0.00
       load_swap         0  (        0 /        0 )  0.00
            fopt         0  (        0 /        0 )  0.00
        setup_dn         0  (        0 /        0 )  0.00
       load_isol         0  (        0 /        0 )  0.00
       load_isol         0  (        0 /        0 )  0.00
        move_for         0  (        0 /        0 )  0.00
        move_for         0  (        0 /        0 )  0.00
          rem_bi         0  (        0 /        0 )  0.00
         offload         0  (        0 /        0 )  0.00
          rem_bi         0  (        0 /        0 )  0.00
         offload         0  (        0 /        0 )  0.00
           phase         0  (        0 /        0 )  0.00
        in_phase         0  (        0 /        0 )  0.00
       merge_bit         0  (        0 /        0 )  0.00
     merge_idrvr         0  (        0 /        0 )  0.00
     merge_iload         0  (        0 /        0 )  0.00
    merge_idload         0  (        0 /        0 )  0.00
      merge_drvr         0  (        0 /        0 )  0.00
      merge_load         0  (        0 /        0 )  0.00
          decomp         0  (        0 /        0 )  0.00
        p_decomp         0  (        0 /        0 )  0.00
        levelize         0  (        0 /        0 )  0.00
        mb_split         0  (        0 /        0 )  0.00
             dup         0  (        0 /        0 )  0.00
      mux_retime         0  (        0 /        0 )  0.00
         buf2inv         0  (        0 /        0 )  0.00
             exp         0  (        0 /        0 )  0.00
       gate_deco         0  (        0 /        0 )  0.00
       gcomp_tim         0  (        0 /        0 )  0.00
  inv_pair_2_buf         0  (        0 /        0 )  0.00


           Trick     Calls     Accepts   Attempts    Time(secs) 
-----------------------------------------------------------
         crr_220         0  (        0 /        0 )  0.00
        crr_glob         0  (        0 /        0 )  0.00
         crr_200         0  (        0 /        0 )  0.00
        crr_glob         0  (        0 /        0 )  0.00
         crr_300         0  (        0 /        0 )  0.00
        crr_glob         0  (        0 /        0 )  0.00
         crr_400         0  (        0 /        0 )  0.00
        crr_glob         0  (        0 /        0 )  0.00
         crr_111         0  (        0 /        0 )  0.00
        crr_glob         0  (        0 /        0 )  0.00
         crr_210         0  (        0 /        0 )  0.00
        crr_glob         0  (        0 /        0 )  0.00
         crr_110         0  (        0 /        0 )  0.00
        crr_glob         0  (        0 /        0 )  0.00
         crr_101         0  (        0 /        0 )  0.00
        crr_glob         0  (        0 /        0 )  0.00
         crr_201         0  (        0 /        0 )  0.00
        crr_glob         0  (        0 /        0 )  0.00
         crr_211         0  (        0 /        0 )  0.00
        crr_glob         0  (        0 /        0 )  0.00
        crit_msz         0  (        0 /        0 )  0.00
       crit_upsz         0  (        0 /        0 )  0.00
       crit_slew         0  (        0 /        0 )  0.00
        setup_dn         0  (        0 /        0 )  0.00
    plc_bal_star         0  (        0 /        0 )  0.00
     drc_buftimb         0  (        0 /        0 )  0.00
          plc_st         0  (        0 /        0 )  0.00
    plc_st_fence         0  (        0 /        0 )  0.00
        plc_star         0  (        0 /        0 )  0.00
      plc_laf_st         0  (        0 /        0 )  0.00
 plc_laf_st_fence         0  (        0 /        0 )  0.00
     drc_buftims         0  (        0 /        0 )  0.00
       plc_lo_st         0  (        0 /        0 )  0.00
            fopt         0  (        0 /        0 )  0.00
       crit_swap         0  (        0 /        0 )  0.00
       mux2_swap         0  (        0 /        0 )  0.00
       crit_dnsz         0  (        0 /        0 )  0.00
       load_swap         0  (        0 /        0 )  0.00
            fopt         0  (        0 /        0 )  0.00
        setup_dn         0  (        0 /        0 )  0.00
       load_isol         0  (        0 /        0 )  0.00
       load_isol         0  (        0 /        0 )  0.00
        move_for         0  (        0 /        0 )  0.00
        move_for         0  (        0 /        0 )  0.00
          rem_bi         0  (        0 /        0 )  0.00
         offload         0  (        0 /        0 )  0.00
          rem_bi         0  (        0 /        0 )  0.00
         offload         0  (        0 /        0 )  0.00
       merge_bit         0  (        0 /        0 )  0.00
     merge_idrvr         0  (        0 /        0 )  0.00
     merge_iload         0  (        0 /        0 )  0.00
    merge_idload         0  (        0 /        0 )  0.00
      merge_drvr         0  (        0 /        0 )  0.00
      merge_load         0  (        0 /        0 )  0.00
           phase         0  (        0 /        0 )  0.00
          decomp         0  (        0 /        0 )  0.00
        p_decomp         0  (        0 /        0 )  0.00
        levelize         0  (        0 /        0 )  0.00
        mb_split         0  (        0 /        0 )  0.00
        in_phase         0  (        0 /        0 )  0.00
             dup         0  (        0 /        0 )  0.00
      mux_retime         0  (        0 /        0 )  0.00
         buf2inv         0  (        0 /        0 )  0.00
             exp         0  (        0 /        0 )  0.00
       gate_deco         0  (        0 /        0 )  0.00
       gcomp_tim         0  (        0 /        0 )  0.00
  inv_pair_2_buf         0  (        0 /        0 )  0.00
 init_drc                   2063        0         0         0        0        0

           Trick     Calls     Accepts   Attempts    Time(secs) 
-----------------------------------------------------------
          plc_st         0  (        0 /        0 )  0.00
        plc_star         0  (        0 /        0 )  0.00
        drc_bufs         0  (        0 /        0 )  0.00
        drc_fopt         0  (        0 /        0 )  0.00
        drc_bufb         0  (        0 /        0 )  0.00
      simple_buf         0  (        0 /        0 )  0.00
             dup         0  (        0 /        0 )  0.00
       crit_dnsz         0  (        0 /        0 )  0.00
       crit_upsz         0  (        0 /        0 )  0.00
       crit_slew         0  (        0 /        0 )  0.00


           Trick     Calls     Accepts   Attempts    Time(secs) 
-----------------------------------------------------------
          plc_st         0  (        0 /        0 )  0.00
        plc_star         0  (        0 /        0 )  0.00
      drc_buf_sp         0  (        0 /        0 )  0.00
        drc_bufs         0  (        0 /        0 )  0.00
        drc_fopt         0  (        0 /        0 )  0.00
        drc_bufb         0  (        0 /        0 )  0.00
      simple_buf         0  (        0 /        0 )  0.00
             dup         0  (        0 /        0 )  0.00
       crit_dnsz         0  (        0 /        0 )  0.00
       crit_upsz         0  (        0 /        0 )  0.00


           Trick     Calls     Accepts   Attempts    Time(secs) 
-----------------------------------------------------------
          plc_st         0  (        0 /        0 )  0.00
        plc_star         0  (        0 /        0 )  0.00
      drc_buf_sp         0  (        0 /        0 )  0.00
        drc_bufs         0  (        0 /        0 )  0.00
        drc_fopt         0  (        0 /        0 )  0.00
        drc_bufb         0  (        0 /        0 )  0.00
             dup         0  (        0 /        0 )  0.00
       crit_dnsz         0  (        0 /        0 )  0.00
       crit_upsz         0  (        0 /        0 )  0.00

 init_tns                   2063        0         0         0        0        0

           Trick     Calls     Accepts   Attempts    Time(secs) 
-----------------------------------------------------------
            fopt         0  (        0 /        0 )  0.00
    plc_bal_star         0  (        0 /        0 )  0.00
     drc_buftimb         0  (        0 /        0 )  0.00
     drc_buftims         0  (        0 /        0 )  0.00
        crit_msz         0  (        0 /        0 )  0.00
       crit_upsz         0  (        0 /        0 )  0.00
   plc_laf_lo_st         0  (        0 /        0 )  0.00
       plc_lo_st         0  (        0 /        0 )  0.00
       crit_swap         0  (        0 /        0 )  0.00
       mux2_swap         0  (        0 /        0 )  0.00
       crit_dnsz         0  (        0 /        0 )  0.00
       load_swap         0  (        0 /        0 )  0.00
            fopt         0  (        0 /        0 )  0.00
        setup_dn         0  (        0 /        0 )  0.00
       load_isol         0  (        0 /        0 )  0.00
       load_isol         0  (        0 /        0 )  0.00
        move_for         0  (        0 /        0 )  0.00
        move_for         0  (        0 /        0 )  0.00
          rem_bi         0  (        0 /        0 )  0.00
         offload         0  (        0 /        0 )  0.00
          rem_bi         0  (        0 /        0 )  0.00
         offload         0  (        0 /        0 )  0.00
       merge_bit         0  (        0 /        0 )  0.00
     merge_idrvr         0  (        0 /        0 )  0.00
     merge_iload         0  (        0 /        0 )  0.00
    merge_idload         0  (        0 /        0 )  0.00
      merge_drvr         0  (        0 /        0 )  0.00
      merge_load         0  (        0 /        0 )  0.00
           phase         0  (        0 /        0 )  0.00
          decomp         0  (        0 /        0 )  0.00
        p_decomp         0  (        0 /        0 )  0.00
        levelize         0  (        0 /        0 )  0.00
        mb_split         0  (        0 /        0 )  0.00
             dup         0  (        0 /        0 )  0.00
      mux_retime         0  (        0 /        0 )  0.00
       crr_local         0  (        0 /        0 )  0.00
         buf2inv         0  (        0 /        0 )  0.00

 init_area                  2063        0         0         0        0        0
 io_phase                   2058        0         0         0        0        0
 glob_area                  2053        0         0         0        0        0
 area_down                  2053        0         0         0        0        0

           Trick     Calls     Accepts   Attempts    Time(secs) 
-----------------------------------------------------------
           undup         0  (        0 /        0 )  0.00
         rem_buf         0  (        0 /        0 )  0.00
         rem_inv         0  (        0 /        0 )  0.00
        merge_bi         0  (        0 /        0 )  0.00
      rem_inv_qb         0  (        0 /        0 )  0.00
    seq_res_area         0  (        0 /        0 )  0.00
        io_phase         1  (        1 /        1 )  0.01
       gate_comp         0  (        0 /        0 )  0.01
       gcomp_mog         0  (        0 /        0 )  0.01
       glob_area        22  (        2 /       22 )  0.01
       area_down         1  (        1 /        1 )  0.01
      size_n_buf         0  (        0 /        0 )  0.00
  gate_deco_area         0  (        0 /        0 )  0.00
         rem_buf         0  (        0 /        0 )  0.00
         rem_inv         0  (        0 /        0 )  0.00
        merge_bi         0  (        0 /        0 )  0.00
      rem_inv_qb         0  (        0 /        0 )  0.00

 
Incremental optimization status
===============================
                                    Worst     Total - - - - DRC Totals - - - -
                           Total  Weighted     Neg      Max       Max     Max  
Operation                   Area  Neg Slk     Slack    Trans      Cap   Fanout 
 init_delay                 2053        0         0         0        0        0

           Trick     Calls     Accepts   Attempts    Time(secs) 
-----------------------------------------------------------
         crr_220         0  (        0 /        0 )  0.00
        crr_glob         0  (        0 /        0 )  0.00
         crr_200         0  (        0 /        0 )  0.00
        crr_glob         0  (        0 /        0 )  0.00
         crr_300         0  (        0 /        0 )  0.00
        crr_glob         0  (        0 /        0 )  0.00
         crr_400         0  (        0 /        0 )  0.00
        crr_glob         0  (        0 /        0 )  0.00
         crr_111         0  (        0 /        0 )  0.00
        crr_glob         0  (        0 /        0 )  0.00
         crr_210         0  (        0 /        0 )  0.00
        crr_glob         0  (        0 /        0 )  0.00
         crr_110         0  (        0 /        0 )  0.00
        crr_glob         0  (        0 /        0 )  0.00
         crr_101         0  (        0 /        0 )  0.00
        crr_glob         0  (        0 /        0 )  0.00
         crr_201         0  (        0 /        0 )  0.00
        crr_glob         0  (        0 /        0 )  0.00
         crr_211         0  (        0 /        0 )  0.00
        crr_glob         0  (        0 /        0 )  0.00
        crit_msz         0  (        0 /        0 )  0.00
       crit_upsz         0  (        0 /        0 )  0.00
       crit_slew         0  (        0 /        0 )  0.00
        setup_dn         0  (        0 /        0 )  0.00
    plc_bal_star         0  (        0 /        0 )  0.00
     drc_buftimb         0  (        0 /        0 )  0.00
          plc_st         0  (        0 /        0 )  0.00
    plc_st_fence         0  (        0 /        0 )  0.00
        plc_star         0  (        0 /        0 )  0.00
      plc_laf_st         0  (        0 /        0 )  0.00
 plc_laf_st_fence         0  (        0 /        0 )  0.00
     drc_buftims         0  (        0 /        0 )  0.00
       plc_lo_st         0  (        0 /        0 )  0.00
            fopt         0  (        0 /        0 )  0.00
       crit_swap         0  (        0 /        0 )  0.00
       mux2_swap         0  (        0 /        0 )  0.00
       crit_dnsz         0  (        0 /        0 )  0.00
       load_swap         0  (        0 /        0 )  0.00
            fopt         0  (        0 /        0 )  0.00
        setup_dn         0  (        0 /        0 )  0.00
       load_isol         0  (        0 /        0 )  0.00
       load_isol         0  (        0 /        0 )  0.00
        move_for         0  (        0 /        0 )  0.00
        move_for         0  (        0 /        0 )  0.00
          rem_bi         0  (        0 /        0 )  0.00
         offload         0  (        0 /        0 )  0.00
          rem_bi         0  (        0 /        0 )  0.00
         offload         0  (        0 /        0 )  0.00
       merge_bit         0  (        0 /        0 )  0.00
     merge_idrvr         0  (        0 /        0 )  0.00
     merge_iload         0  (        0 /        0 )  0.00
    merge_idload         0  (        0 /        0 )  0.00
      merge_drvr         0  (        0 /        0 )  0.00
      merge_load         0  (        0 /        0 )  0.00
           phase         0  (        0 /        0 )  0.00
          decomp         0  (        0 /        0 )  0.00
        p_decomp         0  (        0 /        0 )  0.00
        levelize         0  (        0 /        0 )  0.00
        mb_split         0  (        0 /        0 )  0.00
        in_phase         0  (        0 /        0 )  0.00
             dup         0  (        0 /        0 )  0.00
      mux_retime         0  (        0 /        0 )  0.00
         buf2inv         0  (        0 /        0 )  0.00
             exp         0  (        0 /        0 )  0.00
       gate_deco         0  (        0 /        0 )  0.00
       gcomp_tim         0  (        0 /        0 )  0.00
  inv_pair_2_buf         0  (        0 /        0 )  0.00
 init_drc                   2053        0         0         0        0        0

           Trick     Calls     Accepts   Attempts    Time(secs) 
-----------------------------------------------------------
          plc_st         0  (        0 /        0 )  0.00
        plc_star         0  (        0 /        0 )  0.00
        drc_bufs         0  (        0 /        0 )  0.00
        drc_fopt         0  (        0 /        0 )  0.00
        drc_bufb         0  (        0 /        0 )  0.00
      simple_buf         0  (        0 /        0 )  0.00
             dup         0  (        0 /        0 )  0.00
       crit_dnsz         0  (        0 /        0 )  0.00
       crit_upsz         0  (        0 /        0 )  0.00
       crit_slew         0  (        0 /        0 )  0.00


           Trick     Calls     Accepts   Attempts    Time(secs) 
-----------------------------------------------------------
          plc_st         0  (        0 /        0 )  0.00
        plc_star         0  (        0 /        0 )  0.00
        drc_bufs         0  (        0 /        0 )  0.00
        drc_fopt         0  (        0 /        0 )  0.00
        drc_bufb         0  (        0 /        0 )  0.00
      simple_buf         0  (        0 /        0 )  0.00
             dup         0  (        0 /        0 )  0.00
       crit_dnsz         0  (        0 /        0 )  0.00
       crit_upsz         0  (        0 /        0 )  0.00


           Trick     Calls     Accepts   Attempts    Time(secs) 
-----------------------------------------------------------
          plc_st         0  (        0 /        0 )  0.00
        plc_star         0  (        0 /        0 )  0.00
        drc_bufs         0  (        0 /        0 )  0.00
        drc_fopt         0  (        0 /        0 )  0.00
        drc_bufb         0  (        0 /        0 )  0.00
             dup         0  (        0 /        0 )  0.00
       crit_dnsz         0  (        0 /        0 )  0.00
       crit_upsz         0  (        0 /        0 )  0.00

 init_tns                   2053        0         0         0        0        0

           Trick     Calls     Accepts   Attempts    Time(secs) 
-----------------------------------------------------------
            fopt         0  (        0 /        0 )  0.00
    plc_bal_star         0  (        0 /        0 )  0.00
     drc_buftimb         0  (        0 /        0 )  0.00
     drc_buftims         0  (        0 /        0 )  0.00
        crit_msz         0  (        0 /        0 )  0.00
       crit_upsz         0  (        0 /        0 )  0.00
   plc_laf_lo_st         0  (        0 /        0 )  0.00
       plc_lo_st         0  (        0 /        0 )  0.00
       crit_swap         0  (        0 /        0 )  0.00
       mux2_swap         0  (        0 /        0 )  0.00
       crit_dnsz         0  (        0 /        0 )  0.00
       load_swap         0  (        0 /        0 )  0.00
            fopt         0  (        0 /        0 )  0.00
        setup_dn         0  (        0 /        0 )  0.00
       load_isol         0  (        0 /        0 )  0.00
       load_isol         0  (        0 /        0 )  0.00
        move_for         0  (        0 /        0 )  0.00
        move_for         0  (        0 /        0 )  0.00
          rem_bi         0  (        0 /        0 )  0.00
         offload         0  (        0 /        0 )  0.00
          rem_bi         0  (        0 /        0 )  0.00
         offload         0  (        0 /        0 )  0.00
       merge_bit         0  (        0 /        0 )  0.00
     merge_idrvr         0  (        0 /        0 )  0.00
     merge_iload         0  (        0 /        0 )  0.00
    merge_idload         0  (        0 /        0 )  0.00
      merge_drvr         0  (        0 /        0 )  0.00
      merge_load         0  (        0 /        0 )  0.00
           phase         0  (        0 /        0 )  0.00
          decomp         0  (        0 /        0 )  0.00
        p_decomp         0  (        0 /        0 )  0.00
        levelize         0  (        0 /        0 )  0.00
        mb_split         0  (        0 /        0 )  0.00
             dup         0  (        0 /        0 )  0.00
      mux_retime         0  (        0 /        0 )  0.00
       crr_local         0  (        0 /        0 )  0.00
         buf2inv         0  (        0 /        0 )  0.00

 init_area                  2053        0         0         0        0        0

           Trick     Calls     Accepts   Attempts    Time(secs) 
-----------------------------------------------------------
           undup         0  (        0 /        0 )  0.00
         rem_buf         0  (        0 /        0 )  0.00
         rem_inv         0  (        0 /        0 )  0.00
        merge_bi         0  (        0 /        0 )  0.00
      rem_inv_qb         0  (        0 /        0 )  0.00
        io_phase         0  (        0 /        0 )  0.00
       gate_comp         0  (        0 /        0 )  0.00
       gcomp_mog         0  (        0 /        0 )  0.00
       glob_area        21  (        0 /       21 )  0.00
       area_down         0  (        0 /        0 )  0.00
      size_n_buf         0  (        0 /        0 )  0.00
  gate_deco_area         0  (        0 /        0 )  0.00

 
Incremental optimization status
===============================
                                    Worst     Total - - - - DRC Totals - - - -
                           Total  Weighted     Neg      Max       Max     Max  
Operation                   Area  Neg Slk     Slack    Trans      Cap   Fanout 
 init_delay                 2053        0         0         0        0        0

           Trick     Calls     Accepts   Attempts    Time(secs) 
-----------------------------------------------------------
        crit_msz         0  (        0 /        0 )  0.00
       crit_upsz         0  (        0 /        0 )  0.00
       crit_slew         0  (        0 /        0 )  0.00
        setup_dn         0  (        0 /        0 )  0.00
    plc_bal_star         0  (        0 /        0 )  0.00
     drc_buftimb         0  (        0 /        0 )  0.00
          plc_st         0  (        0 /        0 )  0.00
    plc_st_fence         0  (        0 /        0 )  0.00
        plc_star         0  (        0 /        0 )  0.00
      plc_laf_st         0  (        0 /        0 )  0.00
 plc_laf_st_fence         0  (        0 /        0 )  0.00
     drc_buftims         0  (        0 /        0 )  0.00
   plc_laf_lo_st         0  (        0 /        0 )  0.00
       plc_lo_st         0  (        0 /        0 )  0.00
            fopt         0  (        0 /        0 )  0.00
       crit_swap         0  (        0 /        0 )  0.00
       mux2_swap         0  (        0 /        0 )  0.00
       crit_dnsz         0  (        0 /        0 )  0.00
       load_swap         0  (        0 /        0 )  0.00
            fopt         0  (        0 /        0 )  0.00
        setup_dn         0  (        0 /        0 )  0.00
       load_isol         0  (        0 /        0 )  0.00
       load_isol         0  (        0 /        0 )  0.00
        move_for         0  (        0 /        0 )  0.00
        move_for         0  (        0 /        0 )  0.00
          rem_bi         0  (        0 /        0 )  0.00
         offload         0  (        0 /        0 )  0.00
          rem_bi         0  (        0 /        0 )  0.00
         offload         0  (        0 /        0 )  0.00
           phase         0  (        0 /        0 )  0.00
        in_phase         0  (        0 /        0 )  0.00
       merge_bit         0  (        0 /        0 )  0.00
     merge_idrvr         0  (        0 /        0 )  0.00
     merge_iload         0  (        0 /        0 )  0.00
    merge_idload         0  (        0 /        0 )  0.00
      merge_drvr         0  (        0 /        0 )  0.00
      merge_load         0  (        0 /        0 )  0.00
          decomp         0  (        0 /        0 )  0.00
        p_decomp         0  (        0 /        0 )  0.00
        levelize         0  (        0 /        0 )  0.00
        mb_split         0  (        0 /        0 )  0.00
             dup         0  (        0 /        0 )  0.00
      mux_retime         0  (        0 /        0 )  0.00
         buf2inv         0  (        0 /        0 )  0.00
             exp         0  (        0 /        0 )  0.00
       gate_deco         0  (        0 /        0 )  0.00
       gcomp_tim         0  (        0 /        0 )  0.00
  inv_pair_2_buf         0  (        0 /        0 )  0.00

 init_drc                   2053        0         0         0        0        0

           Trick     Calls     Accepts   Attempts    Time(secs) 
-----------------------------------------------------------
          plc_st         0  (        0 /        0 )  0.00
        plc_star         0  (        0 /        0 )  0.00
        drc_bufs         0  (        0 /        0 )  0.00
        drc_fopt         0  (        0 /        0 )  0.00
        drc_bufb         0  (        0 /        0 )  0.00
      simple_buf         0  (        0 /        0 )  0.00
             dup         0  (        0 /        0 )  0.00
       crit_dnsz         0  (        0 /        0 )  0.00
       crit_upsz         0  (        0 /        0 )  0.00
       crit_slew         0  (        0 /        0 )  0.00


           Trick     Calls     Accepts   Attempts    Time(secs) 
-----------------------------------------------------------
          plc_st         0  (        0 /        0 )  0.00
        plc_star         0  (        0 /        0 )  0.00
        drc_bufs         0  (        0 /        0 )  0.00
        drc_fopt         0  (        0 /        0 )  0.00
        drc_bufb         0  (        0 /        0 )  0.00
      simple_buf         0  (        0 /        0 )  0.00
             dup         0  (        0 /        0 )  0.00
       crit_dnsz         0  (        0 /        0 )  0.00
       crit_upsz         0  (        0 /        0 )  0.00


           Trick     Calls     Accepts   Attempts    Time(secs) 
-----------------------------------------------------------
          plc_st         0  (        0 /        0 )  0.00
        plc_star         0  (        0 /        0 )  0.00
        drc_bufs         0  (        0 /        0 )  0.00
        drc_fopt         0  (        0 /        0 )  0.00
        drc_bufb         0  (        0 /        0 )  0.00
             dup         0  (        0 /        0 )  0.00
       crit_dnsz         0  (        0 /        0 )  0.00
       crit_upsz         0  (        0 /        0 )  0.00

==================================
Stage : incr_opt 
==================================
  =================
   Message Summary
  =================
---------------------------------------------------------------------------------------
|   Id   |  Sev  |Count|                         Message Text                         |
---------------------------------------------------------------------------------------
|CFM-1   |Info   |    1|Wrote dofile.                                                 |
|CFM-5   |Info   |    1|Wrote formal verification information.                        |
|CFM-212 |Info   |    1|Forcing flat compare.                                         |
|PA-7    |Info   |    4|Resetting power analysis results.                             |
|        |       |     |All computed switching activities are removed.                |
|SYNTH-5 |Info   |    1|Done mapping.                                                 |
|SYNTH-7 |Info   |    1|Incrementally optimizing.                                     |
|SYNTH-33|Warning|    1|The selected flow setting will be removed in a future release.|
|        |       |     |Contact Cadence support to understand current flows.          |
---------------------------------------------------------------------------------------
Info    : Done incrementally optimizing. [SYNTH-8]
        : Done incrementally optimizing 'fca2005'.
      flow.cputime  flow.realtime  timing.setup.tns  timing.setup.wns  snapshot
UM:*                                                                   syn_opt
@file(logic_synt.tcl) 46: set_db timing_analysis_precision_ps 1
  Setting attribute of root '/': 'timing_analysis_precision_ps' = 1.0
@file(logic_synt.tcl) 48: report_area >> ${syn_folder}/reports/${design}_area.txt
@file(logic_synt.tcl) 49: report_gates >> ${syn_folder}/reports/${design}_gates.txt
ENABLED NEW REPORT GATE CMD




@file(logic_synt.tcl) 50: report_power -unit uW >> ${syn_folder}/reports/${design}_power.txt
Warning: Library 'D_CELLS_HD_LPMOS_slow_1_62V_85C' found in multiple domains.
Info: Use -domain to uniquify.
Info: Selecting library 'D_CELLS_HD_LPMOS_slow_1_62V_85C' in domain '-1'
Info    : Joules engine is used. [RPT-16]
        : Joules engine is being used for the command report_power.
Info   : ACTP-0001 [ACTPInfo] Activity propagation started for stim#0 netlist
       : fca2005
Info   : ACTP-0009 [ACTPInfo] Activity Propagation Progress Report :   0%   1%   2%   3%   4%   5%   6%   7%   8%   9%  10%  11%  12%  13%  14%  15%  16%  17%  18%  19%  20%  21%  22%  23%  24%  25%  26%  27%  28%  29%  30%  31%  32%  33%  34%  35%  36%  37%  38%  39%  40%  41%  42%  43%  44%  45%  46%  47%  48%  49%  50%  51%  52%  53%  54%  55%  56%  57%  58%  59%  60%  61%  62%  63%  64%  65%  66%  67%  68%  69%  70%  71%  72%  73%  74%  75%  76%  77%  78%  79%  80%  81%  82%  83%  84%  85%  86%  87%  88%  89%  90%  91%  92%  93%  94%  95%  96%  97%  98%  99% 100%
Info   : ACTP-0001 Activity propagation ended for stim#0
Info   : PWRA-0001 [PwrInfo] compute_power effective options 
       : -mode : vectorless
       : -skip_propagation : 1
       : -use_clock_freq : stim
       : -fromGenus : 1
Info   : ACTP-0001 Timing initialization started
Info   : ACTP-0001 Timing initialization ended
Info   : PWRA-0002 [PwrInfo] Skipping activity propagation due to -skip_ap
       : option....
Info   : PWRA-0002 Started 'vectorless' power computation.
Info   : PWRA-0002 Finished power computation.
Info   : PWRA-0007 [PwrInfo] Completed successfully.
       : Info=6, Warn=0, Error=0, Fatal=0
Output file: /home/edu4chip_18/project_calendar/synthesis/fca2005_XH180/reports/fca2005_power.txt
@file(logic_synt.tcl) 51: report_timing -unconstrained >> ${syn_folder}/reports/${design}_timeu.txt
@file(logic_synt.tcl) 52: report_timing >> ${syn_folder}/reports/${design}_time.txt
@file(logic_synt.tcl) 53: write_hdl ${design} > ${syn_folder}/${design}.v
@file(logic_synt.tcl) 54: write_sdf -edge check_edge -setuphold merge_always -nonegchecks -recrem split -version 3.0 -design ${design} > ${syn_folder}/${design}.sdf
@file(logic_synt.tcl) 55: write_sdc ${design} > ${syn_folder}/${design}.sdc
Finished SDC export (command execution time mm:ss (real) = 00:01).
@file(logic_synt.tcl) 58: write_db ${syn_folder}/checkpoint/${design}.enc
Finished exporting design database to file '/home/edu4chip_18/project_calendar/synthesis/fca2005_XH180/checkpoint/fca2005.enc' for 'fca2005' (command execution time mm:ss cpu = 00:00, real = 00:00).
@file(logic_synt.tcl) 60: gui_sv_load ${design}
@file(logic_synt.tcl) 62: gui_snapshot_sv -png ${design} -overwrite
Error   : A required object parameter could not be found. [TUI-61] [::legacy::get_attr]
        : An object of type 'rtl_port|rtl_instance|rtl_block|rtl_module|hdl_implementation|hdl_bind|hdl_parameter|hdl_pin|hdl_subprogram|hdl_label|hdl_inst|hdl_procedure|hdl_block|hdl_component|hdl_operator|hdl_package|hdl_architecture|hdl_configuration|hdl_lib|cell_model|cell|test_bus_interface|test_bus_port|osc_source_reference|opcg_mode|opcg_domain|domain_macro_parameter|opcg_trigger|osc_source|dft_configuration_mode|jtag_instruction|jtag_instruction_register|jtag_macro|boundary_scan_segment|tap_port|jtag_port|test_signal|formal_verification_constraint|mbist_clock|mbist_clock_domain|pmbist_port|programmable_direct_access_function|memory_spare_column_map_data|memory_spare_column_map_address|memory_spare_column_map|memory_spare_column|memory_spare_row_map_address|memory_spare_row|memory_data_bit_structure|memory_bank_structure|address_partition|write_mask_bit|memory_lib_pin_access|memory_lib_pin_action|memory_lib_pin_test|memory_lib_pin_alias|memory_lib_cell|memory_library_domain|fuse_cell|fuse_cell_domain|test_clock|test_clock_domain|scan_segment|scan_chain|actual_scan_segment|actual_scan_chain|violation|timing_bin_path|timing_bin|arc|timing_point|timing_path|sdp_instance|sdp_column|sdp_row|sdp_group|flow_step|flow|command_option|command|level_shifter_rule|isolation_rule|macro_isolation_rule|macro_power_domain|macro_model|repeater_rule|state_retention_rule|power_mode|power_domain|nominal_condition|power_intent_command_id|power_intent_command|power_model|power_scope|congestion_box|route_type|pdomain|route_rule|blackbox|fpobject|pinstance|cluster|def_pin|pnet|specialnet|style|fill|slot|track_pattern|row|region|bump|pcell|group|extraction_grid|gcell_grid|gcell|route_blockage|place_blockage|blockage|layer|site|via|exception|cost_group|external_delay|clock|clock_domain|delay_corner|constraint_mode|analysis_view|mode|hport_bus|port_bus|constant|pin_bus|hpin_bus|pg_pin|hpin|pin|hport|port|pg_hport|pg_port|pg_hnet|pg_net|net|hnet|inst|hinst|module|design|level_shifter_group|library_domain|virtual_techelt|timing_condition|rc_corner|opcond|library_set|base_cell_set|operating_condition|wireload_selection|wireload|lib_arc|pg_lib_pin|lib_pin|seq_function|lwlib_cell|lib_cell|lwlibrary|library|pg_base_pin|base_pin|base_cell|message|message_group|attribute|obj_type|root' named 'iopt_partition' could not be found.

Usage: ::legacy::get_attr <string>
           [<rtl_port|rtl_instance|rtl_block|rtl_module|hdl_implementation|hdl_bind|hdl_parameter|hdl_pin|hdl_subprogram|hdl_label|hdl_inst|hdl_procedure|hdl_block|hdl_component|hdl_operator|hdl_package|hdl_architecture|hdl_configuration|hdl_lib|cell_model|cell|test_bus_interface|test_bus_port|osc_source_reference|opcg_mode|opcg_domain|domain_macro_parameter|opcg_trigger|osc_source|dft_configuration_mode|jtag_instruction|jtag_instruction_register|jtag_macro|boundary_scan_segment|tap_port|jtag_port|test_signal|formal_verification_constraint|mbist_clock|mbist_clock_domain|pmbist_port|programmable_direct_access_function|memory_spare_column_map_data|memory_spare_column_map_address|memory_spare_column_map|memory_spare_column|memory_spare_row_map_address|memory_spare_row|memory_data_bit_structure|memory_bank_structure|address_partition|write_mask_bit|memory_lib_pin_access|memory_lib_pin_action|memory_lib_pin_test|memory_lib_pin_alias|memory_lib_cell|memory_library_domain|fuse_cell|fuse_cell_domain|test_clock|test_clock_domain|scan_segment|scan_chain|actual_scan_segment|actual_scan_chain|violation|timing_bin_path|timing_bin|arc|timing_point|timing_path|sdp_instance|sdp_column|sdp_row|sdp_group|flow_step|flow|command_option|command|level_shifter_rule|isolation_rule|macro_isolation_rule|macro_power_domain|macro_model|repeater_rule|state_retention_rule|power_mode|power_domain|nominal_condition|power_intent_command_id|power_intent_command|power_model|power_scope|congestion_box|route_type|pdomain|route_rule|blackbox|fpobject|pinstance|cluster|def_pin|pnet|specialnet|style|fill|slot|track_pattern|row|region|bump|pcell|group|extraction_grid|gcell_grid|gcell|route_blockage|place_blockage|blockage|layer|site|via|exception|cost_group|external_delay|clock|clock_domain|delay_corner|constraint_mode|analysis_view|mode|hport_bus|port_bus|constant|pin_bus|hpin_bus|pg_pin|hpin|pin|hport|port|pg_hport|pg_port|pg_hnet|pg_net|net|hnet|inst|hinst|module|design|level_shifter_group|library_domain|virtual_techelt|timing_condition|rc_corner|opcond|library_set|base_cell_set|operating_condition|wireload_selection|wireload|lib_arc|pg_lib_pin|lib_pin|seq_function|lwlib_cell|lib_cell|lwlibrary|library|pg_base_pin|base_pin|base_cell|message|message_group|attribute|obj_type|root>+]

    <string>:
        attribute name 
    [<rtl_port|rtl_instance|rtl_block|rtl_module|hdl_implementation|hdl_bind|hdl_parameter|hdl_pin|hdl_subprogram|hdl_label|hdl_inst|hdl_procedure|hdl_block|hdl_component|hdl_operator|hdl_package|hdl_architecture|hdl_configuration|hdl_lib|cell_model|cell|test_bus_interface|test_bus_port|osc_source_reference|opcg_mode|opcg_domain|domain_macro_parameter|opcg_trigger|osc_source|dft_configuration_mode|jtag_instruction|jtag_instruction_register|jtag_macro|boundary_scan_segment|tap_port|jtag_port|test_signal|formal_verification_constraint|mbist_clock|mbist_clock_domain|pmbist_port|programmable_direct_access_function|memory_spare_column_map_data|memory_spare_column_map_address|memory_spare_column_map|memory_spare_column|memory_spare_row_map_address|memory_spare_row|memory_data_bit_structure|memory_bank_structure|address_partition|write_mask_bit|memory_lib_pin_access|memory_lib_pin_action|memory_lib_pin_test|memory_lib_pin_alias|memory_lib_cell|memory_library_domain|fuse_cell|fuse_cell_domain|test_clock|test_clock_domain|scan_segment|scan_chain|actual_scan_segment|actual_scan_chain|violation|timing_bin_path|timing_bin|arc|timing_point|timing_path|sdp_instance|sdp_column|sdp_row|sdp_group|flow_step|flow|command_option|command|level_shifter_rule|isolation_rule|macro_isolation_rule|macro_power_domain|macro_model|repeater_rule|state_retention_rule|power_mode|power_domain|nominal_condition|power_intent_command_id|power_intent_command|power_model|power_scope|congestion_box|route_type|pdomain|route_rule|blackbox|fpobject|pinstance|cluster|def_pin|pnet|specialnet|style|fill|slot|track_pattern|row|region|bump|pcell|group|extraction_grid|gcell_grid|gcell|route_blockage|place_blockage|blockage|layer|site|via|exception|cost_group|external_delay|clock|clock_domain|delay_corner|constraint_mode|analysis_view|mode|hport_bus|port_bus|constant|pin_bus|hpin_bus|pg_pin|hpin|pin|hport|port|pg_hport|pg_port|pg_hnet|pg_net|net|hnet|inst|hinst|module|design|level_shifter_group|library_domain|virtual_techelt|timing_condition|rc_corner|opcond|library_set|base_cell_set|operating_condition|wireload_selection|wireload|lib_arc|pg_lib_pin|lib_pin|seq_function|lwlib_cell|lib_cell|lwlibrary|library|pg_base_pin|base_pin|base_cell|message|message_group|attribute|obj_type|root>+]:
        object of interest (must be unique) 
Error   : A required object parameter could not be found. [TUI-61] [::legacy::get_attr]
        : An object of type 'rtl_port|rtl_instance|rtl_block|rtl_module|hdl_implementation|hdl_bind|hdl_parameter|hdl_pin|hdl_subprogram|hdl_label|hdl_inst|hdl_procedure|hdl_block|hdl_component|hdl_operator|hdl_package|hdl_architecture|hdl_configuration|hdl_lib|cell_model|cell|test_bus_interface|test_bus_port|osc_source_reference|opcg_mode|opcg_domain|domain_macro_parameter|opcg_trigger|osc_source|dft_configuration_mode|jtag_instruction|jtag_instruction_register|jtag_macro|boundary_scan_segment|tap_port|jtag_port|test_signal|formal_verification_constraint|mbist_clock|mbist_clock_domain|pmbist_port|programmable_direct_access_function|memory_spare_column_map_data|memory_spare_column_map_address|memory_spare_column_map|memory_spare_column|memory_spare_row_map_address|memory_spare_row|memory_data_bit_structure|memory_bank_structure|address_partition|write_mask_bit|memory_lib_pin_access|memory_lib_pin_action|memory_lib_pin_test|memory_lib_pin_alias|memory_lib_cell|memory_library_domain|fuse_cell|fuse_cell_domain|test_clock|test_clock_domain|scan_segment|scan_chain|actual_scan_segment|actual_scan_chain|violation|timing_bin_path|timing_bin|arc|timing_point|timing_path|sdp_instance|sdp_column|sdp_row|sdp_group|flow_step|flow|command_option|command|level_shifter_rule|isolation_rule|macro_isolation_rule|macro_power_domain|macro_model|repeater_rule|state_retention_rule|power_mode|power_domain|nominal_condition|power_intent_command_id|power_intent_command|power_model|power_scope|congestion_box|route_type|pdomain|route_rule|blackbox|fpobject|pinstance|cluster|def_pin|pnet|specialnet|style|fill|slot|track_pattern|row|region|bump|pcell|group|extraction_grid|gcell_grid|gcell|route_blockage|place_blockage|blockage|layer|site|via|exception|cost_group|external_delay|clock|clock_domain|delay_corner|constraint_mode|analysis_view|mode|hport_bus|port_bus|constant|pin_bus|hpin_bus|pg_pin|hpin|pin|hport|port|pg_hport|pg_port|pg_hnet|pg_net|net|hnet|inst|hinst|module|design|level_shifter_group|library_domain|virtual_techelt|timing_condition|rc_corner|opcond|library_set|base_cell_set|operating_condition|wireload_selection|wireload|lib_arc|pg_lib_pin|lib_pin|seq_function|lwlib_cell|lib_cell|lwlibrary|library|pg_base_pin|base_pin|base_cell|message|message_group|attribute|obj_type|root' named 'iopt_partition' could not be found.

Usage: ::legacy::get_attr <string>
           [<rtl_port|rtl_instance|rtl_block|rtl_module|hdl_implementation|hdl_bind|hdl_parameter|hdl_pin|hdl_subprogram|hdl_label|hdl_inst|hdl_procedure|hdl_block|hdl_component|hdl_operator|hdl_package|hdl_architecture|hdl_configuration|hdl_lib|cell_model|cell|test_bus_interface|test_bus_port|osc_source_reference|opcg_mode|opcg_domain|domain_macro_parameter|opcg_trigger|osc_source|dft_configuration_mode|jtag_instruction|jtag_instruction_register|jtag_macro|boundary_scan_segment|tap_port|jtag_port|test_signal|formal_verification_constraint|mbist_clock|mbist_clock_domain|pmbist_port|programmable_direct_access_function|memory_spare_column_map_data|memory_spare_column_map_address|memory_spare_column_map|memory_spare_column|memory_spare_row_map_address|memory_spare_row|memory_data_bit_structure|memory_bank_structure|address_partition|write_mask_bit|memory_lib_pin_access|memory_lib_pin_action|memory_lib_pin_test|memory_lib_pin_alias|memory_lib_cell|memory_library_domain|fuse_cell|fuse_cell_domain|test_clock|test_clock_domain|scan_segment|scan_chain|actual_scan_segment|actual_scan_chain|violation|timing_bin_path|timing_bin|arc|timing_point|timing_path|sdp_instance|sdp_column|sdp_row|sdp_group|flow_step|flow|command_option|command|level_shifter_rule|isolation_rule|macro_isolation_rule|macro_power_domain|macro_model|repeater_rule|state_retention_rule|power_mode|power_domain|nominal_condition|power_intent_command_id|power_intent_command|power_model|power_scope|congestion_box|route_type|pdomain|route_rule|blackbox|fpobject|pinstance|cluster|def_pin|pnet|specialnet|style|fill|slot|track_pattern|row|region|bump|pcell|group|extraction_grid|gcell_grid|gcell|route_blockage|place_blockage|blockage|layer|site|via|exception|cost_group|external_delay|clock|clock_domain|delay_corner|constraint_mode|analysis_view|mode|hport_bus|port_bus|constant|pin_bus|hpin_bus|pg_pin|hpin|pin|hport|port|pg_hport|pg_port|pg_hnet|pg_net|net|hnet|inst|hinst|module|design|level_shifter_group|library_domain|virtual_techelt|timing_condition|rc_corner|opcond|library_set|base_cell_set|operating_condition|wireload_selection|wireload|lib_arc|pg_lib_pin|lib_pin|seq_function|lwlib_cell|lib_cell|lwlibrary|library|pg_base_pin|base_pin|base_cell|message|message_group|attribute|obj_type|root>+]

    <string>:
        attribute name 
    [<rtl_port|rtl_instance|rtl_block|rtl_module|hdl_implementation|hdl_bind|hdl_parameter|hdl_pin|hdl_subprogram|hdl_label|hdl_inst|hdl_procedure|hdl_block|hdl_component|hdl_operator|hdl_package|hdl_architecture|hdl_configuration|hdl_lib|cell_model|cell|test_bus_interface|test_bus_port|osc_source_reference|opcg_mode|opcg_domain|domain_macro_parameter|opcg_trigger|osc_source|dft_configuration_mode|jtag_instruction|jtag_instruction_register|jtag_macro|boundary_scan_segment|tap_port|jtag_port|test_signal|formal_verification_constraint|mbist_clock|mbist_clock_domain|pmbist_port|programmable_direct_access_function|memory_spare_column_map_data|memory_spare_column_map_address|memory_spare_column_map|memory_spare_column|memory_spare_row_map_address|memory_spare_row|memory_data_bit_structure|memory_bank_structure|address_partition|write_mask_bit|memory_lib_pin_access|memory_lib_pin_action|memory_lib_pin_test|memory_lib_pin_alias|memory_lib_cell|memory_library_domain|fuse_cell|fuse_cell_domain|test_clock|test_clock_domain|scan_segment|scan_chain|actual_scan_segment|actual_scan_chain|violation|timing_bin_path|timing_bin|arc|timing_point|timing_path|sdp_instance|sdp_column|sdp_row|sdp_group|flow_step|flow|command_option|command|level_shifter_rule|isolation_rule|macro_isolation_rule|macro_power_domain|macro_model|repeater_rule|state_retention_rule|power_mode|power_domain|nominal_condition|power_intent_command_id|power_intent_command|power_model|power_scope|congestion_box|route_type|pdomain|route_rule|blackbox|fpobject|pinstance|cluster|def_pin|pnet|specialnet|style|fill|slot|track_pattern|row|region|bump|pcell|group|extraction_grid|gcell_grid|gcell|route_blockage|place_blockage|blockage|layer|site|via|exception|cost_group|external_delay|clock|clock_domain|delay_corner|constraint_mode|analysis_view|mode|hport_bus|port_bus|constant|pin_bus|hpin_bus|pg_pin|hpin|pin|hport|port|pg_hport|pg_port|pg_hnet|pg_net|net|hnet|inst|hinst|module|design|level_shifter_group|library_domain|virtual_techelt|timing_condition|rc_corner|opcond|library_set|base_cell_set|operating_condition|wireload_selection|wireload|lib_arc|pg_lib_pin|lib_pin|seq_function|lwlib_cell|lib_cell|lwlibrary|library|pg_base_pin|base_pin|base_cell|message|message_group|attribute|obj_type|root>+]:
        object of interest (must be unique) 
Error   : A required object parameter could not be found. [TUI-61] [::legacy::get_attr]
        : An object of type 'rtl_port|rtl_instance|rtl_block|rtl_module|hdl_implementation|hdl_bind|hdl_parameter|hdl_pin|hdl_subprogram|hdl_label|hdl_inst|hdl_procedure|hdl_block|hdl_component|hdl_operator|hdl_package|hdl_architecture|hdl_configuration|hdl_lib|cell_model|cell|test_bus_interface|test_bus_port|osc_source_reference|opcg_mode|opcg_domain|domain_macro_parameter|opcg_trigger|osc_source|dft_configuration_mode|jtag_instruction|jtag_instruction_register|jtag_macro|boundary_scan_segment|tap_port|jtag_port|test_signal|formal_verification_constraint|mbist_clock|mbist_clock_domain|pmbist_port|programmable_direct_access_function|memory_spare_column_map_data|memory_spare_column_map_address|memory_spare_column_map|memory_spare_column|memory_spare_row_map_address|memory_spare_row|memory_data_bit_structure|memory_bank_structure|address_partition|write_mask_bit|memory_lib_pin_access|memory_lib_pin_action|memory_lib_pin_test|memory_lib_pin_alias|memory_lib_cell|memory_library_domain|fuse_cell|fuse_cell_domain|test_clock|test_clock_domain|scan_segment|scan_chain|actual_scan_segment|actual_scan_chain|violation|timing_bin_path|timing_bin|arc|timing_point|timing_path|sdp_instance|sdp_column|sdp_row|sdp_group|flow_step|flow|command_option|command|level_shifter_rule|isolation_rule|macro_isolation_rule|macro_power_domain|macro_model|repeater_rule|state_retention_rule|power_mode|power_domain|nominal_condition|power_intent_command_id|power_intent_command|power_model|power_scope|congestion_box|route_type|pdomain|route_rule|blackbox|fpobject|pinstance|cluster|def_pin|pnet|specialnet|style|fill|slot|track_pattern|row|region|bump|pcell|group|extraction_grid|gcell_grid|gcell|route_blockage|place_blockage|blockage|layer|site|via|exception|cost_group|external_delay|clock|clock_domain|delay_corner|constraint_mode|analysis_view|mode|hport_bus|port_bus|constant|pin_bus|hpin_bus|pg_pin|hpin|pin|hport|port|pg_hport|pg_port|pg_hnet|pg_net|net|hnet|inst|hinst|module|design|level_shifter_group|library_domain|virtual_techelt|timing_condition|rc_corner|opcond|library_set|base_cell_set|operating_condition|wireload_selection|wireload|lib_arc|pg_lib_pin|lib_pin|seq_function|lwlib_cell|lib_cell|lwlibrary|library|pg_base_pin|base_pin|base_cell|message|message_group|attribute|obj_type|root' named 'iopt_partition' could not be found.

Usage: ::legacy::get_attr <string>
           [<rtl_port|rtl_instance|rtl_block|rtl_module|hdl_implementation|hdl_bind|hdl_parameter|hdl_pin|hdl_subprogram|hdl_label|hdl_inst|hdl_procedure|hdl_block|hdl_component|hdl_operator|hdl_package|hdl_architecture|hdl_configuration|hdl_lib|cell_model|cell|test_bus_interface|test_bus_port|osc_source_reference|opcg_mode|opcg_domain|domain_macro_parameter|opcg_trigger|osc_source|dft_configuration_mode|jtag_instruction|jtag_instruction_register|jtag_macro|boundary_scan_segment|tap_port|jtag_port|test_signal|formal_verification_constraint|mbist_clock|mbist_clock_domain|pmbist_port|programmable_direct_access_function|memory_spare_column_map_data|memory_spare_column_map_address|memory_spare_column_map|memory_spare_column|memory_spare_row_map_address|memory_spare_row|memory_data_bit_structure|memory_bank_structure|address_partition|write_mask_bit|memory_lib_pin_access|memory_lib_pin_action|memory_lib_pin_test|memory_lib_pin_alias|memory_lib_cell|memory_library_domain|fuse_cell|fuse_cell_domain|test_clock|test_clock_domain|scan_segment|scan_chain|actual_scan_segment|actual_scan_chain|violation|timing_bin_path|timing_bin|arc|timing_point|timing_path|sdp_instance|sdp_column|sdp_row|sdp_group|flow_step|flow|command_option|command|level_shifter_rule|isolation_rule|macro_isolation_rule|macro_power_domain|macro_model|repeater_rule|state_retention_rule|power_mode|power_domain|nominal_condition|power_intent_command_id|power_intent_command|power_model|power_scope|congestion_box|route_type|pdomain|route_rule|blackbox|fpobject|pinstance|cluster|def_pin|pnet|specialnet|style|fill|slot|track_pattern|row|region|bump|pcell|group|extraction_grid|gcell_grid|gcell|route_blockage|place_blockage|blockage|layer|site|via|exception|cost_group|external_delay|clock|clock_domain|delay_corner|constraint_mode|analysis_view|mode|hport_bus|port_bus|constant|pin_bus|hpin_bus|pg_pin|hpin|pin|hport|port|pg_hport|pg_port|pg_hnet|pg_net|net|hnet|inst|hinst|module|design|level_shifter_group|library_domain|virtual_techelt|timing_condition|rc_corner|opcond|library_set|base_cell_set|operating_condition|wireload_selection|wireload|lib_arc|pg_lib_pin|lib_pin|seq_function|lwlib_cell|lib_cell|lwlibrary|library|pg_base_pin|base_pin|base_cell|message|message_group|attribute|obj_type|root>+]

    <string>:
        attribute name 
    [<rtl_port|rtl_instance|rtl_block|rtl_module|hdl_implementation|hdl_bind|hdl_parameter|hdl_pin|hdl_subprogram|hdl_label|hdl_inst|hdl_procedure|hdl_block|hdl_component|hdl_operator|hdl_package|hdl_architecture|hdl_configuration|hdl_lib|cell_model|cell|test_bus_interface|test_bus_port|osc_source_reference|opcg_mode|opcg_domain|domain_macro_parameter|opcg_trigger|osc_source|dft_configuration_mode|jtag_instruction|jtag_instruction_register|jtag_macro|boundary_scan_segment|tap_port|jtag_port|test_signal|formal_verification_constraint|mbist_clock|mbist_clock_domain|pmbist_port|programmable_direct_access_function|memory_spare_column_map_data|memory_spare_column_map_address|memory_spare_column_map|memory_spare_column|memory_spare_row_map_address|memory_spare_row|memory_data_bit_structure|memory_bank_structure|address_partition|write_mask_bit|memory_lib_pin_access|memory_lib_pin_action|memory_lib_pin_test|memory_lib_pin_alias|memory_lib_cell|memory_library_domain|fuse_cell|fuse_cell_domain|test_clock|test_clock_domain|scan_segment|scan_chain|actual_scan_segment|actual_scan_chain|violation|timing_bin_path|timing_bin|arc|timing_point|timing_path|sdp_instance|sdp_column|sdp_row|sdp_group|flow_step|flow|command_option|command|level_shifter_rule|isolation_rule|macro_isolation_rule|macro_power_domain|macro_model|repeater_rule|state_retention_rule|power_mode|power_domain|nominal_condition|power_intent_command_id|power_intent_command|power_model|power_scope|congestion_box|route_type|pdomain|route_rule|blackbox|fpobject|pinstance|cluster|def_pin|pnet|specialnet|style|fill|slot|track_pattern|row|region|bump|pcell|group|extraction_grid|gcell_grid|gcell|route_blockage|place_blockage|blockage|layer|site|via|exception|cost_group|external_delay|clock|clock_domain|delay_corner|constraint_mode|analysis_view|mode|hport_bus|port_bus|constant|pin_bus|hpin_bus|pg_pin|hpin|pin|hport|port|pg_hport|pg_port|pg_hnet|pg_net|net|hnet|inst|hinst|module|design|level_shifter_group|library_domain|virtual_techelt|timing_condition|rc_corner|opcond|library_set|base_cell_set|operating_condition|wireload_selection|wireload|lib_arc|pg_lib_pin|lib_pin|seq_function|lwlib_cell|lib_cell|lwlibrary|library|pg_base_pin|base_pin|base_cell|message|message_group|attribute|obj_type|root>+]:
        object of interest (must be unique) 
Error   : A required object parameter could not be found. [TUI-61] [::legacy::get_attr]
        : An object of type 'rtl_port|rtl_instance|rtl_block|rtl_module|hdl_implementation|hdl_bind|hdl_parameter|hdl_pin|hdl_subprogram|hdl_label|hdl_inst|hdl_procedure|hdl_block|hdl_component|hdl_operator|hdl_package|hdl_architecture|hdl_configuration|hdl_lib|cell_model|cell|test_bus_interface|test_bus_port|osc_source_reference|opcg_mode|opcg_domain|domain_macro_parameter|opcg_trigger|osc_source|dft_configuration_mode|jtag_instruction|jtag_instruction_register|jtag_macro|boundary_scan_segment|tap_port|jtag_port|test_signal|formal_verification_constraint|mbist_clock|mbist_clock_domain|pmbist_port|programmable_direct_access_function|memory_spare_column_map_data|memory_spare_column_map_address|memory_spare_column_map|memory_spare_column|memory_spare_row_map_address|memory_spare_row|memory_data_bit_structure|memory_bank_structure|address_partition|write_mask_bit|memory_lib_pin_access|memory_lib_pin_action|memory_lib_pin_test|memory_lib_pin_alias|memory_lib_cell|memory_library_domain|fuse_cell|fuse_cell_domain|test_clock|test_clock_domain|scan_segment|scan_chain|actual_scan_segment|actual_scan_chain|violation|timing_bin_path|timing_bin|arc|timing_point|timing_path|sdp_instance|sdp_column|sdp_row|sdp_group|flow_step|flow|command_option|command|level_shifter_rule|isolation_rule|macro_isolation_rule|macro_power_domain|macro_model|repeater_rule|state_retention_rule|power_mode|power_domain|nominal_condition|power_intent_command_id|power_intent_command|power_model|power_scope|congestion_box|route_type|pdomain|route_rule|blackbox|fpobject|pinstance|cluster|def_pin|pnet|specialnet|style|fill|slot|track_pattern|row|region|bump|pcell|group|extraction_grid|gcell_grid|gcell|route_blockage|place_blockage|blockage|layer|site|via|exception|cost_group|external_delay|clock|clock_domain|delay_corner|constraint_mode|analysis_view|mode|hport_bus|port_bus|constant|pin_bus|hpin_bus|pg_pin|hpin|pin|hport|port|pg_hport|pg_port|pg_hnet|pg_net|net|hnet|inst|hinst|module|design|level_shifter_group|library_domain|virtual_techelt|timing_condition|rc_corner|opcond|library_set|base_cell_set|operating_condition|wireload_selection|wireload|lib_arc|pg_lib_pin|lib_pin|seq_function|lwlib_cell|lib_cell|lwlibrary|library|pg_base_pin|base_pin|base_cell|message|message_group|attribute|obj_type|root' named 'iopt_partition' could not be found.

Usage: ::legacy::get_attr <string>
           [<rtl_port|rtl_instance|rtl_block|rtl_module|hdl_implementation|hdl_bind|hdl_parameter|hdl_pin|hdl_subprogram|hdl_label|hdl_inst|hdl_procedure|hdl_block|hdl_component|hdl_operator|hdl_package|hdl_architecture|hdl_configuration|hdl_lib|cell_model|cell|test_bus_interface|test_bus_port|osc_source_reference|opcg_mode|opcg_domain|domain_macro_parameter|opcg_trigger|osc_source|dft_configuration_mode|jtag_instruction|jtag_instruction_register|jtag_macro|boundary_scan_segment|tap_port|jtag_port|test_signal|formal_verification_constraint|mbist_clock|mbist_clock_domain|pmbist_port|programmable_direct_access_function|memory_spare_column_map_data|memory_spare_column_map_address|memory_spare_column_map|memory_spare_column|memory_spare_row_map_address|memory_spare_row|memory_data_bit_structure|memory_bank_structure|address_partition|write_mask_bit|memory_lib_pin_access|memory_lib_pin_action|memory_lib_pin_test|memory_lib_pin_alias|memory_lib_cell|memory_library_domain|fuse_cell|fuse_cell_domain|test_clock|test_clock_domain|scan_segment|scan_chain|actual_scan_segment|actual_scan_chain|violation|timing_bin_path|timing_bin|arc|timing_point|timing_path|sdp_instance|sdp_column|sdp_row|sdp_group|flow_step|flow|command_option|command|level_shifter_rule|isolation_rule|macro_isolation_rule|macro_power_domain|macro_model|repeater_rule|state_retention_rule|power_mode|power_domain|nominal_condition|power_intent_command_id|power_intent_command|power_model|power_scope|congestion_box|route_type|pdomain|route_rule|blackbox|fpobject|pinstance|cluster|def_pin|pnet|specialnet|style|fill|slot|track_pattern|row|region|bump|pcell|group|extraction_grid|gcell_grid|gcell|route_blockage|place_blockage|blockage|layer|site|via|exception|cost_group|external_delay|clock|clock_domain|delay_corner|constraint_mode|analysis_view|mode|hport_bus|port_bus|constant|pin_bus|hpin_bus|pg_pin|hpin|pin|hport|port|pg_hport|pg_port|pg_hnet|pg_net|net|hnet|inst|hinst|module|design|level_shifter_group|library_domain|virtual_techelt|timing_condition|rc_corner|opcond|library_set|base_cell_set|operating_condition|wireload_selection|wireload|lib_arc|pg_lib_pin|lib_pin|seq_function|lwlib_cell|lib_cell|lwlibrary|library|pg_base_pin|base_pin|base_cell|message|message_group|attribute|obj_type|root>+]

    <string>:
        attribute name 
    [<rtl_port|rtl_instance|rtl_block|rtl_module|hdl_implementation|hdl_bind|hdl_parameter|hdl_pin|hdl_subprogram|hdl_label|hdl_inst|hdl_procedure|hdl_block|hdl_component|hdl_operator|hdl_package|hdl_architecture|hdl_configuration|hdl_lib|cell_model|cell|test_bus_interface|test_bus_port|osc_source_reference|opcg_mode|opcg_domain|domain_macro_parameter|opcg_trigger|osc_source|dft_configuration_mode|jtag_instruction|jtag_instruction_register|jtag_macro|boundary_scan_segment|tap_port|jtag_port|test_signal|formal_verification_constraint|mbist_clock|mbist_clock_domain|pmbist_port|programmable_direct_access_function|memory_spare_column_map_data|memory_spare_column_map_address|memory_spare_column_map|memory_spare_column|memory_spare_row_map_address|memory_spare_row|memory_data_bit_structure|memory_bank_structure|address_partition|write_mask_bit|memory_lib_pin_access|memory_lib_pin_action|memory_lib_pin_test|memory_lib_pin_alias|memory_lib_cell|memory_library_domain|fuse_cell|fuse_cell_domain|test_clock|test_clock_domain|scan_segment|scan_chain|actual_scan_segment|actual_scan_chain|violation|timing_bin_path|timing_bin|arc|timing_point|timing_path|sdp_instance|sdp_column|sdp_row|sdp_group|flow_step|flow|command_option|command|level_shifter_rule|isolation_rule|macro_isolation_rule|macro_power_domain|macro_model|repeater_rule|state_retention_rule|power_mode|power_domain|nominal_condition|power_intent_command_id|power_intent_command|power_model|power_scope|congestion_box|route_type|pdomain|route_rule|blackbox|fpobject|pinstance|cluster|def_pin|pnet|specialnet|style|fill|slot|track_pattern|row|region|bump|pcell|group|extraction_grid|gcell_grid|gcell|route_blockage|place_blockage|blockage|layer|site|via|exception|cost_group|external_delay|clock|clock_domain|delay_corner|constraint_mode|analysis_view|mode|hport_bus|port_bus|constant|pin_bus|hpin_bus|pg_pin|hpin|pin|hport|port|pg_hport|pg_port|pg_hnet|pg_net|net|hnet|inst|hinst|module|design|level_shifter_group|library_domain|virtual_techelt|timing_condition|rc_corner|opcond|library_set|base_cell_set|operating_condition|wireload_selection|wireload|lib_arc|pg_lib_pin|lib_pin|seq_function|lwlib_cell|lib_cell|lwlibrary|library|pg_base_pin|base_pin|base_cell|message|message_group|attribute|obj_type|root>+]:
        object of interest (must be unique) 
Error   : A required object parameter could not be found. [TUI-61] [::legacy::get_attr]
        : An object of type 'rtl_port|rtl_instance|rtl_block|rtl_module|hdl_implementation|hdl_bind|hdl_parameter|hdl_pin|hdl_subprogram|hdl_label|hdl_inst|hdl_procedure|hdl_block|hdl_component|hdl_operator|hdl_package|hdl_architecture|hdl_configuration|hdl_lib|cell_model|cell|test_bus_interface|test_bus_port|osc_source_reference|opcg_mode|opcg_domain|domain_macro_parameter|opcg_trigger|osc_source|dft_configuration_mode|jtag_instruction|jtag_instruction_register|jtag_macro|boundary_scan_segment|tap_port|jtag_port|test_signal|formal_verification_constraint|mbist_clock|mbist_clock_domain|pmbist_port|programmable_direct_access_function|memory_spare_column_map_data|memory_spare_column_map_address|memory_spare_column_map|memory_spare_column|memory_spare_row_map_address|memory_spare_row|memory_data_bit_structure|memory_bank_structure|address_partition|write_mask_bit|memory_lib_pin_access|memory_lib_pin_action|memory_lib_pin_test|memory_lib_pin_alias|memory_lib_cell|memory_library_domain|fuse_cell|fuse_cell_domain|test_clock|test_clock_domain|scan_segment|scan_chain|actual_scan_segment|actual_scan_chain|violation|timing_bin_path|timing_bin|arc|timing_point|timing_path|sdp_instance|sdp_column|sdp_row|sdp_group|flow_step|flow|command_option|command|level_shifter_rule|isolation_rule|macro_isolation_rule|macro_power_domain|macro_model|repeater_rule|state_retention_rule|power_mode|power_domain|nominal_condition|power_intent_command_id|power_intent_command|power_model|power_scope|congestion_box|route_type|pdomain|route_rule|blackbox|fpobject|pinstance|cluster|def_pin|pnet|specialnet|style|fill|slot|track_pattern|row|region|bump|pcell|group|extraction_grid|gcell_grid|gcell|route_blockage|place_blockage|blockage|layer|site|via|exception|cost_group|external_delay|clock|clock_domain|delay_corner|constraint_mode|analysis_view|mode|hport_bus|port_bus|constant|pin_bus|hpin_bus|pg_pin|hpin|pin|hport|port|pg_hport|pg_port|pg_hnet|pg_net|net|hnet|inst|hinst|module|design|level_shifter_group|library_domain|virtual_techelt|timing_condition|rc_corner|opcond|library_set|base_cell_set|operating_condition|wireload_selection|wireload|lib_arc|pg_lib_pin|lib_pin|seq_function|lwlib_cell|lib_cell|lwlibrary|library|pg_base_pin|base_pin|base_cell|message|message_group|attribute|obj_type|root' named 'iopt_partition' could not be found.

Usage: ::legacy::get_attr <string>
           [<rtl_port|rtl_instance|rtl_block|rtl_module|hdl_implementation|hdl_bind|hdl_parameter|hdl_pin|hdl_subprogram|hdl_label|hdl_inst|hdl_procedure|hdl_block|hdl_component|hdl_operator|hdl_package|hdl_architecture|hdl_configuration|hdl_lib|cell_model|cell|test_bus_interface|test_bus_port|osc_source_reference|opcg_mode|opcg_domain|domain_macro_parameter|opcg_trigger|osc_source|dft_configuration_mode|jtag_instruction|jtag_instruction_register|jtag_macro|boundary_scan_segment|tap_port|jtag_port|test_signal|formal_verification_constraint|mbist_clock|mbist_clock_domain|pmbist_port|programmable_direct_access_function|memory_spare_column_map_data|memory_spare_column_map_address|memory_spare_column_map|memory_spare_column|memory_spare_row_map_address|memory_spare_row|memory_data_bit_structure|memory_bank_structure|address_partition|write_mask_bit|memory_lib_pin_access|memory_lib_pin_action|memory_lib_pin_test|memory_lib_pin_alias|memory_lib_cell|memory_library_domain|fuse_cell|fuse_cell_domain|test_clock|test_clock_domain|scan_segment|scan_chain|actual_scan_segment|actual_scan_chain|violation|timing_bin_path|timing_bin|arc|timing_point|timing_path|sdp_instance|sdp_column|sdp_row|sdp_group|flow_step|flow|command_option|command|level_shifter_rule|isolation_rule|macro_isolation_rule|macro_power_domain|macro_model|repeater_rule|state_retention_rule|power_mode|power_domain|nominal_condition|power_intent_command_id|power_intent_command|power_model|power_scope|congestion_box|route_type|pdomain|route_rule|blackbox|fpobject|pinstance|cluster|def_pin|pnet|specialnet|style|fill|slot|track_pattern|row|region|bump|pcell|group|extraction_grid|gcell_grid|gcell|route_blockage|place_blockage|blockage|layer|site|via|exception|cost_group|external_delay|clock|clock_domain|delay_corner|constraint_mode|analysis_view|mode|hport_bus|port_bus|constant|pin_bus|hpin_bus|pg_pin|hpin|pin|hport|port|pg_hport|pg_port|pg_hnet|pg_net|net|hnet|inst|hinst|module|design|level_shifter_group|library_domain|virtual_techelt|timing_condition|rc_corner|opcond|library_set|base_cell_set|operating_condition|wireload_selection|wireload|lib_arc|pg_lib_pin|lib_pin|seq_function|lwlib_cell|lib_cell|lwlibrary|library|pg_base_pin|base_pin|base_cell|message|message_group|attribute|obj_type|root>+]

    <string>:
        attribute name 
    [<rtl_port|rtl_instance|rtl_block|rtl_module|hdl_implementation|hdl_bind|hdl_parameter|hdl_pin|hdl_subprogram|hdl_label|hdl_inst|hdl_procedure|hdl_block|hdl_component|hdl_operator|hdl_package|hdl_architecture|hdl_configuration|hdl_lib|cell_model|cell|test_bus_interface|test_bus_port|osc_source_reference|opcg_mode|opcg_domain|domain_macro_parameter|opcg_trigger|osc_source|dft_configuration_mode|jtag_instruction|jtag_instruction_register|jtag_macro|boundary_scan_segment|tap_port|jtag_port|test_signal|formal_verification_constraint|mbist_clock|mbist_clock_domain|pmbist_port|programmable_direct_access_function|memory_spare_column_map_data|memory_spare_column_map_address|memory_spare_column_map|memory_spare_column|memory_spare_row_map_address|memory_spare_row|memory_data_bit_structure|memory_bank_structure|address_partition|write_mask_bit|memory_lib_pin_access|memory_lib_pin_action|memory_lib_pin_test|memory_lib_pin_alias|memory_lib_cell|memory_library_domain|fuse_cell|fuse_cell_domain|test_clock|test_clock_domain|scan_segment|scan_chain|actual_scan_segment|actual_scan_chain|violation|timing_bin_path|timing_bin|arc|timing_point|timing_path|sdp_instance|sdp_column|sdp_row|sdp_group|flow_step|flow|command_option|command|level_shifter_rule|isolation_rule|macro_isolation_rule|macro_power_domain|macro_model|repeater_rule|state_retention_rule|power_mode|power_domain|nominal_condition|power_intent_command_id|power_intent_command|power_model|power_scope|congestion_box|route_type|pdomain|route_rule|blackbox|fpobject|pinstance|cluster|def_pin|pnet|specialnet|style|fill|slot|track_pattern|row|region|bump|pcell|group|extraction_grid|gcell_grid|gcell|route_blockage|place_blockage|blockage|layer|site|via|exception|cost_group|external_delay|clock|clock_domain|delay_corner|constraint_mode|analysis_view|mode|hport_bus|port_bus|constant|pin_bus|hpin_bus|pg_pin|hpin|pin|hport|port|pg_hport|pg_port|pg_hnet|pg_net|net|hnet|inst|hinst|module|design|level_shifter_group|library_domain|virtual_techelt|timing_condition|rc_corner|opcond|library_set|base_cell_set|operating_condition|wireload_selection|wireload|lib_arc|pg_lib_pin|lib_pin|seq_function|lwlib_cell|lib_cell|lwlibrary|library|pg_base_pin|base_pin|base_cell|message|message_group|attribute|obj_type|root>+]:
        object of interest (must be unique) 
Error   : A required object parameter could not be found. [TUI-61] [::legacy::get_attr]
        : An object of type 'rtl_port|rtl_instance|rtl_block|rtl_module|hdl_implementation|hdl_bind|hdl_parameter|hdl_pin|hdl_subprogram|hdl_label|hdl_inst|hdl_procedure|hdl_block|hdl_component|hdl_operator|hdl_package|hdl_architecture|hdl_configuration|hdl_lib|cell_model|cell|test_bus_interface|test_bus_port|osc_source_reference|opcg_mode|opcg_domain|domain_macro_parameter|opcg_trigger|osc_source|dft_configuration_mode|jtag_instruction|jtag_instruction_register|jtag_macro|boundary_scan_segment|tap_port|jtag_port|test_signal|formal_verification_constraint|mbist_clock|mbist_clock_domain|pmbist_port|programmable_direct_access_function|memory_spare_column_map_data|memory_spare_column_map_address|memory_spare_column_map|memory_spare_column|memory_spare_row_map_address|memory_spare_row|memory_data_bit_structure|memory_bank_structure|address_partition|write_mask_bit|memory_lib_pin_access|memory_lib_pin_action|memory_lib_pin_test|memory_lib_pin_alias|memory_lib_cell|memory_library_domain|fuse_cell|fuse_cell_domain|test_clock|test_clock_domain|scan_segment|scan_chain|actual_scan_segment|actual_scan_chain|violation|timing_bin_path|timing_bin|arc|timing_point|timing_path|sdp_instance|sdp_column|sdp_row|sdp_group|flow_step|flow|command_option|command|level_shifter_rule|isolation_rule|macro_isolation_rule|macro_power_domain|macro_model|repeater_rule|state_retention_rule|power_mode|power_domain|nominal_condition|power_intent_command_id|power_intent_command|power_model|power_scope|congestion_box|route_type|pdomain|route_rule|blackbox|fpobject|pinstance|cluster|def_pin|pnet|specialnet|style|fill|slot|track_pattern|row|region|bump|pcell|group|extraction_grid|gcell_grid|gcell|route_blockage|place_blockage|blockage|layer|site|via|exception|cost_group|external_delay|clock|clock_domain|delay_corner|constraint_mode|analysis_view|mode|hport_bus|port_bus|constant|pin_bus|hpin_bus|pg_pin|hpin|pin|hport|port|pg_hport|pg_port|pg_hnet|pg_net|net|hnet|inst|hinst|module|design|level_shifter_group|library_domain|virtual_techelt|timing_condition|rc_corner|opcond|library_set|base_cell_set|operating_condition|wireload_selection|wireload|lib_arc|pg_lib_pin|lib_pin|seq_function|lwlib_cell|lib_cell|lwlibrary|library|pg_base_pin|base_pin|base_cell|message|message_group|attribute|obj_type|root' named 'iopt_partition' could not be found.

Usage: ::legacy::get_attr <string>
           [<rtl_port|rtl_instance|rtl_block|rtl_module|hdl_implementation|hdl_bind|hdl_parameter|hdl_pin|hdl_subprogram|hdl_label|hdl_inst|hdl_procedure|hdl_block|hdl_component|hdl_operator|hdl_package|hdl_architecture|hdl_configuration|hdl_lib|cell_model|cell|test_bus_interface|test_bus_port|osc_source_reference|opcg_mode|opcg_domain|domain_macro_parameter|opcg_trigger|osc_source|dft_configuration_mode|jtag_instruction|jtag_instruction_register|jtag_macro|boundary_scan_segment|tap_port|jtag_port|test_signal|formal_verification_constraint|mbist_clock|mbist_clock_domain|pmbist_port|programmable_direct_access_function|memory_spare_column_map_data|memory_spare_column_map_address|memory_spare_column_map|memory_spare_column|memory_spare_row_map_address|memory_spare_row|memory_data_bit_structure|memory_bank_structure|address_partition|write_mask_bit|memory_lib_pin_access|memory_lib_pin_action|memory_lib_pin_test|memory_lib_pin_alias|memory_lib_cell|memory_library_domain|fuse_cell|fuse_cell_domain|test_clock|test_clock_domain|scan_segment|scan_chain|actual_scan_segment|actual_scan_chain|violation|timing_bin_path|timing_bin|arc|timing_point|timing_path|sdp_instance|sdp_column|sdp_row|sdp_group|flow_step|flow|command_option|command|level_shifter_rule|isolation_rule|macro_isolation_rule|macro_power_domain|macro_model|repeater_rule|state_retention_rule|power_mode|power_domain|nominal_condition|power_intent_command_id|power_intent_command|power_model|power_scope|congestion_box|route_type|pdomain|route_rule|blackbox|fpobject|pinstance|cluster|def_pin|pnet|specialnet|style|fill|slot|track_pattern|row|region|bump|pcell|group|extraction_grid|gcell_grid|gcell|route_blockage|place_blockage|blockage|layer|site|via|exception|cost_group|external_delay|clock|clock_domain|delay_corner|constraint_mode|analysis_view|mode|hport_bus|port_bus|constant|pin_bus|hpin_bus|pg_pin|hpin|pin|hport|port|pg_hport|pg_port|pg_hnet|pg_net|net|hnet|inst|hinst|module|design|level_shifter_group|library_domain|virtual_techelt|timing_condition|rc_corner|opcond|library_set|base_cell_set|operating_condition|wireload_selection|wireload|lib_arc|pg_lib_pin|lib_pin|seq_function|lwlib_cell|lib_cell|lwlibrary|library|pg_base_pin|base_pin|base_cell|message|message_group|attribute|obj_type|root>+]

    <string>:
        attribute name 
    [<rtl_port|rtl_instance|rtl_block|rtl_module|hdl_implementation|hdl_bind|hdl_parameter|hdl_pin|hdl_subprogram|hdl_label|hdl_inst|hdl_procedure|hdl_block|hdl_component|hdl_operator|hdl_package|hdl_architecture|hdl_configuration|hdl_lib|cell_model|cell|test_bus_interface|test_bus_port|osc_source_reference|opcg_mode|opcg_domain|domain_macro_parameter|opcg_trigger|osc_source|dft_configuration_mode|jtag_instruction|jtag_instruction_register|jtag_macro|boundary_scan_segment|tap_port|jtag_port|test_signal|formal_verification_constraint|mbist_clock|mbist_clock_domain|pmbist_port|programmable_direct_access_function|memory_spare_column_map_data|memory_spare_column_map_address|memory_spare_column_map|memory_spare_column|memory_spare_row_map_address|memory_spare_row|memory_data_bit_structure|memory_bank_structure|address_partition|write_mask_bit|memory_lib_pin_access|memory_lib_pin_action|memory_lib_pin_test|memory_lib_pin_alias|memory_lib_cell|memory_library_domain|fuse_cell|fuse_cell_domain|test_clock|test_clock_domain|scan_segment|scan_chain|actual_scan_segment|actual_scan_chain|violation|timing_bin_path|timing_bin|arc|timing_point|timing_path|sdp_instance|sdp_column|sdp_row|sdp_group|flow_step|flow|command_option|command|level_shifter_rule|isolation_rule|macro_isolation_rule|macro_power_domain|macro_model|repeater_rule|state_retention_rule|power_mode|power_domain|nominal_condition|power_intent_command_id|power_intent_command|power_model|power_scope|congestion_box|route_type|pdomain|route_rule|blackbox|fpobject|pinstance|cluster|def_pin|pnet|specialnet|style|fill|slot|track_pattern|row|region|bump|pcell|group|extraction_grid|gcell_grid|gcell|route_blockage|place_blockage|blockage|layer|site|via|exception|cost_group|external_delay|clock|clock_domain|delay_corner|constraint_mode|analysis_view|mode|hport_bus|port_bus|constant|pin_bus|hpin_bus|pg_pin|hpin|pin|hport|port|pg_hport|pg_port|pg_hnet|pg_net|net|hnet|inst|hinst|module|design|level_shifter_group|library_domain|virtual_techelt|timing_condition|rc_corner|opcond|library_set|base_cell_set|operating_condition|wireload_selection|wireload|lib_arc|pg_lib_pin|lib_pin|seq_function|lwlib_cell|lib_cell|lwlibrary|library|pg_base_pin|base_pin|base_cell|message|message_group|attribute|obj_type|root>+]:
        object of interest (must be unique) 
Error   : A required object parameter could not be found. [TUI-61] [::legacy::get_attr]
        : An object of type 'rtl_port|rtl_instance|rtl_block|rtl_module|hdl_implementation|hdl_bind|hdl_parameter|hdl_pin|hdl_subprogram|hdl_label|hdl_inst|hdl_procedure|hdl_block|hdl_component|hdl_operator|hdl_package|hdl_architecture|hdl_configuration|hdl_lib|cell_model|cell|test_bus_interface|test_bus_port|osc_source_reference|opcg_mode|opcg_domain|domain_macro_parameter|opcg_trigger|osc_source|dft_configuration_mode|jtag_instruction|jtag_instruction_register|jtag_macro|boundary_scan_segment|tap_port|jtag_port|test_signal|formal_verification_constraint|mbist_clock|mbist_clock_domain|pmbist_port|programmable_direct_access_function|memory_spare_column_map_data|memory_spare_column_map_address|memory_spare_column_map|memory_spare_column|memory_spare_row_map_address|memory_spare_row|memory_data_bit_structure|memory_bank_structure|address_partition|write_mask_bit|memory_lib_pin_access|memory_lib_pin_action|memory_lib_pin_test|memory_lib_pin_alias|memory_lib_cell|memory_library_domain|fuse_cell|fuse_cell_domain|test_clock|test_clock_domain|scan_segment|scan_chain|actual_scan_segment|actual_scan_chain|violation|timing_bin_path|timing_bin|arc|timing_point|timing_path|sdp_instance|sdp_column|sdp_row|sdp_group|flow_step|flow|command_option|command|level_shifter_rule|isolation_rule|macro_isolation_rule|macro_power_domain|macro_model|repeater_rule|state_retention_rule|power_mode|power_domain|nominal_condition|power_intent_command_id|power_intent_command|power_model|power_scope|congestion_box|route_type|pdomain|route_rule|blackbox|fpobject|pinstance|cluster|def_pin|pnet|specialnet|style|fill|slot|track_pattern|row|region|bump|pcell|group|extraction_grid|gcell_grid|gcell|route_blockage|place_blockage|blockage|layer|site|via|exception|cost_group|external_delay|clock|clock_domain|delay_corner|constraint_mode|analysis_view|mode|hport_bus|port_bus|constant|pin_bus|hpin_bus|pg_pin|hpin|pin|hport|port|pg_hport|pg_port|pg_hnet|pg_net|net|hnet|inst|hinst|module|design|level_shifter_group|library_domain|virtual_techelt|timing_condition|rc_corner|opcond|library_set|base_cell_set|operating_condition|wireload_selection|wireload|lib_arc|pg_lib_pin|lib_pin|seq_function|lwlib_cell|lib_cell|lwlibrary|library|pg_base_pin|base_pin|base_cell|message|message_group|attribute|obj_type|root' named 'iopt_partition' could not be found.

Usage: ::legacy::get_attr <string>
           [<rtl_port|rtl_instance|rtl_block|rtl_module|hdl_implementation|hdl_bind|hdl_parameter|hdl_pin|hdl_subprogram|hdl_label|hdl_inst|hdl_procedure|hdl_block|hdl_component|hdl_operator|hdl_package|hdl_architecture|hdl_configuration|hdl_lib|cell_model|cell|test_bus_interface|test_bus_port|osc_source_reference|opcg_mode|opcg_domain|domain_macro_parameter|opcg_trigger|osc_source|dft_configuration_mode|jtag_instruction|jtag_instruction_register|jtag_macro|boundary_scan_segment|tap_port|jtag_port|test_signal|formal_verification_constraint|mbist_clock|mbist_clock_domain|pmbist_port|programmable_direct_access_function|memory_spare_column_map_data|memory_spare_column_map_address|memory_spare_column_map|memory_spare_column|memory_spare_row_map_address|memory_spare_row|memory_data_bit_structure|memory_bank_structure|address_partition|write_mask_bit|memory_lib_pin_access|memory_lib_pin_action|memory_lib_pin_test|memory_lib_pin_alias|memory_lib_cell|memory_library_domain|fuse_cell|fuse_cell_domain|test_clock|test_clock_domain|scan_segment|scan_chain|actual_scan_segment|actual_scan_chain|violation|timing_bin_path|timing_bin|arc|timing_point|timing_path|sdp_instance|sdp_column|sdp_row|sdp_group|flow_step|flow|command_option|command|level_shifter_rule|isolation_rule|macro_isolation_rule|macro_power_domain|macro_model|repeater_rule|state_retention_rule|power_mode|power_domain|nominal_condition|power_intent_command_id|power_intent_command|power_model|power_scope|congestion_box|route_type|pdomain|route_rule|blackbox|fpobject|pinstance|cluster|def_pin|pnet|specialnet|style|fill|slot|track_pattern|row|region|bump|pcell|group|extraction_grid|gcell_grid|gcell|route_blockage|place_blockage|blockage|layer|site|via|exception|cost_group|external_delay|clock|clock_domain|delay_corner|constraint_mode|analysis_view|mode|hport_bus|port_bus|constant|pin_bus|hpin_bus|pg_pin|hpin|pin|hport|port|pg_hport|pg_port|pg_hnet|pg_net|net|hnet|inst|hinst|module|design|level_shifter_group|library_domain|virtual_techelt|timing_condition|rc_corner|opcond|library_set|base_cell_set|operating_condition|wireload_selection|wireload|lib_arc|pg_lib_pin|lib_pin|seq_function|lwlib_cell|lib_cell|lwlibrary|library|pg_base_pin|base_pin|base_cell|message|message_group|attribute|obj_type|root>+]

    <string>:
        attribute name 
    [<rtl_port|rtl_instance|rtl_block|rtl_module|hdl_implementation|hdl_bind|hdl_parameter|hdl_pin|hdl_subprogram|hdl_label|hdl_inst|hdl_procedure|hdl_block|hdl_component|hdl_operator|hdl_package|hdl_architecture|hdl_configuration|hdl_lib|cell_model|cell|test_bus_interface|test_bus_port|osc_source_reference|opcg_mode|opcg_domain|domain_macro_parameter|opcg_trigger|osc_source|dft_configuration_mode|jtag_instruction|jtag_instruction_register|jtag_macro|boundary_scan_segment|tap_port|jtag_port|test_signal|formal_verification_constraint|mbist_clock|mbist_clock_domain|pmbist_port|programmable_direct_access_function|memory_spare_column_map_data|memory_spare_column_map_address|memory_spare_column_map|memory_spare_column|memory_spare_row_map_address|memory_spare_row|memory_data_bit_structure|memory_bank_structure|address_partition|write_mask_bit|memory_lib_pin_access|memory_lib_pin_action|memory_lib_pin_test|memory_lib_pin_alias|memory_lib_cell|memory_library_domain|fuse_cell|fuse_cell_domain|test_clock|test_clock_domain|scan_segment|scan_chain|actual_scan_segment|actual_scan_chain|violation|timing_bin_path|timing_bin|arc|timing_point|timing_path|sdp_instance|sdp_column|sdp_row|sdp_group|flow_step|flow|command_option|command|level_shifter_rule|isolation_rule|macro_isolation_rule|macro_power_domain|macro_model|repeater_rule|state_retention_rule|power_mode|power_domain|nominal_condition|power_intent_command_id|power_intent_command|power_model|power_scope|congestion_box|route_type|pdomain|route_rule|blackbox|fpobject|pinstance|cluster|def_pin|pnet|specialnet|style|fill|slot|track_pattern|row|region|bump|pcell|group|extraction_grid|gcell_grid|gcell|route_blockage|place_blockage|blockage|layer|site|via|exception|cost_group|external_delay|clock|clock_domain|delay_corner|constraint_mode|analysis_view|mode|hport_bus|port_bus|constant|pin_bus|hpin_bus|pg_pin|hpin|pin|hport|port|pg_hport|pg_port|pg_hnet|pg_net|net|hnet|inst|hinst|module|design|level_shifter_group|library_domain|virtual_techelt|timing_condition|rc_corner|opcond|library_set|base_cell_set|operating_condition|wireload_selection|wireload|lib_arc|pg_lib_pin|lib_pin|seq_function|lwlib_cell|lib_cell|lwlibrary|library|pg_base_pin|base_pin|base_cell|message|message_group|attribute|obj_type|root>+]:
        object of interest (must be unique) 
Error   : A required object parameter could not be found. [TUI-61] [::legacy::get_attr]
        : An object of type 'rtl_port|rtl_instance|rtl_block|rtl_module|hdl_implementation|hdl_bind|hdl_parameter|hdl_pin|hdl_subprogram|hdl_label|hdl_inst|hdl_procedure|hdl_block|hdl_component|hdl_operator|hdl_package|hdl_architecture|hdl_configuration|hdl_lib|cell_model|cell|test_bus_interface|test_bus_port|osc_source_reference|opcg_mode|opcg_domain|domain_macro_parameter|opcg_trigger|osc_source|dft_configuration_mode|jtag_instruction|jtag_instruction_register|jtag_macro|boundary_scan_segment|tap_port|jtag_port|test_signal|formal_verification_constraint|mbist_clock|mbist_clock_domain|pmbist_port|programmable_direct_access_function|memory_spare_column_map_data|memory_spare_column_map_address|memory_spare_column_map|memory_spare_column|memory_spare_row_map_address|memory_spare_row|memory_data_bit_structure|memory_bank_structure|address_partition|write_mask_bit|memory_lib_pin_access|memory_lib_pin_action|memory_lib_pin_test|memory_lib_pin_alias|memory_lib_cell|memory_library_domain|fuse_cell|fuse_cell_domain|test_clock|test_clock_domain|scan_segment|scan_chain|actual_scan_segment|actual_scan_chain|violation|timing_bin_path|timing_bin|arc|timing_point|timing_path|sdp_instance|sdp_column|sdp_row|sdp_group|flow_step|flow|command_option|command|level_shifter_rule|isolation_rule|macro_isolation_rule|macro_power_domain|macro_model|repeater_rule|state_retention_rule|power_mode|power_domain|nominal_condition|power_intent_command_id|power_intent_command|power_model|power_scope|congestion_box|route_type|pdomain|route_rule|blackbox|fpobject|pinstance|cluster|def_pin|pnet|specialnet|style|fill|slot|track_pattern|row|region|bump|pcell|group|extraction_grid|gcell_grid|gcell|route_blockage|place_blockage|blockage|layer|site|via|exception|cost_group|external_delay|clock|clock_domain|delay_corner|constraint_mode|analysis_view|mode|hport_bus|port_bus|constant|pin_bus|hpin_bus|pg_pin|hpin|pin|hport|port|pg_hport|pg_port|pg_hnet|pg_net|net|hnet|inst|hinst|module|design|level_shifter_group|library_domain|virtual_techelt|timing_condition|rc_corner|opcond|library_set|base_cell_set|operating_condition|wireload_selection|wireload|lib_arc|pg_lib_pin|lib_pin|seq_function|lwlib_cell|lib_cell|lwlibrary|library|pg_base_pin|base_pin|base_cell|message|message_group|attribute|obj_type|root' named 'iopt_partition' could not be found.

Usage: ::legacy::get_attr <string>
           [<rtl_port|rtl_instance|rtl_block|rtl_module|hdl_implementation|hdl_bind|hdl_parameter|hdl_pin|hdl_subprogram|hdl_label|hdl_inst|hdl_procedure|hdl_block|hdl_component|hdl_operator|hdl_package|hdl_architecture|hdl_configuration|hdl_lib|cell_model|cell|test_bus_interface|test_bus_port|osc_source_reference|opcg_mode|opcg_domain|domain_macro_parameter|opcg_trigger|osc_source|dft_configuration_mode|jtag_instruction|jtag_instruction_register|jtag_macro|boundary_scan_segment|tap_port|jtag_port|test_signal|formal_verification_constraint|mbist_clock|mbist_clock_domain|pmbist_port|programmable_direct_access_function|memory_spare_column_map_data|memory_spare_column_map_address|memory_spare_column_map|memory_spare_column|memory_spare_row_map_address|memory_spare_row|memory_data_bit_structure|memory_bank_structure|address_partition|write_mask_bit|memory_lib_pin_access|memory_lib_pin_action|memory_lib_pin_test|memory_lib_pin_alias|memory_lib_cell|memory_library_domain|fuse_cell|fuse_cell_domain|test_clock|test_clock_domain|scan_segment|scan_chain|actual_scan_segment|actual_scan_chain|violation|timing_bin_path|timing_bin|arc|timing_point|timing_path|sdp_instance|sdp_column|sdp_row|sdp_group|flow_step|flow|command_option|command|level_shifter_rule|isolation_rule|macro_isolation_rule|macro_power_domain|macro_model|repeater_rule|state_retention_rule|power_mode|power_domain|nominal_condition|power_intent_command_id|power_intent_command|power_model|power_scope|congestion_box|route_type|pdomain|route_rule|blackbox|fpobject|pinstance|cluster|def_pin|pnet|specialnet|style|fill|slot|track_pattern|row|region|bump|pcell|group|extraction_grid|gcell_grid|gcell|route_blockage|place_blockage|blockage|layer|site|via|exception|cost_group|external_delay|clock|clock_domain|delay_corner|constraint_mode|analysis_view|mode|hport_bus|port_bus|constant|pin_bus|hpin_bus|pg_pin|hpin|pin|hport|port|pg_hport|pg_port|pg_hnet|pg_net|net|hnet|inst|hinst|module|design|level_shifter_group|library_domain|virtual_techelt|timing_condition|rc_corner|opcond|library_set|base_cell_set|operating_condition|wireload_selection|wireload|lib_arc|pg_lib_pin|lib_pin|seq_function|lwlib_cell|lib_cell|lwlibrary|library|pg_base_pin|base_pin|base_cell|message|message_group|attribute|obj_type|root>+]

    <string>:
        attribute name 
    [<rtl_port|rtl_instance|rtl_block|rtl_module|hdl_implementation|hdl_bind|hdl_parameter|hdl_pin|hdl_subprogram|hdl_label|hdl_inst|hdl_procedure|hdl_block|hdl_component|hdl_operator|hdl_package|hdl_architecture|hdl_configuration|hdl_lib|cell_model|cell|test_bus_interface|test_bus_port|osc_source_reference|opcg_mode|opcg_domain|domain_macro_parameter|opcg_trigger|osc_source|dft_configuration_mode|jtag_instruction|jtag_instruction_register|jtag_macro|boundary_scan_segment|tap_port|jtag_port|test_signal|formal_verification_constraint|mbist_clock|mbist_clock_domain|pmbist_port|programmable_direct_access_function|memory_spare_column_map_data|memory_spare_column_map_address|memory_spare_column_map|memory_spare_column|memory_spare_row_map_address|memory_spare_row|memory_data_bit_structure|memory_bank_structure|address_partition|write_mask_bit|memory_lib_pin_access|memory_lib_pin_action|memory_lib_pin_test|memory_lib_pin_alias|memory_lib_cell|memory_library_domain|fuse_cell|fuse_cell_domain|test_clock|test_clock_domain|scan_segment|scan_chain|actual_scan_segment|actual_scan_chain|violation|timing_bin_path|timing_bin|arc|timing_point|timing_path|sdp_instance|sdp_column|sdp_row|sdp_group|flow_step|flow|command_option|command|level_shifter_rule|isolation_rule|macro_isolation_rule|macro_power_domain|macro_model|repeater_rule|state_retention_rule|power_mode|power_domain|nominal_condition|power_intent_command_id|power_intent_command|power_model|power_scope|congestion_box|route_type|pdomain|route_rule|blackbox|fpobject|pinstance|cluster|def_pin|pnet|specialnet|style|fill|slot|track_pattern|row|region|bump|pcell|group|extraction_grid|gcell_grid|gcell|route_blockage|place_blockage|blockage|layer|site|via|exception|cost_group|external_delay|clock|clock_domain|delay_corner|constraint_mode|analysis_view|mode|hport_bus|port_bus|constant|pin_bus|hpin_bus|pg_pin|hpin|pin|hport|port|pg_hport|pg_port|pg_hnet|pg_net|net|hnet|inst|hinst|module|design|level_shifter_group|library_domain|virtual_techelt|timing_condition|rc_corner|opcond|library_set|base_cell_set|operating_condition|wireload_selection|wireload|lib_arc|pg_lib_pin|lib_pin|seq_function|lwlib_cell|lib_cell|lwlibrary|library|pg_base_pin|base_pin|base_cell|message|message_group|attribute|obj_type|root>+]:
        object of interest (must be unique) 
Error   : A required object parameter could not be found. [TUI-61] [::legacy::get_attr]
        : An object of type 'rtl_port|rtl_instance|rtl_block|rtl_module|hdl_implementation|hdl_bind|hdl_parameter|hdl_pin|hdl_subprogram|hdl_label|hdl_inst|hdl_procedure|hdl_block|hdl_component|hdl_operator|hdl_package|hdl_architecture|hdl_configuration|hdl_lib|cell_model|cell|test_bus_interface|test_bus_port|osc_source_reference|opcg_mode|opcg_domain|domain_macro_parameter|opcg_trigger|osc_source|dft_configuration_mode|jtag_instruction|jtag_instruction_register|jtag_macro|boundary_scan_segment|tap_port|jtag_port|test_signal|formal_verification_constraint|mbist_clock|mbist_clock_domain|pmbist_port|programmable_direct_access_function|memory_spare_column_map_data|memory_spare_column_map_address|memory_spare_column_map|memory_spare_column|memory_spare_row_map_address|memory_spare_row|memory_data_bit_structure|memory_bank_structure|address_partition|write_mask_bit|memory_lib_pin_access|memory_lib_pin_action|memory_lib_pin_test|memory_lib_pin_alias|memory_lib_cell|memory_library_domain|fuse_cell|fuse_cell_domain|test_clock|test_clock_domain|scan_segment|scan_chain|actual_scan_segment|actual_scan_chain|violation|timing_bin_path|timing_bin|arc|timing_point|timing_path|sdp_instance|sdp_column|sdp_row|sdp_group|flow_step|flow|command_option|command|level_shifter_rule|isolation_rule|macro_isolation_rule|macro_power_domain|macro_model|repeater_rule|state_retention_rule|power_mode|power_domain|nominal_condition|power_intent_command_id|power_intent_command|power_model|power_scope|congestion_box|route_type|pdomain|route_rule|blackbox|fpobject|pinstance|cluster|def_pin|pnet|specialnet|style|fill|slot|track_pattern|row|region|bump|pcell|group|extraction_grid|gcell_grid|gcell|route_blockage|place_blockage|blockage|layer|site|via|exception|cost_group|external_delay|clock|clock_domain|delay_corner|constraint_mode|analysis_view|mode|hport_bus|port_bus|constant|pin_bus|hpin_bus|pg_pin|hpin|pin|hport|port|pg_hport|pg_port|pg_hnet|pg_net|net|hnet|inst|hinst|module|design|level_shifter_group|library_domain|virtual_techelt|timing_condition|rc_corner|opcond|library_set|base_cell_set|operating_condition|wireload_selection|wireload|lib_arc|pg_lib_pin|lib_pin|seq_function|lwlib_cell|lib_cell|lwlibrary|library|pg_base_pin|base_pin|base_cell|message|message_group|attribute|obj_type|root' named 'iopt_partition' could not be found.

Usage: ::legacy::get_attr <string>
           [<rtl_port|rtl_instance|rtl_block|rtl_module|hdl_implementation|hdl_bind|hdl_parameter|hdl_pin|hdl_subprogram|hdl_label|hdl_inst|hdl_procedure|hdl_block|hdl_component|hdl_operator|hdl_package|hdl_architecture|hdl_configuration|hdl_lib|cell_model|cell|test_bus_interface|test_bus_port|osc_source_reference|opcg_mode|opcg_domain|domain_macro_parameter|opcg_trigger|osc_source|dft_configuration_mode|jtag_instruction|jtag_instruction_register|jtag_macro|boundary_scan_segment|tap_port|jtag_port|test_signal|formal_verification_constraint|mbist_clock|mbist_clock_domain|pmbist_port|programmable_direct_access_function|memory_spare_column_map_data|memory_spare_column_map_address|memory_spare_column_map|memory_spare_column|memory_spare_row_map_address|memory_spare_row|memory_data_bit_structure|memory_bank_structure|address_partition|write_mask_bit|memory_lib_pin_access|memory_lib_pin_action|memory_lib_pin_test|memory_lib_pin_alias|memory_lib_cell|memory_library_domain|fuse_cell|fuse_cell_domain|test_clock|test_clock_domain|scan_segment|scan_chain|actual_scan_segment|actual_scan_chain|violation|timing_bin_path|timing_bin|arc|timing_point|timing_path|sdp_instance|sdp_column|sdp_row|sdp_group|flow_step|flow|command_option|command|level_shifter_rule|isolation_rule|macro_isolation_rule|macro_power_domain|macro_model|repeater_rule|state_retention_rule|power_mode|power_domain|nominal_condition|power_intent_command_id|power_intent_command|power_model|power_scope|congestion_box|route_type|pdomain|route_rule|blackbox|fpobject|pinstance|cluster|def_pin|pnet|specialnet|style|fill|slot|track_pattern|row|region|bump|pcell|group|extraction_grid|gcell_grid|gcell|route_blockage|place_blockage|blockage|layer|site|via|exception|cost_group|external_delay|clock|clock_domain|delay_corner|constraint_mode|analysis_view|mode|hport_bus|port_bus|constant|pin_bus|hpin_bus|pg_pin|hpin|pin|hport|port|pg_hport|pg_port|pg_hnet|pg_net|net|hnet|inst|hinst|module|design|level_shifter_group|library_domain|virtual_techelt|timing_condition|rc_corner|opcond|library_set|base_cell_set|operating_condition|wireload_selection|wireload|lib_arc|pg_lib_pin|lib_pin|seq_function|lwlib_cell|lib_cell|lwlibrary|library|pg_base_pin|base_pin|base_cell|message|message_group|attribute|obj_type|root>+]

    <string>:
        attribute name 
    [<rtl_port|rtl_instance|rtl_block|rtl_module|hdl_implementation|hdl_bind|hdl_parameter|hdl_pin|hdl_subprogram|hdl_label|hdl_inst|hdl_procedure|hdl_block|hdl_component|hdl_operator|hdl_package|hdl_architecture|hdl_configuration|hdl_lib|cell_model|cell|test_bus_interface|test_bus_port|osc_source_reference|opcg_mode|opcg_domain|domain_macro_parameter|opcg_trigger|osc_source|dft_configuration_mode|jtag_instruction|jtag_instruction_register|jtag_macro|boundary_scan_segment|tap_port|jtag_port|test_signal|formal_verification_constraint|mbist_clock|mbist_clock_domain|pmbist_port|programmable_direct_access_function|memory_spare_column_map_data|memory_spare_column_map_address|memory_spare_column_map|memory_spare_column|memory_spare_row_map_address|memory_spare_row|memory_data_bit_structure|memory_bank_structure|address_partition|write_mask_bit|memory_lib_pin_access|memory_lib_pin_action|memory_lib_pin_test|memory_lib_pin_alias|memory_lib_cell|memory_library_domain|fuse_cell|fuse_cell_domain|test_clock|test_clock_domain|scan_segment|scan_chain|actual_scan_segment|actual_scan_chain|violation|timing_bin_path|timing_bin|arc|timing_point|timing_path|sdp_instance|sdp_column|sdp_row|sdp_group|flow_step|flow|command_option|command|level_shifter_rule|isolation_rule|macro_isolation_rule|macro_power_domain|macro_model|repeater_rule|state_retention_rule|power_mode|power_domain|nominal_condition|power_intent_command_id|power_intent_command|power_model|power_scope|congestion_box|route_type|pdomain|route_rule|blackbox|fpobject|pinstance|cluster|def_pin|pnet|specialnet|style|fill|slot|track_pattern|row|region|bump|pcell|group|extraction_grid|gcell_grid|gcell|route_blockage|place_blockage|blockage|layer|site|via|exception|cost_group|external_delay|clock|clock_domain|delay_corner|constraint_mode|analysis_view|mode|hport_bus|port_bus|constant|pin_bus|hpin_bus|pg_pin|hpin|pin|hport|port|pg_hport|pg_port|pg_hnet|pg_net|net|hnet|inst|hinst|module|design|level_shifter_group|library_domain|virtual_techelt|timing_condition|rc_corner|opcond|library_set|base_cell_set|operating_condition|wireload_selection|wireload|lib_arc|pg_lib_pin|lib_pin|seq_function|lwlib_cell|lib_cell|lwlibrary|library|pg_base_pin|base_pin|base_cell|message|message_group|attribute|obj_type|root>+]:
        object of interest (must be unique) 
Error   : A required object parameter could not be found. [TUI-61] [::legacy::get_attr]
        : An object of type 'rtl_port|rtl_instance|rtl_block|rtl_module|hdl_implementation|hdl_bind|hdl_parameter|hdl_pin|hdl_subprogram|hdl_label|hdl_inst|hdl_procedure|hdl_block|hdl_component|hdl_operator|hdl_package|hdl_architecture|hdl_configuration|hdl_lib|cell_model|cell|test_bus_interface|test_bus_port|osc_source_reference|opcg_mode|opcg_domain|domain_macro_parameter|opcg_trigger|osc_source|dft_configuration_mode|jtag_instruction|jtag_instruction_register|jtag_macro|boundary_scan_segment|tap_port|jtag_port|test_signal|formal_verification_constraint|mbist_clock|mbist_clock_domain|pmbist_port|programmable_direct_access_function|memory_spare_column_map_data|memory_spare_column_map_address|memory_spare_column_map|memory_spare_column|memory_spare_row_map_address|memory_spare_row|memory_data_bit_structure|memory_bank_structure|address_partition|write_mask_bit|memory_lib_pin_access|memory_lib_pin_action|memory_lib_pin_test|memory_lib_pin_alias|memory_lib_cell|memory_library_domain|fuse_cell|fuse_cell_domain|test_clock|test_clock_domain|scan_segment|scan_chain|actual_scan_segment|actual_scan_chain|violation|timing_bin_path|timing_bin|arc|timing_point|timing_path|sdp_instance|sdp_column|sdp_row|sdp_group|flow_step|flow|command_option|command|level_shifter_rule|isolation_rule|macro_isolation_rule|macro_power_domain|macro_model|repeater_rule|state_retention_rule|power_mode|power_domain|nominal_condition|power_intent_command_id|power_intent_command|power_model|power_scope|congestion_box|route_type|pdomain|route_rule|blackbox|fpobject|pinstance|cluster|def_pin|pnet|specialnet|style|fill|slot|track_pattern|row|region|bump|pcell|group|extraction_grid|gcell_grid|gcell|route_blockage|place_blockage|blockage|layer|site|via|exception|cost_group|external_delay|clock|clock_domain|delay_corner|constraint_mode|analysis_view|mode|hport_bus|port_bus|constant|pin_bus|hpin_bus|pg_pin|hpin|pin|hport|port|pg_hport|pg_port|pg_hnet|pg_net|net|hnet|inst|hinst|module|design|level_shifter_group|library_domain|virtual_techelt|timing_condition|rc_corner|opcond|library_set|base_cell_set|operating_condition|wireload_selection|wireload|lib_arc|pg_lib_pin|lib_pin|seq_function|lwlib_cell|lib_cell|lwlibrary|library|pg_base_pin|base_pin|base_cell|message|message_group|attribute|obj_type|root' named 'iopt_partition' could not be found.

Usage: ::legacy::get_attr <string>
           [<rtl_port|rtl_instance|rtl_block|rtl_module|hdl_implementation|hdl_bind|hdl_parameter|hdl_pin|hdl_subprogram|hdl_label|hdl_inst|hdl_procedure|hdl_block|hdl_component|hdl_operator|hdl_package|hdl_architecture|hdl_configuration|hdl_lib|cell_model|cell|test_bus_interface|test_bus_port|osc_source_reference|opcg_mode|opcg_domain|domain_macro_parameter|opcg_trigger|osc_source|dft_configuration_mode|jtag_instruction|jtag_instruction_register|jtag_macro|boundary_scan_segment|tap_port|jtag_port|test_signal|formal_verification_constraint|mbist_clock|mbist_clock_domain|pmbist_port|programmable_direct_access_function|memory_spare_column_map_data|memory_spare_column_map_address|memory_spare_column_map|memory_spare_column|memory_spare_row_map_address|memory_spare_row|memory_data_bit_structure|memory_bank_structure|address_partition|write_mask_bit|memory_lib_pin_access|memory_lib_pin_action|memory_lib_pin_test|memory_lib_pin_alias|memory_lib_cell|memory_library_domain|fuse_cell|fuse_cell_domain|test_clock|test_clock_domain|scan_segment|scan_chain|actual_scan_segment|actual_scan_chain|violation|timing_bin_path|timing_bin|arc|timing_point|timing_path|sdp_instance|sdp_column|sdp_row|sdp_group|flow_step|flow|command_option|command|level_shifter_rule|isolation_rule|macro_isolation_rule|macro_power_domain|macro_model|repeater_rule|state_retention_rule|power_mode|power_domain|nominal_condition|power_intent_command_id|power_intent_command|power_model|power_scope|congestion_box|route_type|pdomain|route_rule|blackbox|fpobject|pinstance|cluster|def_pin|pnet|specialnet|style|fill|slot|track_pattern|row|region|bump|pcell|group|extraction_grid|gcell_grid|gcell|route_blockage|place_blockage|blockage|layer|site|via|exception|cost_group|external_delay|clock|clock_domain|delay_corner|constraint_mode|analysis_view|mode|hport_bus|port_bus|constant|pin_bus|hpin_bus|pg_pin|hpin|pin|hport|port|pg_hport|pg_port|pg_hnet|pg_net|net|hnet|inst|hinst|module|design|level_shifter_group|library_domain|virtual_techelt|timing_condition|rc_corner|opcond|library_set|base_cell_set|operating_condition|wireload_selection|wireload|lib_arc|pg_lib_pin|lib_pin|seq_function|lwlib_cell|lib_cell|lwlibrary|library|pg_base_pin|base_pin|base_cell|message|message_group|attribute|obj_type|root>+]

    <string>:
        attribute name 
    [<rtl_port|rtl_instance|rtl_block|rtl_module|hdl_implementation|hdl_bind|hdl_parameter|hdl_pin|hdl_subprogram|hdl_label|hdl_inst|hdl_procedure|hdl_block|hdl_component|hdl_operator|hdl_package|hdl_architecture|hdl_configuration|hdl_lib|cell_model|cell|test_bus_interface|test_bus_port|osc_source_reference|opcg_mode|opcg_domain|domain_macro_parameter|opcg_trigger|osc_source|dft_configuration_mode|jtag_instruction|jtag_instruction_register|jtag_macro|boundary_scan_segment|tap_port|jtag_port|test_signal|formal_verification_constraint|mbist_clock|mbist_clock_domain|pmbist_port|programmable_direct_access_function|memory_spare_column_map_data|memory_spare_column_map_address|memory_spare_column_map|memory_spare_column|memory_spare_row_map_address|memory_spare_row|memory_data_bit_structure|memory_bank_structure|address_partition|write_mask_bit|memory_lib_pin_access|memory_lib_pin_action|memory_lib_pin_test|memory_lib_pin_alias|memory_lib_cell|memory_library_domain|fuse_cell|fuse_cell_domain|test_clock|test_clock_domain|scan_segment|scan_chain|actual_scan_segment|actual_scan_chain|violation|timing_bin_path|timing_bin|arc|timing_point|timing_path|sdp_instance|sdp_column|sdp_row|sdp_group|flow_step|flow|command_option|command|level_shifter_rule|isolation_rule|macro_isolation_rule|macro_power_domain|macro_model|repeater_rule|state_retention_rule|power_mode|power_domain|nominal_condition|power_intent_command_id|power_intent_command|power_model|power_scope|congestion_box|route_type|pdomain|route_rule|blackbox|fpobject|pinstance|cluster|def_pin|pnet|specialnet|style|fill|slot|track_pattern|row|region|bump|pcell|group|extraction_grid|gcell_grid|gcell|route_blockage|place_blockage|blockage|layer|site|via|exception|cost_group|external_delay|clock|clock_domain|delay_corner|constraint_mode|analysis_view|mode|hport_bus|port_bus|constant|pin_bus|hpin_bus|pg_pin|hpin|pin|hport|port|pg_hport|pg_port|pg_hnet|pg_net|net|hnet|inst|hinst|module|design|level_shifter_group|library_domain|virtual_techelt|timing_condition|rc_corner|opcond|library_set|base_cell_set|operating_condition|wireload_selection|wireload|lib_arc|pg_lib_pin|lib_pin|seq_function|lwlib_cell|lib_cell|lwlibrary|library|pg_base_pin|base_pin|base_cell|message|message_group|attribute|obj_type|root>+]:
        object of interest (must be unique) 
Error   : A required object parameter could not be found. [TUI-61] [::legacy::get_attr]
        : An object of type 'rtl_port|rtl_instance|rtl_block|rtl_module|hdl_implementation|hdl_bind|hdl_parameter|hdl_pin|hdl_subprogram|hdl_label|hdl_inst|hdl_procedure|hdl_block|hdl_component|hdl_operator|hdl_package|hdl_architecture|hdl_configuration|hdl_lib|cell_model|cell|test_bus_interface|test_bus_port|osc_source_reference|opcg_mode|opcg_domain|domain_macro_parameter|opcg_trigger|osc_source|dft_configuration_mode|jtag_instruction|jtag_instruction_register|jtag_macro|boundary_scan_segment|tap_port|jtag_port|test_signal|formal_verification_constraint|mbist_clock|mbist_clock_domain|pmbist_port|programmable_direct_access_function|memory_spare_column_map_data|memory_spare_column_map_address|memory_spare_column_map|memory_spare_column|memory_spare_row_map_address|memory_spare_row|memory_data_bit_structure|memory_bank_structure|address_partition|write_mask_bit|memory_lib_pin_access|memory_lib_pin_action|memory_lib_pin_test|memory_lib_pin_alias|memory_lib_cell|memory_library_domain|fuse_cell|fuse_cell_domain|test_clock|test_clock_domain|scan_segment|scan_chain|actual_scan_segment|actual_scan_chain|violation|timing_bin_path|timing_bin|arc|timing_point|timing_path|sdp_instance|sdp_column|sdp_row|sdp_group|flow_step|flow|command_option|command|level_shifter_rule|isolation_rule|macro_isolation_rule|macro_power_domain|macro_model|repeater_rule|state_retention_rule|power_mode|power_domain|nominal_condition|power_intent_command_id|power_intent_command|power_model|power_scope|congestion_box|route_type|pdomain|route_rule|blackbox|fpobject|pinstance|cluster|def_pin|pnet|specialnet|style|fill|slot|track_pattern|row|region|bump|pcell|group|extraction_grid|gcell_grid|gcell|route_blockage|place_blockage|blockage|layer|site|via|exception|cost_group|external_delay|clock|clock_domain|delay_corner|constraint_mode|analysis_view|mode|hport_bus|port_bus|constant|pin_bus|hpin_bus|pg_pin|hpin|pin|hport|port|pg_hport|pg_port|pg_hnet|pg_net|net|hnet|inst|hinst|module|design|level_shifter_group|library_domain|virtual_techelt|timing_condition|rc_corner|opcond|library_set|base_cell_set|operating_condition|wireload_selection|wireload|lib_arc|pg_lib_pin|lib_pin|seq_function|lwlib_cell|lib_cell|lwlibrary|library|pg_base_pin|base_pin|base_cell|message|message_group|attribute|obj_type|root' named 'iopt_partition' could not be found.

Usage: ::legacy::get_attr <string>
           [<rtl_port|rtl_instance|rtl_block|rtl_module|hdl_implementation|hdl_bind|hdl_parameter|hdl_pin|hdl_subprogram|hdl_label|hdl_inst|hdl_procedure|hdl_block|hdl_component|hdl_operator|hdl_package|hdl_architecture|hdl_configuration|hdl_lib|cell_model|cell|test_bus_interface|test_bus_port|osc_source_reference|opcg_mode|opcg_domain|domain_macro_parameter|opcg_trigger|osc_source|dft_configuration_mode|jtag_instruction|jtag_instruction_register|jtag_macro|boundary_scan_segment|tap_port|jtag_port|test_signal|formal_verification_constraint|mbist_clock|mbist_clock_domain|pmbist_port|programmable_direct_access_function|memory_spare_column_map_data|memory_spare_column_map_address|memory_spare_column_map|memory_spare_column|memory_spare_row_map_address|memory_spare_row|memory_data_bit_structure|memory_bank_structure|address_partition|write_mask_bit|memory_lib_pin_access|memory_lib_pin_action|memory_lib_pin_test|memory_lib_pin_alias|memory_lib_cell|memory_library_domain|fuse_cell|fuse_cell_domain|test_clock|test_clock_domain|scan_segment|scan_chain|actual_scan_segment|actual_scan_chain|violation|timing_bin_path|timing_bin|arc|timing_point|timing_path|sdp_instance|sdp_column|sdp_row|sdp_group|flow_step|flow|command_option|command|level_shifter_rule|isolation_rule|macro_isolation_rule|macro_power_domain|macro_model|repeater_rule|state_retention_rule|power_mode|power_domain|nominal_condition|power_intent_command_id|power_intent_command|power_model|power_scope|congestion_box|route_type|pdomain|route_rule|blackbox|fpobject|pinstance|cluster|def_pin|pnet|specialnet|style|fill|slot|track_pattern|row|region|bump|pcell|group|extraction_grid|gcell_grid|gcell|route_blockage|place_blockage|blockage|layer|site|via|exception|cost_group|external_delay|clock|clock_domain|delay_corner|constraint_mode|analysis_view|mode|hport_bus|port_bus|constant|pin_bus|hpin_bus|pg_pin|hpin|pin|hport|port|pg_hport|pg_port|pg_hnet|pg_net|net|hnet|inst|hinst|module|design|level_shifter_group|library_domain|virtual_techelt|timing_condition|rc_corner|opcond|library_set|base_cell_set|operating_condition|wireload_selection|wireload|lib_arc|pg_lib_pin|lib_pin|seq_function|lwlib_cell|lib_cell|lwlibrary|library|pg_base_pin|base_pin|base_cell|message|message_group|attribute|obj_type|root>+]

    <string>:
        attribute name 
    [<rtl_port|rtl_instance|rtl_block|rtl_module|hdl_implementation|hdl_bind|hdl_parameter|hdl_pin|hdl_subprogram|hdl_label|hdl_inst|hdl_procedure|hdl_block|hdl_component|hdl_operator|hdl_package|hdl_architecture|hdl_configuration|hdl_lib|cell_model|cell|test_bus_interface|test_bus_port|osc_source_reference|opcg_mode|opcg_domain|domain_macro_parameter|opcg_trigger|osc_source|dft_configuration_mode|jtag_instruction|jtag_instruction_register|jtag_macro|boundary_scan_segment|tap_port|jtag_port|test_signal|formal_verification_constraint|mbist_clock|mbist_clock_domain|pmbist_port|programmable_direct_access_function|memory_spare_column_map_data|memory_spare_column_map_address|memory_spare_column_map|memory_spare_column|memory_spare_row_map_address|memory_spare_row|memory_data_bit_structure|memory_bank_structure|address_partition|write_mask_bit|memory_lib_pin_access|memory_lib_pin_action|memory_lib_pin_test|memory_lib_pin_alias|memory_lib_cell|memory_library_domain|fuse_cell|fuse_cell_domain|test_clock|test_clock_domain|scan_segment|scan_chain|actual_scan_segment|actual_scan_chain|violation|timing_bin_path|timing_bin|arc|timing_point|timing_path|sdp_instance|sdp_column|sdp_row|sdp_group|flow_step|flow|command_option|command|level_shifter_rule|isolation_rule|macro_isolation_rule|macro_power_domain|macro_model|repeater_rule|state_retention_rule|power_mode|power_domain|nominal_condition|power_intent_command_id|power_intent_command|power_model|power_scope|congestion_box|route_type|pdomain|route_rule|blackbox|fpobject|pinstance|cluster|def_pin|pnet|specialnet|style|fill|slot|track_pattern|row|region|bump|pcell|group|extraction_grid|gcell_grid|gcell|route_blockage|place_blockage|blockage|layer|site|via|exception|cost_group|external_delay|clock|clock_domain|delay_corner|constraint_mode|analysis_view|mode|hport_bus|port_bus|constant|pin_bus|hpin_bus|pg_pin|hpin|pin|hport|port|pg_hport|pg_port|pg_hnet|pg_net|net|hnet|inst|hinst|module|design|level_shifter_group|library_domain|virtual_techelt|timing_condition|rc_corner|opcond|library_set|base_cell_set|operating_condition|wireload_selection|wireload|lib_arc|pg_lib_pin|lib_pin|seq_function|lwlib_cell|lib_cell|lwlibrary|library|pg_base_pin|base_pin|base_cell|message|message_group|attribute|obj_type|root>+]:
        object of interest (must be unique) 
Error   : A required object parameter could not be found. [TUI-61] [::legacy::get_attr]
        : An object of type 'rtl_port|rtl_instance|rtl_block|rtl_module|hdl_implementation|hdl_bind|hdl_parameter|hdl_pin|hdl_subprogram|hdl_label|hdl_inst|hdl_procedure|hdl_block|hdl_component|hdl_operator|hdl_package|hdl_architecture|hdl_configuration|hdl_lib|cell_model|cell|test_bus_interface|test_bus_port|osc_source_reference|opcg_mode|opcg_domain|domain_macro_parameter|opcg_trigger|osc_source|dft_configuration_mode|jtag_instruction|jtag_instruction_register|jtag_macro|boundary_scan_segment|tap_port|jtag_port|test_signal|formal_verification_constraint|mbist_clock|mbist_clock_domain|pmbist_port|programmable_direct_access_function|memory_spare_column_map_data|memory_spare_column_map_address|memory_spare_column_map|memory_spare_column|memory_spare_row_map_address|memory_spare_row|memory_data_bit_structure|memory_bank_structure|address_partition|write_mask_bit|memory_lib_pin_access|memory_lib_pin_action|memory_lib_pin_test|memory_lib_pin_alias|memory_lib_cell|memory_library_domain|fuse_cell|fuse_cell_domain|test_clock|test_clock_domain|scan_segment|scan_chain|actual_scan_segment|actual_scan_chain|violation|timing_bin_path|timing_bin|arc|timing_point|timing_path|sdp_instance|sdp_column|sdp_row|sdp_group|flow_step|flow|command_option|command|level_shifter_rule|isolation_rule|macro_isolation_rule|macro_power_domain|macro_model|repeater_rule|state_retention_rule|power_mode|power_domain|nominal_condition|power_intent_command_id|power_intent_command|power_model|power_scope|congestion_box|route_type|pdomain|route_rule|blackbox|fpobject|pinstance|cluster|def_pin|pnet|specialnet|style|fill|slot|track_pattern|row|region|bump|pcell|group|extraction_grid|gcell_grid|gcell|route_blockage|place_blockage|blockage|layer|site|via|exception|cost_group|external_delay|clock|clock_domain|delay_corner|constraint_mode|analysis_view|mode|hport_bus|port_bus|constant|pin_bus|hpin_bus|pg_pin|hpin|pin|hport|port|pg_hport|pg_port|pg_hnet|pg_net|net|hnet|inst|hinst|module|design|level_shifter_group|library_domain|virtual_techelt|timing_condition|rc_corner|opcond|library_set|base_cell_set|operating_condition|wireload_selection|wireload|lib_arc|pg_lib_pin|lib_pin|seq_function|lwlib_cell|lib_cell|lwlibrary|library|pg_base_pin|base_pin|base_cell|message|message_group|attribute|obj_type|root' named 'iopt_partition' could not be found.

Usage: ::legacy::get_attr <string>
           [<rtl_port|rtl_instance|rtl_block|rtl_module|hdl_implementation|hdl_bind|hdl_parameter|hdl_pin|hdl_subprogram|hdl_label|hdl_inst|hdl_procedure|hdl_block|hdl_component|hdl_operator|hdl_package|hdl_architecture|hdl_configuration|hdl_lib|cell_model|cell|test_bus_interface|test_bus_port|osc_source_reference|opcg_mode|opcg_domain|domain_macro_parameter|opcg_trigger|osc_source|dft_configuration_mode|jtag_instruction|jtag_instruction_register|jtag_macro|boundary_scan_segment|tap_port|jtag_port|test_signal|formal_verification_constraint|mbist_clock|mbist_clock_domain|pmbist_port|programmable_direct_access_function|memory_spare_column_map_data|memory_spare_column_map_address|memory_spare_column_map|memory_spare_column|memory_spare_row_map_address|memory_spare_row|memory_data_bit_structure|memory_bank_structure|address_partition|write_mask_bit|memory_lib_pin_access|memory_lib_pin_action|memory_lib_pin_test|memory_lib_pin_alias|memory_lib_cell|memory_library_domain|fuse_cell|fuse_cell_domain|test_clock|test_clock_domain|scan_segment|scan_chain|actual_scan_segment|actual_scan_chain|violation|timing_bin_path|timing_bin|arc|timing_point|timing_path|sdp_instance|sdp_column|sdp_row|sdp_group|flow_step|flow|command_option|command|level_shifter_rule|isolation_rule|macro_isolation_rule|macro_power_domain|macro_model|repeater_rule|state_retention_rule|power_mode|power_domain|nominal_condition|power_intent_command_id|power_intent_command|power_model|power_scope|congestion_box|route_type|pdomain|route_rule|blackbox|fpobject|pinstance|cluster|def_pin|pnet|specialnet|style|fill|slot|track_pattern|row|region|bump|pcell|group|extraction_grid|gcell_grid|gcell|route_blockage|place_blockage|blockage|layer|site|via|exception|cost_group|external_delay|clock|clock_domain|delay_corner|constraint_mode|analysis_view|mode|hport_bus|port_bus|constant|pin_bus|hpin_bus|pg_pin|hpin|pin|hport|port|pg_hport|pg_port|pg_hnet|pg_net|net|hnet|inst|hinst|module|design|level_shifter_group|library_domain|virtual_techelt|timing_condition|rc_corner|opcond|library_set|base_cell_set|operating_condition|wireload_selection|wireload|lib_arc|pg_lib_pin|lib_pin|seq_function|lwlib_cell|lib_cell|lwlibrary|library|pg_base_pin|base_pin|base_cell|message|message_group|attribute|obj_type|root>+]

    <string>:
        attribute name 
    [<rtl_port|rtl_instance|rtl_block|rtl_module|hdl_implementation|hdl_bind|hdl_parameter|hdl_pin|hdl_subprogram|hdl_label|hdl_inst|hdl_procedure|hdl_block|hdl_component|hdl_operator|hdl_package|hdl_architecture|hdl_configuration|hdl_lib|cell_model|cell|test_bus_interface|test_bus_port|osc_source_reference|opcg_mode|opcg_domain|domain_macro_parameter|opcg_trigger|osc_source|dft_configuration_mode|jtag_instruction|jtag_instruction_register|jtag_macro|boundary_scan_segment|tap_port|jtag_port|test_signal|formal_verification_constraint|mbist_clock|mbist_clock_domain|pmbist_port|programmable_direct_access_function|memory_spare_column_map_data|memory_spare_column_map_address|memory_spare_column_map|memory_spare_column|memory_spare_row_map_address|memory_spare_row|memory_data_bit_structure|memory_bank_structure|address_partition|write_mask_bit|memory_lib_pin_access|memory_lib_pin_action|memory_lib_pin_test|memory_lib_pin_alias|memory_lib_cell|memory_library_domain|fuse_cell|fuse_cell_domain|test_clock|test_clock_domain|scan_segment|scan_chain|actual_scan_segment|actual_scan_chain|violation|timing_bin_path|timing_bin|arc|timing_point|timing_path|sdp_instance|sdp_column|sdp_row|sdp_group|flow_step|flow|command_option|command|level_shifter_rule|isolation_rule|macro_isolation_rule|macro_power_domain|macro_model|repeater_rule|state_retention_rule|power_mode|power_domain|nominal_condition|power_intent_command_id|power_intent_command|power_model|power_scope|congestion_box|route_type|pdomain|route_rule|blackbox|fpobject|pinstance|cluster|def_pin|pnet|specialnet|style|fill|slot|track_pattern|row|region|bump|pcell|group|extraction_grid|gcell_grid|gcell|route_blockage|place_blockage|blockage|layer|site|via|exception|cost_group|external_delay|clock|clock_domain|delay_corner|constraint_mode|analysis_view|mode|hport_bus|port_bus|constant|pin_bus|hpin_bus|pg_pin|hpin|pin|hport|port|pg_hport|pg_port|pg_hnet|pg_net|net|hnet|inst|hinst|module|design|level_shifter_group|library_domain|virtual_techelt|timing_condition|rc_corner|opcond|library_set|base_cell_set|operating_condition|wireload_selection|wireload|lib_arc|pg_lib_pin|lib_pin|seq_function|lwlib_cell|lib_cell|lwlibrary|library|pg_base_pin|base_pin|base_cell|message|message_group|attribute|obj_type|root>+]:
        object of interest (must be unique) 
Error   : A required object parameter could not be found. [TUI-61] [::legacy::get_attr]
        : An object of type 'rtl_port|rtl_instance|rtl_block|rtl_module|hdl_implementation|hdl_bind|hdl_parameter|hdl_pin|hdl_subprogram|hdl_label|hdl_inst|hdl_procedure|hdl_block|hdl_component|hdl_operator|hdl_package|hdl_architecture|hdl_configuration|hdl_lib|cell_model|cell|test_bus_interface|test_bus_port|osc_source_reference|opcg_mode|opcg_domain|domain_macro_parameter|opcg_trigger|osc_source|dft_configuration_mode|jtag_instruction|jtag_instruction_register|jtag_macro|boundary_scan_segment|tap_port|jtag_port|test_signal|formal_verification_constraint|mbist_clock|mbist_clock_domain|pmbist_port|programmable_direct_access_function|memory_spare_column_map_data|memory_spare_column_map_address|memory_spare_column_map|memory_spare_column|memory_spare_row_map_address|memory_spare_row|memory_data_bit_structure|memory_bank_structure|address_partition|write_mask_bit|memory_lib_pin_access|memory_lib_pin_action|memory_lib_pin_test|memory_lib_pin_alias|memory_lib_cell|memory_library_domain|fuse_cell|fuse_cell_domain|test_clock|test_clock_domain|scan_segment|scan_chain|actual_scan_segment|actual_scan_chain|violation|timing_bin_path|timing_bin|arc|timing_point|timing_path|sdp_instance|sdp_column|sdp_row|sdp_group|flow_step|flow|command_option|command|level_shifter_rule|isolation_rule|macro_isolation_rule|macro_power_domain|macro_model|repeater_rule|state_retention_rule|power_mode|power_domain|nominal_condition|power_intent_command_id|power_intent_command|power_model|power_scope|congestion_box|route_type|pdomain|route_rule|blackbox|fpobject|pinstance|cluster|def_pin|pnet|specialnet|style|fill|slot|track_pattern|row|region|bump|pcell|group|extraction_grid|gcell_grid|gcell|route_blockage|place_blockage|blockage|layer|site|via|exception|cost_group|external_delay|clock|clock_domain|delay_corner|constraint_mode|analysis_view|mode|hport_bus|port_bus|constant|pin_bus|hpin_bus|pg_pin|hpin|pin|hport|port|pg_hport|pg_port|pg_hnet|pg_net|net|hnet|inst|hinst|module|design|level_shifter_group|library_domain|virtual_techelt|timing_condition|rc_corner|opcond|library_set|base_cell_set|operating_condition|wireload_selection|wireload|lib_arc|pg_lib_pin|lib_pin|seq_function|lwlib_cell|lib_cell|lwlibrary|library|pg_base_pin|base_pin|base_cell|message|message_group|attribute|obj_type|root' named 'iopt_partition' could not be found.

Usage: ::legacy::get_attr <string>
           [<rtl_port|rtl_instance|rtl_block|rtl_module|hdl_implementation|hdl_bind|hdl_parameter|hdl_pin|hdl_subprogram|hdl_label|hdl_inst|hdl_procedure|hdl_block|hdl_component|hdl_operator|hdl_package|hdl_architecture|hdl_configuration|hdl_lib|cell_model|cell|test_bus_interface|test_bus_port|osc_source_reference|opcg_mode|opcg_domain|domain_macro_parameter|opcg_trigger|osc_source|dft_configuration_mode|jtag_instruction|jtag_instruction_register|jtag_macro|boundary_scan_segment|tap_port|jtag_port|test_signal|formal_verification_constraint|mbist_clock|mbist_clock_domain|pmbist_port|programmable_direct_access_function|memory_spare_column_map_data|memory_spare_column_map_address|memory_spare_column_map|memory_spare_column|memory_spare_row_map_address|memory_spare_row|memory_data_bit_structure|memory_bank_structure|address_partition|write_mask_bit|memory_lib_pin_access|memory_lib_pin_action|memory_lib_pin_test|memory_lib_pin_alias|memory_lib_cell|memory_library_domain|fuse_cell|fuse_cell_domain|test_clock|test_clock_domain|scan_segment|scan_chain|actual_scan_segment|actual_scan_chain|violation|timing_bin_path|timing_bin|arc|timing_point|timing_path|sdp_instance|sdp_column|sdp_row|sdp_group|flow_step|flow|command_option|command|level_shifter_rule|isolation_rule|macro_isolation_rule|macro_power_domain|macro_model|repeater_rule|state_retention_rule|power_mode|power_domain|nominal_condition|power_intent_command_id|power_intent_command|power_model|power_scope|congestion_box|route_type|pdomain|route_rule|blackbox|fpobject|pinstance|cluster|def_pin|pnet|specialnet|style|fill|slot|track_pattern|row|region|bump|pcell|group|extraction_grid|gcell_grid|gcell|route_blockage|place_blockage|blockage|layer|site|via|exception|cost_group|external_delay|clock|clock_domain|delay_corner|constraint_mode|analysis_view|mode|hport_bus|port_bus|constant|pin_bus|hpin_bus|pg_pin|hpin|pin|hport|port|pg_hport|pg_port|pg_hnet|pg_net|net|hnet|inst|hinst|module|design|level_shifter_group|library_domain|virtual_techelt|timing_condition|rc_corner|opcond|library_set|base_cell_set|operating_condition|wireload_selection|wireload|lib_arc|pg_lib_pin|lib_pin|seq_function|lwlib_cell|lib_cell|lwlibrary|library|pg_base_pin|base_pin|base_cell|message|message_group|attribute|obj_type|root>+]

    <string>:
        attribute name 
    [<rtl_port|rtl_instance|rtl_block|rtl_module|hdl_implementation|hdl_bind|hdl_parameter|hdl_pin|hdl_subprogram|hdl_label|hdl_inst|hdl_procedure|hdl_block|hdl_component|hdl_operator|hdl_package|hdl_architecture|hdl_configuration|hdl_lib|cell_model|cell|test_bus_interface|test_bus_port|osc_source_reference|opcg_mode|opcg_domain|domain_macro_parameter|opcg_trigger|osc_source|dft_configuration_mode|jtag_instruction|jtag_instruction_register|jtag_macro|boundary_scan_segment|tap_port|jtag_port|test_signal|formal_verification_constraint|mbist_clock|mbist_clock_domain|pmbist_port|programmable_direct_access_function|memory_spare_column_map_data|memory_spare_column_map_address|memory_spare_column_map|memory_spare_column|memory_spare_row_map_address|memory_spare_row|memory_data_bit_structure|memory_bank_structure|address_partition|write_mask_bit|memory_lib_pin_access|memory_lib_pin_action|memory_lib_pin_test|memory_lib_pin_alias|memory_lib_cell|memory_library_domain|fuse_cell|fuse_cell_domain|test_clock|test_clock_domain|scan_segment|scan_chain|actual_scan_segment|actual_scan_chain|violation|timing_bin_path|timing_bin|arc|timing_point|timing_path|sdp_instance|sdp_column|sdp_row|sdp_group|flow_step|flow|command_option|command|level_shifter_rule|isolation_rule|macro_isolation_rule|macro_power_domain|macro_model|repeater_rule|state_retention_rule|power_mode|power_domain|nominal_condition|power_intent_command_id|power_intent_command|power_model|power_scope|congestion_box|route_type|pdomain|route_rule|blackbox|fpobject|pinstance|cluster|def_pin|pnet|specialnet|style|fill|slot|track_pattern|row|region|bump|pcell|group|extraction_grid|gcell_grid|gcell|route_blockage|place_blockage|blockage|layer|site|via|exception|cost_group|external_delay|clock|clock_domain|delay_corner|constraint_mode|analysis_view|mode|hport_bus|port_bus|constant|pin_bus|hpin_bus|pg_pin|hpin|pin|hport|port|pg_hport|pg_port|pg_hnet|pg_net|net|hnet|inst|hinst|module|design|level_shifter_group|library_domain|virtual_techelt|timing_condition|rc_corner|opcond|library_set|base_cell_set|operating_condition|wireload_selection|wireload|lib_arc|pg_lib_pin|lib_pin|seq_function|lwlib_cell|lib_cell|lwlibrary|library|pg_base_pin|base_pin|base_cell|message|message_group|attribute|obj_type|root>+]:
        object of interest (must be unique) 
Error   : A required object parameter could not be found. [TUI-61] [::legacy::get_attr]
        : An object of type 'rtl_port|rtl_instance|rtl_block|rtl_module|hdl_implementation|hdl_bind|hdl_parameter|hdl_pin|hdl_subprogram|hdl_label|hdl_inst|hdl_procedure|hdl_block|hdl_component|hdl_operator|hdl_package|hdl_architecture|hdl_configuration|hdl_lib|cell_model|cell|test_bus_interface|test_bus_port|osc_source_reference|opcg_mode|opcg_domain|domain_macro_parameter|opcg_trigger|osc_source|dft_configuration_mode|jtag_instruction|jtag_instruction_register|jtag_macro|boundary_scan_segment|tap_port|jtag_port|test_signal|formal_verification_constraint|mbist_clock|mbist_clock_domain|pmbist_port|programmable_direct_access_function|memory_spare_column_map_data|memory_spare_column_map_address|memory_spare_column_map|memory_spare_column|memory_spare_row_map_address|memory_spare_row|memory_data_bit_structure|memory_bank_structure|address_partition|write_mask_bit|memory_lib_pin_access|memory_lib_pin_action|memory_lib_pin_test|memory_lib_pin_alias|memory_lib_cell|memory_library_domain|fuse_cell|fuse_cell_domain|test_clock|test_clock_domain|scan_segment|scan_chain|actual_scan_segment|actual_scan_chain|violation|timing_bin_path|timing_bin|arc|timing_point|timing_path|sdp_instance|sdp_column|sdp_row|sdp_group|flow_step|flow|command_option|command|level_shifter_rule|isolation_rule|macro_isolation_rule|macro_power_domain|macro_model|repeater_rule|state_retention_rule|power_mode|power_domain|nominal_condition|power_intent_command_id|power_intent_command|power_model|power_scope|congestion_box|route_type|pdomain|route_rule|blackbox|fpobject|pinstance|cluster|def_pin|pnet|specialnet|style|fill|slot|track_pattern|row|region|bump|pcell|group|extraction_grid|gcell_grid|gcell|route_blockage|place_blockage|blockage|layer|site|via|exception|cost_group|external_delay|clock|clock_domain|delay_corner|constraint_mode|analysis_view|mode|hport_bus|port_bus|constant|pin_bus|hpin_bus|pg_pin|hpin|pin|hport|port|pg_hport|pg_port|pg_hnet|pg_net|net|hnet|inst|hinst|module|design|level_shifter_group|library_domain|virtual_techelt|timing_condition|rc_corner|opcond|library_set|base_cell_set|operating_condition|wireload_selection|wireload|lib_arc|pg_lib_pin|lib_pin|seq_function|lwlib_cell|lib_cell|lwlibrary|library|pg_base_pin|base_pin|base_cell|message|message_group|attribute|obj_type|root' named 'iopt_partition' could not be found.

Usage: ::legacy::get_attr <string>
           [<rtl_port|rtl_instance|rtl_block|rtl_module|hdl_implementation|hdl_bind|hdl_parameter|hdl_pin|hdl_subprogram|hdl_label|hdl_inst|hdl_procedure|hdl_block|hdl_component|hdl_operator|hdl_package|hdl_architecture|hdl_configuration|hdl_lib|cell_model|cell|test_bus_interface|test_bus_port|osc_source_reference|opcg_mode|opcg_domain|domain_macro_parameter|opcg_trigger|osc_source|dft_configuration_mode|jtag_instruction|jtag_instruction_register|jtag_macro|boundary_scan_segment|tap_port|jtag_port|test_signal|formal_verification_constraint|mbist_clock|mbist_clock_domain|pmbist_port|programmable_direct_access_function|memory_spare_column_map_data|memory_spare_column_map_address|memory_spare_column_map|memory_spare_column|memory_spare_row_map_address|memory_spare_row|memory_data_bit_structure|memory_bank_structure|address_partition|write_mask_bit|memory_lib_pin_access|memory_lib_pin_action|memory_lib_pin_test|memory_lib_pin_alias|memory_lib_cell|memory_library_domain|fuse_cell|fuse_cell_domain|test_clock|test_clock_domain|scan_segment|scan_chain|actual_scan_segment|actual_scan_chain|violation|timing_bin_path|timing_bin|arc|timing_point|timing_path|sdp_instance|sdp_column|sdp_row|sdp_group|flow_step|flow|command_option|command|level_shifter_rule|isolation_rule|macro_isolation_rule|macro_power_domain|macro_model|repeater_rule|state_retention_rule|power_mode|power_domain|nominal_condition|power_intent_command_id|power_intent_command|power_model|power_scope|congestion_box|route_type|pdomain|route_rule|blackbox|fpobject|pinstance|cluster|def_pin|pnet|specialnet|style|fill|slot|track_pattern|row|region|bump|pcell|group|extraction_grid|gcell_grid|gcell|route_blockage|place_blockage|blockage|layer|site|via|exception|cost_group|external_delay|clock|clock_domain|delay_corner|constraint_mode|analysis_view|mode|hport_bus|port_bus|constant|pin_bus|hpin_bus|pg_pin|hpin|pin|hport|port|pg_hport|pg_port|pg_hnet|pg_net|net|hnet|inst|hinst|module|design|level_shifter_group|library_domain|virtual_techelt|timing_condition|rc_corner|opcond|library_set|base_cell_set|operating_condition|wireload_selection|wireload|lib_arc|pg_lib_pin|lib_pin|seq_function|lwlib_cell|lib_cell|lwlibrary|library|pg_base_pin|base_pin|base_cell|message|message_group|attribute|obj_type|root>+]

    <string>:
        attribute name 
    [<rtl_port|rtl_instance|rtl_block|rtl_module|hdl_implementation|hdl_bind|hdl_parameter|hdl_pin|hdl_subprogram|hdl_label|hdl_inst|hdl_procedure|hdl_block|hdl_component|hdl_operator|hdl_package|hdl_architecture|hdl_configuration|hdl_lib|cell_model|cell|test_bus_interface|test_bus_port|osc_source_reference|opcg_mode|opcg_domain|domain_macro_parameter|opcg_trigger|osc_source|dft_configuration_mode|jtag_instruction|jtag_instruction_register|jtag_macro|boundary_scan_segment|tap_port|jtag_port|test_signal|formal_verification_constraint|mbist_clock|mbist_clock_domain|pmbist_port|programmable_direct_access_function|memory_spare_column_map_data|memory_spare_column_map_address|memory_spare_column_map|memory_spare_column|memory_spare_row_map_address|memory_spare_row|memory_data_bit_structure|memory_bank_structure|address_partition|write_mask_bit|memory_lib_pin_access|memory_lib_pin_action|memory_lib_pin_test|memory_lib_pin_alias|memory_lib_cell|memory_library_domain|fuse_cell|fuse_cell_domain|test_clock|test_clock_domain|scan_segment|scan_chain|actual_scan_segment|actual_scan_chain|violation|timing_bin_path|timing_bin|arc|timing_point|timing_path|sdp_instance|sdp_column|sdp_row|sdp_group|flow_step|flow|command_option|command|level_shifter_rule|isolation_rule|macro_isolation_rule|macro_power_domain|macro_model|repeater_rule|state_retention_rule|power_mode|power_domain|nominal_condition|power_intent_command_id|power_intent_command|power_model|power_scope|congestion_box|route_type|pdomain|route_rule|blackbox|fpobject|pinstance|cluster|def_pin|pnet|specialnet|style|fill|slot|track_pattern|row|region|bump|pcell|group|extraction_grid|gcell_grid|gcell|route_blockage|place_blockage|blockage|layer|site|via|exception|cost_group|external_delay|clock|clock_domain|delay_corner|constraint_mode|analysis_view|mode|hport_bus|port_bus|constant|pin_bus|hpin_bus|pg_pin|hpin|pin|hport|port|pg_hport|pg_port|pg_hnet|pg_net|net|hnet|inst|hinst|module|design|level_shifter_group|library_domain|virtual_techelt|timing_condition|rc_corner|opcond|library_set|base_cell_set|operating_condition|wireload_selection|wireload|lib_arc|pg_lib_pin|lib_pin|seq_function|lwlib_cell|lib_cell|lwlibrary|library|pg_base_pin|base_pin|base_cell|message|message_group|attribute|obj_type|root>+]:
        object of interest (must be unique) 
Error   : A required object parameter could not be found. [TUI-61] [::legacy::get_attr]
        : An object of type 'rtl_port|rtl_instance|rtl_block|rtl_module|hdl_implementation|hdl_bind|hdl_parameter|hdl_pin|hdl_subprogram|hdl_label|hdl_inst|hdl_procedure|hdl_block|hdl_component|hdl_operator|hdl_package|hdl_architecture|hdl_configuration|hdl_lib|cell_model|cell|test_bus_interface|test_bus_port|osc_source_reference|opcg_mode|opcg_domain|domain_macro_parameter|opcg_trigger|osc_source|dft_configuration_mode|jtag_instruction|jtag_instruction_register|jtag_macro|boundary_scan_segment|tap_port|jtag_port|test_signal|formal_verification_constraint|mbist_clock|mbist_clock_domain|pmbist_port|programmable_direct_access_function|memory_spare_column_map_data|memory_spare_column_map_address|memory_spare_column_map|memory_spare_column|memory_spare_row_map_address|memory_spare_row|memory_data_bit_structure|memory_bank_structure|address_partition|write_mask_bit|memory_lib_pin_access|memory_lib_pin_action|memory_lib_pin_test|memory_lib_pin_alias|memory_lib_cell|memory_library_domain|fuse_cell|fuse_cell_domain|test_clock|test_clock_domain|scan_segment|scan_chain|actual_scan_segment|actual_scan_chain|violation|timing_bin_path|timing_bin|arc|timing_point|timing_path|sdp_instance|sdp_column|sdp_row|sdp_group|flow_step|flow|command_option|command|level_shifter_rule|isolation_rule|macro_isolation_rule|macro_power_domain|macro_model|repeater_rule|state_retention_rule|power_mode|power_domain|nominal_condition|power_intent_command_id|power_intent_command|power_model|power_scope|congestion_box|route_type|pdomain|route_rule|blackbox|fpobject|pinstance|cluster|def_pin|pnet|specialnet|style|fill|slot|track_pattern|row|region|bump|pcell|group|extraction_grid|gcell_grid|gcell|route_blockage|place_blockage|blockage|layer|site|via|exception|cost_group|external_delay|clock|clock_domain|delay_corner|constraint_mode|analysis_view|mode|hport_bus|port_bus|constant|pin_bus|hpin_bus|pg_pin|hpin|pin|hport|port|pg_hport|pg_port|pg_hnet|pg_net|net|hnet|inst|hinst|module|design|level_shifter_group|library_domain|virtual_techelt|timing_condition|rc_corner|opcond|library_set|base_cell_set|operating_condition|wireload_selection|wireload|lib_arc|pg_lib_pin|lib_pin|seq_function|lwlib_cell|lib_cell|lwlibrary|library|pg_base_pin|base_pin|base_cell|message|message_group|attribute|obj_type|root' named 'iopt_partition' could not be found.

Usage: ::legacy::get_attr <string>
           [<rtl_port|rtl_instance|rtl_block|rtl_module|hdl_implementation|hdl_bind|hdl_parameter|hdl_pin|hdl_subprogram|hdl_label|hdl_inst|hdl_procedure|hdl_block|hdl_component|hdl_operator|hdl_package|hdl_architecture|hdl_configuration|hdl_lib|cell_model|cell|test_bus_interface|test_bus_port|osc_source_reference|opcg_mode|opcg_domain|domain_macro_parameter|opcg_trigger|osc_source|dft_configuration_mode|jtag_instruction|jtag_instruction_register|jtag_macro|boundary_scan_segment|tap_port|jtag_port|test_signal|formal_verification_constraint|mbist_clock|mbist_clock_domain|pmbist_port|programmable_direct_access_function|memory_spare_column_map_data|memory_spare_column_map_address|memory_spare_column_map|memory_spare_column|memory_spare_row_map_address|memory_spare_row|memory_data_bit_structure|memory_bank_structure|address_partition|write_mask_bit|memory_lib_pin_access|memory_lib_pin_action|memory_lib_pin_test|memory_lib_pin_alias|memory_lib_cell|memory_library_domain|fuse_cell|fuse_cell_domain|test_clock|test_clock_domain|scan_segment|scan_chain|actual_scan_segment|actual_scan_chain|violation|timing_bin_path|timing_bin|arc|timing_point|timing_path|sdp_instance|sdp_column|sdp_row|sdp_group|flow_step|flow|command_option|command|level_shifter_rule|isolation_rule|macro_isolation_rule|macro_power_domain|macro_model|repeater_rule|state_retention_rule|power_mode|power_domain|nominal_condition|power_intent_command_id|power_intent_command|power_model|power_scope|congestion_box|route_type|pdomain|route_rule|blackbox|fpobject|pinstance|cluster|def_pin|pnet|specialnet|style|fill|slot|track_pattern|row|region|bump|pcell|group|extraction_grid|gcell_grid|gcell|route_blockage|place_blockage|blockage|layer|site|via|exception|cost_group|external_delay|clock|clock_domain|delay_corner|constraint_mode|analysis_view|mode|hport_bus|port_bus|constant|pin_bus|hpin_bus|pg_pin|hpin|pin|hport|port|pg_hport|pg_port|pg_hnet|pg_net|net|hnet|inst|hinst|module|design|level_shifter_group|library_domain|virtual_techelt|timing_condition|rc_corner|opcond|library_set|base_cell_set|operating_condition|wireload_selection|wireload|lib_arc|pg_lib_pin|lib_pin|seq_function|lwlib_cell|lib_cell|lwlibrary|library|pg_base_pin|base_pin|base_cell|message|message_group|attribute|obj_type|root>+]

    <string>:
        attribute name 
    [<rtl_port|rtl_instance|rtl_block|rtl_module|hdl_implementation|hdl_bind|hdl_parameter|hdl_pin|hdl_subprogram|hdl_label|hdl_inst|hdl_procedure|hdl_block|hdl_component|hdl_operator|hdl_package|hdl_architecture|hdl_configuration|hdl_lib|cell_model|cell|test_bus_interface|test_bus_port|osc_source_reference|opcg_mode|opcg_domain|domain_macro_parameter|opcg_trigger|osc_source|dft_configuration_mode|jtag_instruction|jtag_instruction_register|jtag_macro|boundary_scan_segment|tap_port|jtag_port|test_signal|formal_verification_constraint|mbist_clock|mbist_clock_domain|pmbist_port|programmable_direct_access_function|memory_spare_column_map_data|memory_spare_column_map_address|memory_spare_column_map|memory_spare_column|memory_spare_row_map_address|memory_spare_row|memory_data_bit_structure|memory_bank_structure|address_partition|write_mask_bit|memory_lib_pin_access|memory_lib_pin_action|memory_lib_pin_test|memory_lib_pin_alias|memory_lib_cell|memory_library_domain|fuse_cell|fuse_cell_domain|test_clock|test_clock_domain|scan_segment|scan_chain|actual_scan_segment|actual_scan_chain|violation|timing_bin_path|timing_bin|arc|timing_point|timing_path|sdp_instance|sdp_column|sdp_row|sdp_group|flow_step|flow|command_option|command|level_shifter_rule|isolation_rule|macro_isolation_rule|macro_power_domain|macro_model|repeater_rule|state_retention_rule|power_mode|power_domain|nominal_condition|power_intent_command_id|power_intent_command|power_model|power_scope|congestion_box|route_type|pdomain|route_rule|blackbox|fpobject|pinstance|cluster|def_pin|pnet|specialnet|style|fill|slot|track_pattern|row|region|bump|pcell|group|extraction_grid|gcell_grid|gcell|route_blockage|place_blockage|blockage|layer|site|via|exception|cost_group|external_delay|clock|clock_domain|delay_corner|constraint_mode|analysis_view|mode|hport_bus|port_bus|constant|pin_bus|hpin_bus|pg_pin|hpin|pin|hport|port|pg_hport|pg_port|pg_hnet|pg_net|net|hnet|inst|hinst|module|design|level_shifter_group|library_domain|virtual_techelt|timing_condition|rc_corner|opcond|library_set|base_cell_set|operating_condition|wireload_selection|wireload|lib_arc|pg_lib_pin|lib_pin|seq_function|lwlib_cell|lib_cell|lwlibrary|library|pg_base_pin|base_pin|base_cell|message|message_group|attribute|obj_type|root>+]:
        object of interest (must be unique) 
Error   : A required object parameter could not be found. [TUI-61] [::legacy::get_attr]
        : An object of type 'rtl_port|rtl_instance|rtl_block|rtl_module|hdl_implementation|hdl_bind|hdl_parameter|hdl_pin|hdl_subprogram|hdl_label|hdl_inst|hdl_procedure|hdl_block|hdl_component|hdl_operator|hdl_package|hdl_architecture|hdl_configuration|hdl_lib|cell_model|cell|test_bus_interface|test_bus_port|osc_source_reference|opcg_mode|opcg_domain|domain_macro_parameter|opcg_trigger|osc_source|dft_configuration_mode|jtag_instruction|jtag_instruction_register|jtag_macro|boundary_scan_segment|tap_port|jtag_port|test_signal|formal_verification_constraint|mbist_clock|mbist_clock_domain|pmbist_port|programmable_direct_access_function|memory_spare_column_map_data|memory_spare_column_map_address|memory_spare_column_map|memory_spare_column|memory_spare_row_map_address|memory_spare_row|memory_data_bit_structure|memory_bank_structure|address_partition|write_mask_bit|memory_lib_pin_access|memory_lib_pin_action|memory_lib_pin_test|memory_lib_pin_alias|memory_lib_cell|memory_library_domain|fuse_cell|fuse_cell_domain|test_clock|test_clock_domain|scan_segment|scan_chain|actual_scan_segment|actual_scan_chain|violation|timing_bin_path|timing_bin|arc|timing_point|timing_path|sdp_instance|sdp_column|sdp_row|sdp_group|flow_step|flow|command_option|command|level_shifter_rule|isolation_rule|macro_isolation_rule|macro_power_domain|macro_model|repeater_rule|state_retention_rule|power_mode|power_domain|nominal_condition|power_intent_command_id|power_intent_command|power_model|power_scope|congestion_box|route_type|pdomain|route_rule|blackbox|fpobject|pinstance|cluster|def_pin|pnet|specialnet|style|fill|slot|track_pattern|row|region|bump|pcell|group|extraction_grid|gcell_grid|gcell|route_blockage|place_blockage|blockage|layer|site|via|exception|cost_group|external_delay|clock|clock_domain|delay_corner|constraint_mode|analysis_view|mode|hport_bus|port_bus|constant|pin_bus|hpin_bus|pg_pin|hpin|pin|hport|port|pg_hport|pg_port|pg_hnet|pg_net|net|hnet|inst|hinst|module|design|level_shifter_group|library_domain|virtual_techelt|timing_condition|rc_corner|opcond|library_set|base_cell_set|operating_condition|wireload_selection|wireload|lib_arc|pg_lib_pin|lib_pin|seq_function|lwlib_cell|lib_cell|lwlibrary|library|pg_base_pin|base_pin|base_cell|message|message_group|attribute|obj_type|root' named 'iopt_partition' could not be found.

Usage: ::legacy::get_attr <string>
           [<rtl_port|rtl_instance|rtl_block|rtl_module|hdl_implementation|hdl_bind|hdl_parameter|hdl_pin|hdl_subprogram|hdl_label|hdl_inst|hdl_procedure|hdl_block|hdl_component|hdl_operator|hdl_package|hdl_architecture|hdl_configuration|hdl_lib|cell_model|cell|test_bus_interface|test_bus_port|osc_source_reference|opcg_mode|opcg_domain|domain_macro_parameter|opcg_trigger|osc_source|dft_configuration_mode|jtag_instruction|jtag_instruction_register|jtag_macro|boundary_scan_segment|tap_port|jtag_port|test_signal|formal_verification_constraint|mbist_clock|mbist_clock_domain|pmbist_port|programmable_direct_access_function|memory_spare_column_map_data|memory_spare_column_map_address|memory_spare_column_map|memory_spare_column|memory_spare_row_map_address|memory_spare_row|memory_data_bit_structure|memory_bank_structure|address_partition|write_mask_bit|memory_lib_pin_access|memory_lib_pin_action|memory_lib_pin_test|memory_lib_pin_alias|memory_lib_cell|memory_library_domain|fuse_cell|fuse_cell_domain|test_clock|test_clock_domain|scan_segment|scan_chain|actual_scan_segment|actual_scan_chain|violation|timing_bin_path|timing_bin|arc|timing_point|timing_path|sdp_instance|sdp_column|sdp_row|sdp_group|flow_step|flow|command_option|command|level_shifter_rule|isolation_rule|macro_isolation_rule|macro_power_domain|macro_model|repeater_rule|state_retention_rule|power_mode|power_domain|nominal_condition|power_intent_command_id|power_intent_command|power_model|power_scope|congestion_box|route_type|pdomain|route_rule|blackbox|fpobject|pinstance|cluster|def_pin|pnet|specialnet|style|fill|slot|track_pattern|row|region|bump|pcell|group|extraction_grid|gcell_grid|gcell|route_blockage|place_blockage|blockage|layer|site|via|exception|cost_group|external_delay|clock|clock_domain|delay_corner|constraint_mode|analysis_view|mode|hport_bus|port_bus|constant|pin_bus|hpin_bus|pg_pin|hpin|pin|hport|port|pg_hport|pg_port|pg_hnet|pg_net|net|hnet|inst|hinst|module|design|level_shifter_group|library_domain|virtual_techelt|timing_condition|rc_corner|opcond|library_set|base_cell_set|operating_condition|wireload_selection|wireload|lib_arc|pg_lib_pin|lib_pin|seq_function|lwlib_cell|lib_cell|lwlibrary|library|pg_base_pin|base_pin|base_cell|message|message_group|attribute|obj_type|root>+]

    <string>:
        attribute name 
    [<rtl_port|rtl_instance|rtl_block|rtl_module|hdl_implementation|hdl_bind|hdl_parameter|hdl_pin|hdl_subprogram|hdl_label|hdl_inst|hdl_procedure|hdl_block|hdl_component|hdl_operator|hdl_package|hdl_architecture|hdl_configuration|hdl_lib|cell_model|cell|test_bus_interface|test_bus_port|osc_source_reference|opcg_mode|opcg_domain|domain_macro_parameter|opcg_trigger|osc_source|dft_configuration_mode|jtag_instruction|jtag_instruction_register|jtag_macro|boundary_scan_segment|tap_port|jtag_port|test_signal|formal_verification_constraint|mbist_clock|mbist_clock_domain|pmbist_port|programmable_direct_access_function|memory_spare_column_map_data|memory_spare_column_map_address|memory_spare_column_map|memory_spare_column|memory_spare_row_map_address|memory_spare_row|memory_data_bit_structure|memory_bank_structure|address_partition|write_mask_bit|memory_lib_pin_access|memory_lib_pin_action|memory_lib_pin_test|memory_lib_pin_alias|memory_lib_cell|memory_library_domain|fuse_cell|fuse_cell_domain|test_clock|test_clock_domain|scan_segment|scan_chain|actual_scan_segment|actual_scan_chain|violation|timing_bin_path|timing_bin|arc|timing_point|timing_path|sdp_instance|sdp_column|sdp_row|sdp_group|flow_step|flow|command_option|command|level_shifter_rule|isolation_rule|macro_isolation_rule|macro_power_domain|macro_model|repeater_rule|state_retention_rule|power_mode|power_domain|nominal_condition|power_intent_command_id|power_intent_command|power_model|power_scope|congestion_box|route_type|pdomain|route_rule|blackbox|fpobject|pinstance|cluster|def_pin|pnet|specialnet|style|fill|slot|track_pattern|row|region|bump|pcell|group|extraction_grid|gcell_grid|gcell|route_blockage|place_blockage|blockage|layer|site|via|exception|cost_group|external_delay|clock|clock_domain|delay_corner|constraint_mode|analysis_view|mode|hport_bus|port_bus|constant|pin_bus|hpin_bus|pg_pin|hpin|pin|hport|port|pg_hport|pg_port|pg_hnet|pg_net|net|hnet|inst|hinst|module|design|level_shifter_group|library_domain|virtual_techelt|timing_condition|rc_corner|opcond|library_set|base_cell_set|operating_condition|wireload_selection|wireload|lib_arc|pg_lib_pin|lib_pin|seq_function|lwlib_cell|lib_cell|lwlibrary|library|pg_base_pin|base_pin|base_cell|message|message_group|attribute|obj_type|root>+]:
        object of interest (must be unique) 
Error   : A required object parameter could not be found. [TUI-61] [::legacy::get_attr]
        : An object of type 'rtl_port|rtl_instance|rtl_block|rtl_module|hdl_implementation|hdl_bind|hdl_parameter|hdl_pin|hdl_subprogram|hdl_label|hdl_inst|hdl_procedure|hdl_block|hdl_component|hdl_operator|hdl_package|hdl_architecture|hdl_configuration|hdl_lib|cell_model|cell|test_bus_interface|test_bus_port|osc_source_reference|opcg_mode|opcg_domain|domain_macro_parameter|opcg_trigger|osc_source|dft_configuration_mode|jtag_instruction|jtag_instruction_register|jtag_macro|boundary_scan_segment|tap_port|jtag_port|test_signal|formal_verification_constraint|mbist_clock|mbist_clock_domain|pmbist_port|programmable_direct_access_function|memory_spare_column_map_data|memory_spare_column_map_address|memory_spare_column_map|memory_spare_column|memory_spare_row_map_address|memory_spare_row|memory_data_bit_structure|memory_bank_structure|address_partition|write_mask_bit|memory_lib_pin_access|memory_lib_pin_action|memory_lib_pin_test|memory_lib_pin_alias|memory_lib_cell|memory_library_domain|fuse_cell|fuse_cell_domain|test_clock|test_clock_domain|scan_segment|scan_chain|actual_scan_segment|actual_scan_chain|violation|timing_bin_path|timing_bin|arc|timing_point|timing_path|sdp_instance|sdp_column|sdp_row|sdp_group|flow_step|flow|command_option|command|level_shifter_rule|isolation_rule|macro_isolation_rule|macro_power_domain|macro_model|repeater_rule|state_retention_rule|power_mode|power_domain|nominal_condition|power_intent_command_id|power_intent_command|power_model|power_scope|congestion_box|route_type|pdomain|route_rule|blackbox|fpobject|pinstance|cluster|def_pin|pnet|specialnet|style|fill|slot|track_pattern|row|region|bump|pcell|group|extraction_grid|gcell_grid|gcell|route_blockage|place_blockage|blockage|layer|site|via|exception|cost_group|external_delay|clock|clock_domain|delay_corner|constraint_mode|analysis_view|mode|hport_bus|port_bus|constant|pin_bus|hpin_bus|pg_pin|hpin|pin|hport|port|pg_hport|pg_port|pg_hnet|pg_net|net|hnet|inst|hinst|module|design|level_shifter_group|library_domain|virtual_techelt|timing_condition|rc_corner|opcond|library_set|base_cell_set|operating_condition|wireload_selection|wireload|lib_arc|pg_lib_pin|lib_pin|seq_function|lwlib_cell|lib_cell|lwlibrary|library|pg_base_pin|base_pin|base_cell|message|message_group|attribute|obj_type|root' named 'iopt_partition' could not be found.

Usage: ::legacy::get_attr <string>
           [<rtl_port|rtl_instance|rtl_block|rtl_module|hdl_implementation|hdl_bind|hdl_parameter|hdl_pin|hdl_subprogram|hdl_label|hdl_inst|hdl_procedure|hdl_block|hdl_component|hdl_operator|hdl_package|hdl_architecture|hdl_configuration|hdl_lib|cell_model|cell|test_bus_interface|test_bus_port|osc_source_reference|opcg_mode|opcg_domain|domain_macro_parameter|opcg_trigger|osc_source|dft_configuration_mode|jtag_instruction|jtag_instruction_register|jtag_macro|boundary_scan_segment|tap_port|jtag_port|test_signal|formal_verification_constraint|mbist_clock|mbist_clock_domain|pmbist_port|programmable_direct_access_function|memory_spare_column_map_data|memory_spare_column_map_address|memory_spare_column_map|memory_spare_column|memory_spare_row_map_address|memory_spare_row|memory_data_bit_structure|memory_bank_structure|address_partition|write_mask_bit|memory_lib_pin_access|memory_lib_pin_action|memory_lib_pin_test|memory_lib_pin_alias|memory_lib_cell|memory_library_domain|fuse_cell|fuse_cell_domain|test_clock|test_clock_domain|scan_segment|scan_chain|actual_scan_segment|actual_scan_chain|violation|timing_bin_path|timing_bin|arc|timing_point|timing_path|sdp_instance|sdp_column|sdp_row|sdp_group|flow_step|flow|command_option|command|level_shifter_rule|isolation_rule|macro_isolation_rule|macro_power_domain|macro_model|repeater_rule|state_retention_rule|power_mode|power_domain|nominal_condition|power_intent_command_id|power_intent_command|power_model|power_scope|congestion_box|route_type|pdomain|route_rule|blackbox|fpobject|pinstance|cluster|def_pin|pnet|specialnet|style|fill|slot|track_pattern|row|region|bump|pcell|group|extraction_grid|gcell_grid|gcell|route_blockage|place_blockage|blockage|layer|site|via|exception|cost_group|external_delay|clock|clock_domain|delay_corner|constraint_mode|analysis_view|mode|hport_bus|port_bus|constant|pin_bus|hpin_bus|pg_pin|hpin|pin|hport|port|pg_hport|pg_port|pg_hnet|pg_net|net|hnet|inst|hinst|module|design|level_shifter_group|library_domain|virtual_techelt|timing_condition|rc_corner|opcond|library_set|base_cell_set|operating_condition|wireload_selection|wireload|lib_arc|pg_lib_pin|lib_pin|seq_function|lwlib_cell|lib_cell|lwlibrary|library|pg_base_pin|base_pin|base_cell|message|message_group|attribute|obj_type|root>+]

    <string>:
        attribute name 
    [<rtl_port|rtl_instance|rtl_block|rtl_module|hdl_implementation|hdl_bind|hdl_parameter|hdl_pin|hdl_subprogram|hdl_label|hdl_inst|hdl_procedure|hdl_block|hdl_component|hdl_operator|hdl_package|hdl_architecture|hdl_configuration|hdl_lib|cell_model|cell|test_bus_interface|test_bus_port|osc_source_reference|opcg_mode|opcg_domain|domain_macro_parameter|opcg_trigger|osc_source|dft_configuration_mode|jtag_instruction|jtag_instruction_register|jtag_macro|boundary_scan_segment|tap_port|jtag_port|test_signal|formal_verification_constraint|mbist_clock|mbist_clock_domain|pmbist_port|programmable_direct_access_function|memory_spare_column_map_data|memory_spare_column_map_address|memory_spare_column_map|memory_spare_column|memory_spare_row_map_address|memory_spare_row|memory_data_bit_structure|memory_bank_structure|address_partition|write_mask_bit|memory_lib_pin_access|memory_lib_pin_action|memory_lib_pin_test|memory_lib_pin_alias|memory_lib_cell|memory_library_domain|fuse_cell|fuse_cell_domain|test_clock|test_clock_domain|scan_segment|scan_chain|actual_scan_segment|actual_scan_chain|violation|timing_bin_path|timing_bin|arc|timing_point|timing_path|sdp_instance|sdp_column|sdp_row|sdp_group|flow_step|flow|command_option|command|level_shifter_rule|isolation_rule|macro_isolation_rule|macro_power_domain|macro_model|repeater_rule|state_retention_rule|power_mode|power_domain|nominal_condition|power_intent_command_id|power_intent_command|power_model|power_scope|congestion_box|route_type|pdomain|route_rule|blackbox|fpobject|pinstance|cluster|def_pin|pnet|specialnet|style|fill|slot|track_pattern|row|region|bump|pcell|group|extraction_grid|gcell_grid|gcell|route_blockage|place_blockage|blockage|layer|site|via|exception|cost_group|external_delay|clock|clock_domain|delay_corner|constraint_mode|analysis_view|mode|hport_bus|port_bus|constant|pin_bus|hpin_bus|pg_pin|hpin|pin|hport|port|pg_hport|pg_port|pg_hnet|pg_net|net|hnet|inst|hinst|module|design|level_shifter_group|library_domain|virtual_techelt|timing_condition|rc_corner|opcond|library_set|base_cell_set|operating_condition|wireload_selection|wireload|lib_arc|pg_lib_pin|lib_pin|seq_function|lwlib_cell|lib_cell|lwlibrary|library|pg_base_pin|base_pin|base_cell|message|message_group|attribute|obj_type|root>+]:
        object of interest (must be unique) 
Error   : A required object parameter could not be found. [TUI-61] [::legacy::get_attr]
        : An object of type 'rtl_port|rtl_instance|rtl_block|rtl_module|hdl_implementation|hdl_bind|hdl_parameter|hdl_pin|hdl_subprogram|hdl_label|hdl_inst|hdl_procedure|hdl_block|hdl_component|hdl_operator|hdl_package|hdl_architecture|hdl_configuration|hdl_lib|cell_model|cell|test_bus_interface|test_bus_port|osc_source_reference|opcg_mode|opcg_domain|domain_macro_parameter|opcg_trigger|osc_source|dft_configuration_mode|jtag_instruction|jtag_instruction_register|jtag_macro|boundary_scan_segment|tap_port|jtag_port|test_signal|formal_verification_constraint|mbist_clock|mbist_clock_domain|pmbist_port|programmable_direct_access_function|memory_spare_column_map_data|memory_spare_column_map_address|memory_spare_column_map|memory_spare_column|memory_spare_row_map_address|memory_spare_row|memory_data_bit_structure|memory_bank_structure|address_partition|write_mask_bit|memory_lib_pin_access|memory_lib_pin_action|memory_lib_pin_test|memory_lib_pin_alias|memory_lib_cell|memory_library_domain|fuse_cell|fuse_cell_domain|test_clock|test_clock_domain|scan_segment|scan_chain|actual_scan_segment|actual_scan_chain|violation|timing_bin_path|timing_bin|arc|timing_point|timing_path|sdp_instance|sdp_column|sdp_row|sdp_group|flow_step|flow|command_option|command|level_shifter_rule|isolation_rule|macro_isolation_rule|macro_power_domain|macro_model|repeater_rule|state_retention_rule|power_mode|power_domain|nominal_condition|power_intent_command_id|power_intent_command|power_model|power_scope|congestion_box|route_type|pdomain|route_rule|blackbox|fpobject|pinstance|cluster|def_pin|pnet|specialnet|style|fill|slot|track_pattern|row|region|bump|pcell|group|extraction_grid|gcell_grid|gcell|route_blockage|place_blockage|blockage|layer|site|via|exception|cost_group|external_delay|clock|clock_domain|delay_corner|constraint_mode|analysis_view|mode|hport_bus|port_bus|constant|pin_bus|hpin_bus|pg_pin|hpin|pin|hport|port|pg_hport|pg_port|pg_hnet|pg_net|net|hnet|inst|hinst|module|design|level_shifter_group|library_domain|virtual_techelt|timing_condition|rc_corner|opcond|library_set|base_cell_set|operating_condition|wireload_selection|wireload|lib_arc|pg_lib_pin|lib_pin|seq_function|lwlib_cell|lib_cell|lwlibrary|library|pg_base_pin|base_pin|base_cell|message|message_group|attribute|obj_type|root' named 'iopt_partition' could not be found.

Usage: ::legacy::get_attr <string>
           [<rtl_port|rtl_instance|rtl_block|rtl_module|hdl_implementation|hdl_bind|hdl_parameter|hdl_pin|hdl_subprogram|hdl_label|hdl_inst|hdl_procedure|hdl_block|hdl_component|hdl_operator|hdl_package|hdl_architecture|hdl_configuration|hdl_lib|cell_model|cell|test_bus_interface|test_bus_port|osc_source_reference|opcg_mode|opcg_domain|domain_macro_parameter|opcg_trigger|osc_source|dft_configuration_mode|jtag_instruction|jtag_instruction_register|jtag_macro|boundary_scan_segment|tap_port|jtag_port|test_signal|formal_verification_constraint|mbist_clock|mbist_clock_domain|pmbist_port|programmable_direct_access_function|memory_spare_column_map_data|memory_spare_column_map_address|memory_spare_column_map|memory_spare_column|memory_spare_row_map_address|memory_spare_row|memory_data_bit_structure|memory_bank_structure|address_partition|write_mask_bit|memory_lib_pin_access|memory_lib_pin_action|memory_lib_pin_test|memory_lib_pin_alias|memory_lib_cell|memory_library_domain|fuse_cell|fuse_cell_domain|test_clock|test_clock_domain|scan_segment|scan_chain|actual_scan_segment|actual_scan_chain|violation|timing_bin_path|timing_bin|arc|timing_point|timing_path|sdp_instance|sdp_column|sdp_row|sdp_group|flow_step|flow|command_option|command|level_shifter_rule|isolation_rule|macro_isolation_rule|macro_power_domain|macro_model|repeater_rule|state_retention_rule|power_mode|power_domain|nominal_condition|power_intent_command_id|power_intent_command|power_model|power_scope|congestion_box|route_type|pdomain|route_rule|blackbox|fpobject|pinstance|cluster|def_pin|pnet|specialnet|style|fill|slot|track_pattern|row|region|bump|pcell|group|extraction_grid|gcell_grid|gcell|route_blockage|place_blockage|blockage|layer|site|via|exception|cost_group|external_delay|clock|clock_domain|delay_corner|constraint_mode|analysis_view|mode|hport_bus|port_bus|constant|pin_bus|hpin_bus|pg_pin|hpin|pin|hport|port|pg_hport|pg_port|pg_hnet|pg_net|net|hnet|inst|hinst|module|design|level_shifter_group|library_domain|virtual_techelt|timing_condition|rc_corner|opcond|library_set|base_cell_set|operating_condition|wireload_selection|wireload|lib_arc|pg_lib_pin|lib_pin|seq_function|lwlib_cell|lib_cell|lwlibrary|library|pg_base_pin|base_pin|base_cell|message|message_group|attribute|obj_type|root>+]

    <string>:
        attribute name 
    [<rtl_port|rtl_instance|rtl_block|rtl_module|hdl_implementation|hdl_bind|hdl_parameter|hdl_pin|hdl_subprogram|hdl_label|hdl_inst|hdl_procedure|hdl_block|hdl_component|hdl_operator|hdl_package|hdl_architecture|hdl_configuration|hdl_lib|cell_model|cell|test_bus_interface|test_bus_port|osc_source_reference|opcg_mode|opcg_domain|domain_macro_parameter|opcg_trigger|osc_source|dft_configuration_mode|jtag_instruction|jtag_instruction_register|jtag_macro|boundary_scan_segment|tap_port|jtag_port|test_signal|formal_verification_constraint|mbist_clock|mbist_clock_domain|pmbist_port|programmable_direct_access_function|memory_spare_column_map_data|memory_spare_column_map_address|memory_spare_column_map|memory_spare_column|memory_spare_row_map_address|memory_spare_row|memory_data_bit_structure|memory_bank_structure|address_partition|write_mask_bit|memory_lib_pin_access|memory_lib_pin_action|memory_lib_pin_test|memory_lib_pin_alias|memory_lib_cell|memory_library_domain|fuse_cell|fuse_cell_domain|test_clock|test_clock_domain|scan_segment|scan_chain|actual_scan_segment|actual_scan_chain|violation|timing_bin_path|timing_bin|arc|timing_point|timing_path|sdp_instance|sdp_column|sdp_row|sdp_group|flow_step|flow|command_option|command|level_shifter_rule|isolation_rule|macro_isolation_rule|macro_power_domain|macro_model|repeater_rule|state_retention_rule|power_mode|power_domain|nominal_condition|power_intent_command_id|power_intent_command|power_model|power_scope|congestion_box|route_type|pdomain|route_rule|blackbox|fpobject|pinstance|cluster|def_pin|pnet|specialnet|style|fill|slot|track_pattern|row|region|bump|pcell|group|extraction_grid|gcell_grid|gcell|route_blockage|place_blockage|blockage|layer|site|via|exception|cost_group|external_delay|clock|clock_domain|delay_corner|constraint_mode|analysis_view|mode|hport_bus|port_bus|constant|pin_bus|hpin_bus|pg_pin|hpin|pin|hport|port|pg_hport|pg_port|pg_hnet|pg_net|net|hnet|inst|hinst|module|design|level_shifter_group|library_domain|virtual_techelt|timing_condition|rc_corner|opcond|library_set|base_cell_set|operating_condition|wireload_selection|wireload|lib_arc|pg_lib_pin|lib_pin|seq_function|lwlib_cell|lib_cell|lwlibrary|library|pg_base_pin|base_pin|base_cell|message|message_group|attribute|obj_type|root>+]:
        object of interest (must be unique) 
Error   : A required object parameter could not be found. [TUI-61] [::legacy::get_attr]
        : An object of type 'rtl_port|rtl_instance|rtl_block|rtl_module|hdl_implementation|hdl_bind|hdl_parameter|hdl_pin|hdl_subprogram|hdl_label|hdl_inst|hdl_procedure|hdl_block|hdl_component|hdl_operator|hdl_package|hdl_architecture|hdl_configuration|hdl_lib|cell_model|cell|test_bus_interface|test_bus_port|osc_source_reference|opcg_mode|opcg_domain|domain_macro_parameter|opcg_trigger|osc_source|dft_configuration_mode|jtag_instruction|jtag_instruction_register|jtag_macro|boundary_scan_segment|tap_port|jtag_port|test_signal|formal_verification_constraint|mbist_clock|mbist_clock_domain|pmbist_port|programmable_direct_access_function|memory_spare_column_map_data|memory_spare_column_map_address|memory_spare_column_map|memory_spare_column|memory_spare_row_map_address|memory_spare_row|memory_data_bit_structure|memory_bank_structure|address_partition|write_mask_bit|memory_lib_pin_access|memory_lib_pin_action|memory_lib_pin_test|memory_lib_pin_alias|memory_lib_cell|memory_library_domain|fuse_cell|fuse_cell_domain|test_clock|test_clock_domain|scan_segment|scan_chain|actual_scan_segment|actual_scan_chain|violation|timing_bin_path|timing_bin|arc|timing_point|timing_path|sdp_instance|sdp_column|sdp_row|sdp_group|flow_step|flow|command_option|command|level_shifter_rule|isolation_rule|macro_isolation_rule|macro_power_domain|macro_model|repeater_rule|state_retention_rule|power_mode|power_domain|nominal_condition|power_intent_command_id|power_intent_command|power_model|power_scope|congestion_box|route_type|pdomain|route_rule|blackbox|fpobject|pinstance|cluster|def_pin|pnet|specialnet|style|fill|slot|track_pattern|row|region|bump|pcell|group|extraction_grid|gcell_grid|gcell|route_blockage|place_blockage|blockage|layer|site|via|exception|cost_group|external_delay|clock|clock_domain|delay_corner|constraint_mode|analysis_view|mode|hport_bus|port_bus|constant|pin_bus|hpin_bus|pg_pin|hpin|pin|hport|port|pg_hport|pg_port|pg_hnet|pg_net|net|hnet|inst|hinst|module|design|level_shifter_group|library_domain|virtual_techelt|timing_condition|rc_corner|opcond|library_set|base_cell_set|operating_condition|wireload_selection|wireload|lib_arc|pg_lib_pin|lib_pin|seq_function|lwlib_cell|lib_cell|lwlibrary|library|pg_base_pin|base_pin|base_cell|message|message_group|attribute|obj_type|root' named 'iopt_partition' could not be found.

Usage: ::legacy::get_attr <string>
           [<rtl_port|rtl_instance|rtl_block|rtl_module|hdl_implementation|hdl_bind|hdl_parameter|hdl_pin|hdl_subprogram|hdl_label|hdl_inst|hdl_procedure|hdl_block|hdl_component|hdl_operator|hdl_package|hdl_architecture|hdl_configuration|hdl_lib|cell_model|cell|test_bus_interface|test_bus_port|osc_source_reference|opcg_mode|opcg_domain|domain_macro_parameter|opcg_trigger|osc_source|dft_configuration_mode|jtag_instruction|jtag_instruction_register|jtag_macro|boundary_scan_segment|tap_port|jtag_port|test_signal|formal_verification_constraint|mbist_clock|mbist_clock_domain|pmbist_port|programmable_direct_access_function|memory_spare_column_map_data|memory_spare_column_map_address|memory_spare_column_map|memory_spare_column|memory_spare_row_map_address|memory_spare_row|memory_data_bit_structure|memory_bank_structure|address_partition|write_mask_bit|memory_lib_pin_access|memory_lib_pin_action|memory_lib_pin_test|memory_lib_pin_alias|memory_lib_cell|memory_library_domain|fuse_cell|fuse_cell_domain|test_clock|test_clock_domain|scan_segment|scan_chain|actual_scan_segment|actual_scan_chain|violation|timing_bin_path|timing_bin|arc|timing_point|timing_path|sdp_instance|sdp_column|sdp_row|sdp_group|flow_step|flow|command_option|command|level_shifter_rule|isolation_rule|macro_isolation_rule|macro_power_domain|macro_model|repeater_rule|state_retention_rule|power_mode|power_domain|nominal_condition|power_intent_command_id|power_intent_command|power_model|power_scope|congestion_box|route_type|pdomain|route_rule|blackbox|fpobject|pinstance|cluster|def_pin|pnet|specialnet|style|fill|slot|track_pattern|row|region|bump|pcell|group|extraction_grid|gcell_grid|gcell|route_blockage|place_blockage|blockage|layer|site|via|exception|cost_group|external_delay|clock|clock_domain|delay_corner|constraint_mode|analysis_view|mode|hport_bus|port_bus|constant|pin_bus|hpin_bus|pg_pin|hpin|pin|hport|port|pg_hport|pg_port|pg_hnet|pg_net|net|hnet|inst|hinst|module|design|level_shifter_group|library_domain|virtual_techelt|timing_condition|rc_corner|opcond|library_set|base_cell_set|operating_condition|wireload_selection|wireload|lib_arc|pg_lib_pin|lib_pin|seq_function|lwlib_cell|lib_cell|lwlibrary|library|pg_base_pin|base_pin|base_cell|message|message_group|attribute|obj_type|root>+]

    <string>:
        attribute name 
    [<rtl_port|rtl_instance|rtl_block|rtl_module|hdl_implementation|hdl_bind|hdl_parameter|hdl_pin|hdl_subprogram|hdl_label|hdl_inst|hdl_procedure|hdl_block|hdl_component|hdl_operator|hdl_package|hdl_architecture|hdl_configuration|hdl_lib|cell_model|cell|test_bus_interface|test_bus_port|osc_source_reference|opcg_mode|opcg_domain|domain_macro_parameter|opcg_trigger|osc_source|dft_configuration_mode|jtag_instruction|jtag_instruction_register|jtag_macro|boundary_scan_segment|tap_port|jtag_port|test_signal|formal_verification_constraint|mbist_clock|mbist_clock_domain|pmbist_port|programmable_direct_access_function|memory_spare_column_map_data|memory_spare_column_map_address|memory_spare_column_map|memory_spare_column|memory_spare_row_map_address|memory_spare_row|memory_data_bit_structure|memory_bank_structure|address_partition|write_mask_bit|memory_lib_pin_access|memory_lib_pin_action|memory_lib_pin_test|memory_lib_pin_alias|memory_lib_cell|memory_library_domain|fuse_cell|fuse_cell_domain|test_clock|test_clock_domain|scan_segment|scan_chain|actual_scan_segment|actual_scan_chain|violation|timing_bin_path|timing_bin|arc|timing_point|timing_path|sdp_instance|sdp_column|sdp_row|sdp_group|flow_step|flow|command_option|command|level_shifter_rule|isolation_rule|macro_isolation_rule|macro_power_domain|macro_model|repeater_rule|state_retention_rule|power_mode|power_domain|nominal_condition|power_intent_command_id|power_intent_command|power_model|power_scope|congestion_box|route_type|pdomain|route_rule|blackbox|fpobject|pinstance|cluster|def_pin|pnet|specialnet|style|fill|slot|track_pattern|row|region|bump|pcell|group|extraction_grid|gcell_grid|gcell|route_blockage|place_blockage|blockage|layer|site|via|exception|cost_group|external_delay|clock|clock_domain|delay_corner|constraint_mode|analysis_view|mode|hport_bus|port_bus|constant|pin_bus|hpin_bus|pg_pin|hpin|pin|hport|port|pg_hport|pg_port|pg_hnet|pg_net|net|hnet|inst|hinst|module|design|level_shifter_group|library_domain|virtual_techelt|timing_condition|rc_corner|opcond|library_set|base_cell_set|operating_condition|wireload_selection|wireload|lib_arc|pg_lib_pin|lib_pin|seq_function|lwlib_cell|lib_cell|lwlibrary|library|pg_base_pin|base_pin|base_cell|message|message_group|attribute|obj_type|root>+]:
        object of interest (must be unique) 
Error   : A required object parameter could not be found. [TUI-61] [::legacy::get_attr]
        : An object of type 'rtl_port|rtl_instance|rtl_block|rtl_module|hdl_implementation|hdl_bind|hdl_parameter|hdl_pin|hdl_subprogram|hdl_label|hdl_inst|hdl_procedure|hdl_block|hdl_component|hdl_operator|hdl_package|hdl_architecture|hdl_configuration|hdl_lib|cell_model|cell|test_bus_interface|test_bus_port|osc_source_reference|opcg_mode|opcg_domain|domain_macro_parameter|opcg_trigger|osc_source|dft_configuration_mode|jtag_instruction|jtag_instruction_register|jtag_macro|boundary_scan_segment|tap_port|jtag_port|test_signal|formal_verification_constraint|mbist_clock|mbist_clock_domain|pmbist_port|programmable_direct_access_function|memory_spare_column_map_data|memory_spare_column_map_address|memory_spare_column_map|memory_spare_column|memory_spare_row_map_address|memory_spare_row|memory_data_bit_structure|memory_bank_structure|address_partition|write_mask_bit|memory_lib_pin_access|memory_lib_pin_action|memory_lib_pin_test|memory_lib_pin_alias|memory_lib_cell|memory_library_domain|fuse_cell|fuse_cell_domain|test_clock|test_clock_domain|scan_segment|scan_chain|actual_scan_segment|actual_scan_chain|violation|timing_bin_path|timing_bin|arc|timing_point|timing_path|sdp_instance|sdp_column|sdp_row|sdp_group|flow_step|flow|command_option|command|level_shifter_rule|isolation_rule|macro_isolation_rule|macro_power_domain|macro_model|repeater_rule|state_retention_rule|power_mode|power_domain|nominal_condition|power_intent_command_id|power_intent_command|power_model|power_scope|congestion_box|route_type|pdomain|route_rule|blackbox|fpobject|pinstance|cluster|def_pin|pnet|specialnet|style|fill|slot|track_pattern|row|region|bump|pcell|group|extraction_grid|gcell_grid|gcell|route_blockage|place_blockage|blockage|layer|site|via|exception|cost_group|external_delay|clock|clock_domain|delay_corner|constraint_mode|analysis_view|mode|hport_bus|port_bus|constant|pin_bus|hpin_bus|pg_pin|hpin|pin|hport|port|pg_hport|pg_port|pg_hnet|pg_net|net|hnet|inst|hinst|module|design|level_shifter_group|library_domain|virtual_techelt|timing_condition|rc_corner|opcond|library_set|base_cell_set|operating_condition|wireload_selection|wireload|lib_arc|pg_lib_pin|lib_pin|seq_function|lwlib_cell|lib_cell|lwlibrary|library|pg_base_pin|base_pin|base_cell|message|message_group|attribute|obj_type|root' named 'iopt_partition' could not be found.

Usage: ::legacy::get_attr <string>
           [<rtl_port|rtl_instance|rtl_block|rtl_module|hdl_implementation|hdl_bind|hdl_parameter|hdl_pin|hdl_subprogram|hdl_label|hdl_inst|hdl_procedure|hdl_block|hdl_component|hdl_operator|hdl_package|hdl_architecture|hdl_configuration|hdl_lib|cell_model|cell|test_bus_interface|test_bus_port|osc_source_reference|opcg_mode|opcg_domain|domain_macro_parameter|opcg_trigger|osc_source|dft_configuration_mode|jtag_instruction|jtag_instruction_register|jtag_macro|boundary_scan_segment|tap_port|jtag_port|test_signal|formal_verification_constraint|mbist_clock|mbist_clock_domain|pmbist_port|programmable_direct_access_function|memory_spare_column_map_data|memory_spare_column_map_address|memory_spare_column_map|memory_spare_column|memory_spare_row_map_address|memory_spare_row|memory_data_bit_structure|memory_bank_structure|address_partition|write_mask_bit|memory_lib_pin_access|memory_lib_pin_action|memory_lib_pin_test|memory_lib_pin_alias|memory_lib_cell|memory_library_domain|fuse_cell|fuse_cell_domain|test_clock|test_clock_domain|scan_segment|scan_chain|actual_scan_segment|actual_scan_chain|violation|timing_bin_path|timing_bin|arc|timing_point|timing_path|sdp_instance|sdp_column|sdp_row|sdp_group|flow_step|flow|command_option|command|level_shifter_rule|isolation_rule|macro_isolation_rule|macro_power_domain|macro_model|repeater_rule|state_retention_rule|power_mode|power_domain|nominal_condition|power_intent_command_id|power_intent_command|power_model|power_scope|congestion_box|route_type|pdomain|route_rule|blackbox|fpobject|pinstance|cluster|def_pin|pnet|specialnet|style|fill|slot|track_pattern|row|region|bump|pcell|group|extraction_grid|gcell_grid|gcell|route_blockage|place_blockage|blockage|layer|site|via|exception|cost_group|external_delay|clock|clock_domain|delay_corner|constraint_mode|analysis_view|mode|hport_bus|port_bus|constant|pin_bus|hpin_bus|pg_pin|hpin|pin|hport|port|pg_hport|pg_port|pg_hnet|pg_net|net|hnet|inst|hinst|module|design|level_shifter_group|library_domain|virtual_techelt|timing_condition|rc_corner|opcond|library_set|base_cell_set|operating_condition|wireload_selection|wireload|lib_arc|pg_lib_pin|lib_pin|seq_function|lwlib_cell|lib_cell|lwlibrary|library|pg_base_pin|base_pin|base_cell|message|message_group|attribute|obj_type|root>+]

    <string>:
        attribute name 
    [<rtl_port|rtl_instance|rtl_block|rtl_module|hdl_implementation|hdl_bind|hdl_parameter|hdl_pin|hdl_subprogram|hdl_label|hdl_inst|hdl_procedure|hdl_block|hdl_component|hdl_operator|hdl_package|hdl_architecture|hdl_configuration|hdl_lib|cell_model|cell|test_bus_interface|test_bus_port|osc_source_reference|opcg_mode|opcg_domain|domain_macro_parameter|opcg_trigger|osc_source|dft_configuration_mode|jtag_instruction|jtag_instruction_register|jtag_macro|boundary_scan_segment|tap_port|jtag_port|test_signal|formal_verification_constraint|mbist_clock|mbist_clock_domain|pmbist_port|programmable_direct_access_function|memory_spare_column_map_data|memory_spare_column_map_address|memory_spare_column_map|memory_spare_column|memory_spare_row_map_address|memory_spare_row|memory_data_bit_structure|memory_bank_structure|address_partition|write_mask_bit|memory_lib_pin_access|memory_lib_pin_action|memory_lib_pin_test|memory_lib_pin_alias|memory_lib_cell|memory_library_domain|fuse_cell|fuse_cell_domain|test_clock|test_clock_domain|scan_segment|scan_chain|actual_scan_segment|actual_scan_chain|violation|timing_bin_path|timing_bin|arc|timing_point|timing_path|sdp_instance|sdp_column|sdp_row|sdp_group|flow_step|flow|command_option|command|level_shifter_rule|isolation_rule|macro_isolation_rule|macro_power_domain|macro_model|repeater_rule|state_retention_rule|power_mode|power_domain|nominal_condition|power_intent_command_id|power_intent_command|power_model|power_scope|congestion_box|route_type|pdomain|route_rule|blackbox|fpobject|pinstance|cluster|def_pin|pnet|specialnet|style|fill|slot|track_pattern|row|region|bump|pcell|group|extraction_grid|gcell_grid|gcell|route_blockage|place_blockage|blockage|layer|site|via|exception|cost_group|external_delay|clock|clock_domain|delay_corner|constraint_mode|analysis_view|mode|hport_bus|port_bus|constant|pin_bus|hpin_bus|pg_pin|hpin|pin|hport|port|pg_hport|pg_port|pg_hnet|pg_net|net|hnet|inst|hinst|module|design|level_shifter_group|library_domain|virtual_techelt|timing_condition|rc_corner|opcond|library_set|base_cell_set|operating_condition|wireload_selection|wireload|lib_arc|pg_lib_pin|lib_pin|seq_function|lwlib_cell|lib_cell|lwlibrary|library|pg_base_pin|base_pin|base_cell|message|message_group|attribute|obj_type|root>+]:
        object of interest (must be unique) 
Warning : Maximum message print count reached. [MESG-11]
        : Maximum print count of '21' reached for message 'TUI-61'.

Usage: ::legacy::get_attr <string>
           [<rtl_port|rtl_instance|rtl_block|rtl_module|hdl_implementation|hdl_bind|hdl_parameter|hdl_pin|hdl_subprogram|hdl_label|hdl_inst|hdl_procedure|hdl_block|hdl_component|hdl_operator|hdl_package|hdl_architecture|hdl_configuration|hdl_lib|cell_model|cell|test_bus_interface|test_bus_port|osc_source_reference|opcg_mode|opcg_domain|domain_macro_parameter|opcg_trigger|osc_source|dft_configuration_mode|jtag_instruction|jtag_instruction_register|jtag_macro|boundary_scan_segment|tap_port|jtag_port|test_signal|formal_verification_constraint|mbist_clock|mbist_clock_domain|pmbist_port|programmable_direct_access_function|memory_spare_column_map_data|memory_spare_column_map_address|memory_spare_column_map|memory_spare_column|memory_spare_row_map_address|memory_spare_row|memory_data_bit_structure|memory_bank_structure|address_partition|write_mask_bit|memory_lib_pin_access|memory_lib_pin_action|memory_lib_pin_test|memory_lib_pin_alias|memory_lib_cell|memory_library_domain|fuse_cell|fuse_cell_domain|test_clock|test_clock_domain|scan_segment|scan_chain|actual_scan_segment|actual_scan_chain|violation|timing_bin_path|timing_bin|arc|timing_point|timing_path|sdp_instance|sdp_column|sdp_row|sdp_group|flow_step|flow|command_option|command|level_shifter_rule|isolation_rule|macro_isolation_rule|macro_power_domain|macro_model|repeater_rule|state_retention_rule|power_mode|power_domain|nominal_condition|power_intent_command_id|power_intent_command|power_model|power_scope|congestion_box|route_type|pdomain|route_rule|blackbox|fpobject|pinstance|cluster|def_pin|pnet|specialnet|style|fill|slot|track_pattern|row|region|bump|pcell|group|extraction_grid|gcell_grid|gcell|route_blockage|place_blockage|blockage|layer|site|via|exception|cost_group|external_delay|clock|clock_domain|delay_corner|constraint_mode|analysis_view|mode|hport_bus|port_bus|constant|pin_bus|hpin_bus|pg_pin|hpin|pin|hport|port|pg_hport|pg_port|pg_hnet|pg_net|net|hnet|inst|hinst|module|design|level_shifter_group|library_domain|virtual_techelt|timing_condition|rc_corner|opcond|library_set|base_cell_set|operating_condition|wireload_selection|wireload|lib_arc|pg_lib_pin|lib_pin|seq_function|lwlib_cell|lib_cell|lwlibrary|library|pg_base_pin|base_pin|base_cell|message|message_group|attribute|obj_type|root>+]

    <string>:
        attribute name 
    [<rtl_port|rtl_instance|rtl_block|rtl_module|hdl_implementation|hdl_bind|hdl_parameter|hdl_pin|hdl_subprogram|hdl_label|hdl_inst|hdl_procedure|hdl_block|hdl_component|hdl_operator|hdl_package|hdl_architecture|hdl_configuration|hdl_lib|cell_model|cell|test_bus_interface|test_bus_port|osc_source_reference|opcg_mode|opcg_domain|domain_macro_parameter|opcg_trigger|osc_source|dft_configuration_mode|jtag_instruction|jtag_instruction_register|jtag_macro|boundary_scan_segment|tap_port|jtag_port|test_signal|formal_verification_constraint|mbist_clock|mbist_clock_domain|pmbist_port|programmable_direct_access_function|memory_spare_column_map_data|memory_spare_column_map_address|memory_spare_column_map|memory_spare_column|memory_spare_row_map_address|memory_spare_row|memory_data_bit_structure|memory_bank_structure|address_partition|write_mask_bit|memory_lib_pin_access|memory_lib_pin_action|memory_lib_pin_test|memory_lib_pin_alias|memory_lib_cell|memory_library_domain|fuse_cell|fuse_cell_domain|test_clock|test_clock_domain|scan_segment|scan_chain|actual_scan_segment|actual_scan_chain|violation|timing_bin_path|timing_bin|arc|timing_point|timing_path|sdp_instance|sdp_column|sdp_row|sdp_group|flow_step|flow|command_option|command|level_shifter_rule|isolation_rule|macro_isolation_rule|macro_power_domain|macro_model|repeater_rule|state_retention_rule|power_mode|power_domain|nominal_condition|power_intent_command_id|power_intent_command|power_model|power_scope|congestion_box|route_type|pdomain|route_rule|blackbox|fpobject|pinstance|cluster|def_pin|pnet|specialnet|style|fill|slot|track_pattern|row|region|bump|pcell|group|extraction_grid|gcell_grid|gcell|route_blockage|place_blockage|blockage|layer|site|via|exception|cost_group|external_delay|clock|clock_domain|delay_corner|constraint_mode|analysis_view|mode|hport_bus|port_bus|constant|pin_bus|hpin_bus|pg_pin|hpin|pin|hport|port|pg_hport|pg_port|pg_hnet|pg_net|net|hnet|inst|hinst|module|design|level_shifter_group|library_domain|virtual_techelt|timing_condition|rc_corner|opcond|library_set|base_cell_set|operating_condition|wireload_selection|wireload|lib_arc|pg_lib_pin|lib_pin|seq_function|lwlib_cell|lib_cell|lwlibrary|library|pg_base_pin|base_pin|base_cell|message|message_group|attribute|obj_type|root>+]:
        object of interest (must be unique) 

Usage: ::legacy::get_attr <string>
           [<rtl_port|rtl_instance|rtl_block|rtl_module|hdl_implementation|hdl_bind|hdl_parameter|hdl_pin|hdl_subprogram|hdl_label|hdl_inst|hdl_procedure|hdl_block|hdl_component|hdl_operator|hdl_package|hdl_architecture|hdl_configuration|hdl_lib|cell_model|cell|test_bus_interface|test_bus_port|osc_source_reference|opcg_mode|opcg_domain|domain_macro_parameter|opcg_trigger|osc_source|dft_configuration_mode|jtag_instruction|jtag_instruction_register|jtag_macro|boundary_scan_segment|tap_port|jtag_port|test_signal|formal_verification_constraint|mbist_clock|mbist_clock_domain|pmbist_port|programmable_direct_access_function|memory_spare_column_map_data|memory_spare_column_map_address|memory_spare_column_map|memory_spare_column|memory_spare_row_map_address|memory_spare_row|memory_data_bit_structure|memory_bank_structure|address_partition|write_mask_bit|memory_lib_pin_access|memory_lib_pin_action|memory_lib_pin_test|memory_lib_pin_alias|memory_lib_cell|memory_library_domain|fuse_cell|fuse_cell_domain|test_clock|test_clock_domain|scan_segment|scan_chain|actual_scan_segment|actual_scan_chain|violation|timing_bin_path|timing_bin|arc|timing_point|timing_path|sdp_instance|sdp_column|sdp_row|sdp_group|flow_step|flow|command_option|command|level_shifter_rule|isolation_rule|macro_isolation_rule|macro_power_domain|macro_model|repeater_rule|state_retention_rule|power_mode|power_domain|nominal_condition|power_intent_command_id|power_intent_command|power_model|power_scope|congestion_box|route_type|pdomain|route_rule|blackbox|fpobject|pinstance|cluster|def_pin|pnet|specialnet|style|fill|slot|track_pattern|row|region|bump|pcell|group|extraction_grid|gcell_grid|gcell|route_blockage|place_blockage|blockage|layer|site|via|exception|cost_group|external_delay|clock|clock_domain|delay_corner|constraint_mode|analysis_view|mode|hport_bus|port_bus|constant|pin_bus|hpin_bus|pg_pin|hpin|pin|hport|port|pg_hport|pg_port|pg_hnet|pg_net|net|hnet|inst|hinst|module|design|level_shifter_group|library_domain|virtual_techelt|timing_condition|rc_corner|opcond|library_set|base_cell_set|operating_condition|wireload_selection|wireload|lib_arc|pg_lib_pin|lib_pin|seq_function|lwlib_cell|lib_cell|lwlibrary|library|pg_base_pin|base_pin|base_cell|message|message_group|attribute|obj_type|root>+]

    <string>:
        attribute name 
    [<rtl_port|rtl_instance|rtl_block|rtl_module|hdl_implementation|hdl_bind|hdl_parameter|hdl_pin|hdl_subprogram|hdl_label|hdl_inst|hdl_procedure|hdl_block|hdl_component|hdl_operator|hdl_package|hdl_architecture|hdl_configuration|hdl_lib|cell_model|cell|test_bus_interface|test_bus_port|osc_source_reference|opcg_mode|opcg_domain|domain_macro_parameter|opcg_trigger|osc_source|dft_configuration_mode|jtag_instruction|jtag_instruction_register|jtag_macro|boundary_scan_segment|tap_port|jtag_port|test_signal|formal_verification_constraint|mbist_clock|mbist_clock_domain|pmbist_port|programmable_direct_access_function|memory_spare_column_map_data|memory_spare_column_map_address|memory_spare_column_map|memory_spare_column|memory_spare_row_map_address|memory_spare_row|memory_data_bit_structure|memory_bank_structure|address_partition|write_mask_bit|memory_lib_pin_access|memory_lib_pin_action|memory_lib_pin_test|memory_lib_pin_alias|memory_lib_cell|memory_library_domain|fuse_cell|fuse_cell_domain|test_clock|test_clock_domain|scan_segment|scan_chain|actual_scan_segment|actual_scan_chain|violation|timing_bin_path|timing_bin|arc|timing_point|timing_path|sdp_instance|sdp_column|sdp_row|sdp_group|flow_step|flow|command_option|command|level_shifter_rule|isolation_rule|macro_isolation_rule|macro_power_domain|macro_model|repeater_rule|state_retention_rule|power_mode|power_domain|nominal_condition|power_intent_command_id|power_intent_command|power_model|power_scope|congestion_box|route_type|pdomain|route_rule|blackbox|fpobject|pinstance|cluster|def_pin|pnet|specialnet|style|fill|slot|track_pattern|row|region|bump|pcell|group|extraction_grid|gcell_grid|gcell|route_blockage|place_blockage|blockage|layer|site|via|exception|cost_group|external_delay|clock|clock_domain|delay_corner|constraint_mode|analysis_view|mode|hport_bus|port_bus|constant|pin_bus|hpin_bus|pg_pin|hpin|pin|hport|port|pg_hport|pg_port|pg_hnet|pg_net|net|hnet|inst|hinst|module|design|level_shifter_group|library_domain|virtual_techelt|timing_condition|rc_corner|opcond|library_set|base_cell_set|operating_condition|wireload_selection|wireload|lib_arc|pg_lib_pin|lib_pin|seq_function|lwlib_cell|lib_cell|lwlibrary|library|pg_base_pin|base_pin|base_cell|message|message_group|attribute|obj_type|root>+]:
        object of interest (must be unique) 

Usage: ::legacy::get_attr <string>
           [<rtl_port|rtl_instance|rtl_block|rtl_module|hdl_implementation|hdl_bind|hdl_parameter|hdl_pin|hdl_subprogram|hdl_label|hdl_inst|hdl_procedure|hdl_block|hdl_component|hdl_operator|hdl_package|hdl_architecture|hdl_configuration|hdl_lib|cell_model|cell|test_bus_interface|test_bus_port|osc_source_reference|opcg_mode|opcg_domain|domain_macro_parameter|opcg_trigger|osc_source|dft_configuration_mode|jtag_instruction|jtag_instruction_register|jtag_macro|boundary_scan_segment|tap_port|jtag_port|test_signal|formal_verification_constraint|mbist_clock|mbist_clock_domain|pmbist_port|programmable_direct_access_function|memory_spare_column_map_data|memory_spare_column_map_address|memory_spare_column_map|memory_spare_column|memory_spare_row_map_address|memory_spare_row|memory_data_bit_structure|memory_bank_structure|address_partition|write_mask_bit|memory_lib_pin_access|memory_lib_pin_action|memory_lib_pin_test|memory_lib_pin_alias|memory_lib_cell|memory_library_domain|fuse_cell|fuse_cell_domain|test_clock|test_clock_domain|scan_segment|scan_chain|actual_scan_segment|actual_scan_chain|violation|timing_bin_path|timing_bin|arc|timing_point|timing_path|sdp_instance|sdp_column|sdp_row|sdp_group|flow_step|flow|command_option|command|level_shifter_rule|isolation_rule|macro_isolation_rule|macro_power_domain|macro_model|repeater_rule|state_retention_rule|power_mode|power_domain|nominal_condition|power_intent_command_id|power_intent_command|power_model|power_scope|congestion_box|route_type|pdomain|route_rule|blackbox|fpobject|pinstance|cluster|def_pin|pnet|specialnet|style|fill|slot|track_pattern|row|region|bump|pcell|group|extraction_grid|gcell_grid|gcell|route_blockage|place_blockage|blockage|layer|site|via|exception|cost_group|external_delay|clock|clock_domain|delay_corner|constraint_mode|analysis_view|mode|hport_bus|port_bus|constant|pin_bus|hpin_bus|pg_pin|hpin|pin|hport|port|pg_hport|pg_port|pg_hnet|pg_net|net|hnet|inst|hinst|module|design|level_shifter_group|library_domain|virtual_techelt|timing_condition|rc_corner|opcond|library_set|base_cell_set|operating_condition|wireload_selection|wireload|lib_arc|pg_lib_pin|lib_pin|seq_function|lwlib_cell|lib_cell|lwlibrary|library|pg_base_pin|base_pin|base_cell|message|message_group|attribute|obj_type|root>+]

    <string>:
        attribute name 
    [<rtl_port|rtl_instance|rtl_block|rtl_module|hdl_implementation|hdl_bind|hdl_parameter|hdl_pin|hdl_subprogram|hdl_label|hdl_inst|hdl_procedure|hdl_block|hdl_component|hdl_operator|hdl_package|hdl_architecture|hdl_configuration|hdl_lib|cell_model|cell|test_bus_interface|test_bus_port|osc_source_reference|opcg_mode|opcg_domain|domain_macro_parameter|opcg_trigger|osc_source|dft_configuration_mode|jtag_instruction|jtag_instruction_register|jtag_macro|boundary_scan_segment|tap_port|jtag_port|test_signal|formal_verification_constraint|mbist_clock|mbist_clock_domain|pmbist_port|programmable_direct_access_function|memory_spare_column_map_data|memory_spare_column_map_address|memory_spare_column_map|memory_spare_column|memory_spare_row_map_address|memory_spare_row|memory_data_bit_structure|memory_bank_structure|address_partition|write_mask_bit|memory_lib_pin_access|memory_lib_pin_action|memory_lib_pin_test|memory_lib_pin_alias|memory_lib_cell|memory_library_domain|fuse_cell|fuse_cell_domain|test_clock|test_clock_domain|scan_segment|scan_chain|actual_scan_segment|actual_scan_chain|violation|timing_bin_path|timing_bin|arc|timing_point|timing_path|sdp_instance|sdp_column|sdp_row|sdp_group|flow_step|flow|command_option|command|level_shifter_rule|isolation_rule|macro_isolation_rule|macro_power_domain|macro_model|repeater_rule|state_retention_rule|power_mode|power_domain|nominal_condition|power_intent_command_id|power_intent_command|power_model|power_scope|congestion_box|route_type|pdomain|route_rule|blackbox|fpobject|pinstance|cluster|def_pin|pnet|specialnet|style|fill|slot|track_pattern|row|region|bump|pcell|group|extraction_grid|gcell_grid|gcell|route_blockage|place_blockage|blockage|layer|site|via|exception|cost_group|external_delay|clock|clock_domain|delay_corner|constraint_mode|analysis_view|mode|hport_bus|port_bus|constant|pin_bus|hpin_bus|pg_pin|hpin|pin|hport|port|pg_hport|pg_port|pg_hnet|pg_net|net|hnet|inst|hinst|module|design|level_shifter_group|library_domain|virtual_techelt|timing_condition|rc_corner|opcond|library_set|base_cell_set|operating_condition|wireload_selection|wireload|lib_arc|pg_lib_pin|lib_pin|seq_function|lwlib_cell|lib_cell|lwlibrary|library|pg_base_pin|base_pin|base_cell|message|message_group|attribute|obj_type|root>+]:
        object of interest (must be unique) 

Usage: ::legacy::get_attr <string>
           [<rtl_port|rtl_instance|rtl_block|rtl_module|hdl_implementation|hdl_bind|hdl_parameter|hdl_pin|hdl_subprogram|hdl_label|hdl_inst|hdl_procedure|hdl_block|hdl_component|hdl_operator|hdl_package|hdl_architecture|hdl_configuration|hdl_lib|cell_model|cell|test_bus_interface|test_bus_port|osc_source_reference|opcg_mode|opcg_domain|domain_macro_parameter|opcg_trigger|osc_source|dft_configuration_mode|jtag_instruction|jtag_instruction_register|jtag_macro|boundary_scan_segment|tap_port|jtag_port|test_signal|formal_verification_constraint|mbist_clock|mbist_clock_domain|pmbist_port|programmable_direct_access_function|memory_spare_column_map_data|memory_spare_column_map_address|memory_spare_column_map|memory_spare_column|memory_spare_row_map_address|memory_spare_row|memory_data_bit_structure|memory_bank_structure|address_partition|write_mask_bit|memory_lib_pin_access|memory_lib_pin_action|memory_lib_pin_test|memory_lib_pin_alias|memory_lib_cell|memory_library_domain|fuse_cell|fuse_cell_domain|test_clock|test_clock_domain|scan_segment|scan_chain|actual_scan_segment|actual_scan_chain|violation|timing_bin_path|timing_bin|arc|timing_point|timing_path|sdp_instance|sdp_column|sdp_row|sdp_group|flow_step|flow|command_option|command|level_shifter_rule|isolation_rule|macro_isolation_rule|macro_power_domain|macro_model|repeater_rule|state_retention_rule|power_mode|power_domain|nominal_condition|power_intent_command_id|power_intent_command|power_model|power_scope|congestion_box|route_type|pdomain|route_rule|blackbox|fpobject|pinstance|cluster|def_pin|pnet|specialnet|style|fill|slot|track_pattern|row|region|bump|pcell|group|extraction_grid|gcell_grid|gcell|route_blockage|place_blockage|blockage|layer|site|via|exception|cost_group|external_delay|clock|clock_domain|delay_corner|constraint_mode|analysis_view|mode|hport_bus|port_bus|constant|pin_bus|hpin_bus|pg_pin|hpin|pin|hport|port|pg_hport|pg_port|pg_hnet|pg_net|net|hnet|inst|hinst|module|design|level_shifter_group|library_domain|virtual_techelt|timing_condition|rc_corner|opcond|library_set|base_cell_set|operating_condition|wireload_selection|wireload|lib_arc|pg_lib_pin|lib_pin|seq_function|lwlib_cell|lib_cell|lwlibrary|library|pg_base_pin|base_pin|base_cell|message|message_group|attribute|obj_type|root>+]

    <string>:
        attribute name 
    [<rtl_port|rtl_instance|rtl_block|rtl_module|hdl_implementation|hdl_bind|hdl_parameter|hdl_pin|hdl_subprogram|hdl_label|hdl_inst|hdl_procedure|hdl_block|hdl_component|hdl_operator|hdl_package|hdl_architecture|hdl_configuration|hdl_lib|cell_model|cell|test_bus_interface|test_bus_port|osc_source_reference|opcg_mode|opcg_domain|domain_macro_parameter|opcg_trigger|osc_source|dft_configuration_mode|jtag_instruction|jtag_instruction_register|jtag_macro|boundary_scan_segment|tap_port|jtag_port|test_signal|formal_verification_constraint|mbist_clock|mbist_clock_domain|pmbist_port|programmable_direct_access_function|memory_spare_column_map_data|memory_spare_column_map_address|memory_spare_column_map|memory_spare_column|memory_spare_row_map_address|memory_spare_row|memory_data_bit_structure|memory_bank_structure|address_partition|write_mask_bit|memory_lib_pin_access|memory_lib_pin_action|memory_lib_pin_test|memory_lib_pin_alias|memory_lib_cell|memory_library_domain|fuse_cell|fuse_cell_domain|test_clock|test_clock_domain|scan_segment|scan_chain|actual_scan_segment|actual_scan_chain|violation|timing_bin_path|timing_bin|arc|timing_point|timing_path|sdp_instance|sdp_column|sdp_row|sdp_group|flow_step|flow|command_option|command|level_shifter_rule|isolation_rule|macro_isolation_rule|macro_power_domain|macro_model|repeater_rule|state_retention_rule|power_mode|power_domain|nominal_condition|power_intent_command_id|power_intent_command|power_model|power_scope|congestion_box|route_type|pdomain|route_rule|blackbox|fpobject|pinstance|cluster|def_pin|pnet|specialnet|style|fill|slot|track_pattern|row|region|bump|pcell|group|extraction_grid|gcell_grid|gcell|route_blockage|place_blockage|blockage|layer|site|via|exception|cost_group|external_delay|clock|clock_domain|delay_corner|constraint_mode|analysis_view|mode|hport_bus|port_bus|constant|pin_bus|hpin_bus|pg_pin|hpin|pin|hport|port|pg_hport|pg_port|pg_hnet|pg_net|net|hnet|inst|hinst|module|design|level_shifter_group|library_domain|virtual_techelt|timing_condition|rc_corner|opcond|library_set|base_cell_set|operating_condition|wireload_selection|wireload|lib_arc|pg_lib_pin|lib_pin|seq_function|lwlib_cell|lib_cell|lwlibrary|library|pg_base_pin|base_pin|base_cell|message|message_group|attribute|obj_type|root>+]:
        object of interest (must be unique) 

Usage: ::legacy::get_attr <string>
           [<rtl_port|rtl_instance|rtl_block|rtl_module|hdl_implementation|hdl_bind|hdl_parameter|hdl_pin|hdl_subprogram|hdl_label|hdl_inst|hdl_procedure|hdl_block|hdl_component|hdl_operator|hdl_package|hdl_architecture|hdl_configuration|hdl_lib|cell_model|cell|test_bus_interface|test_bus_port|osc_source_reference|opcg_mode|opcg_domain|domain_macro_parameter|opcg_trigger|osc_source|dft_configuration_mode|jtag_instruction|jtag_instruction_register|jtag_macro|boundary_scan_segment|tap_port|jtag_port|test_signal|formal_verification_constraint|mbist_clock|mbist_clock_domain|pmbist_port|programmable_direct_access_function|memory_spare_column_map_data|memory_spare_column_map_address|memory_spare_column_map|memory_spare_column|memory_spare_row_map_address|memory_spare_row|memory_data_bit_structure|memory_bank_structure|address_partition|write_mask_bit|memory_lib_pin_access|memory_lib_pin_action|memory_lib_pin_test|memory_lib_pin_alias|memory_lib_cell|memory_library_domain|fuse_cell|fuse_cell_domain|test_clock|test_clock_domain|scan_segment|scan_chain|actual_scan_segment|actual_scan_chain|violation|timing_bin_path|timing_bin|arc|timing_point|timing_path|sdp_instance|sdp_column|sdp_row|sdp_group|flow_step|flow|command_option|command|level_shifter_rule|isolation_rule|macro_isolation_rule|macro_power_domain|macro_model|repeater_rule|state_retention_rule|power_mode|power_domain|nominal_condition|power_intent_command_id|power_intent_command|power_model|power_scope|congestion_box|route_type|pdomain|route_rule|blackbox|fpobject|pinstance|cluster|def_pin|pnet|specialnet|style|fill|slot|track_pattern|row|region|bump|pcell|group|extraction_grid|gcell_grid|gcell|route_blockage|place_blockage|blockage|layer|site|via|exception|cost_group|external_delay|clock|clock_domain|delay_corner|constraint_mode|analysis_view|mode|hport_bus|port_bus|constant|pin_bus|hpin_bus|pg_pin|hpin|pin|hport|port|pg_hport|pg_port|pg_hnet|pg_net|net|hnet|inst|hinst|module|design|level_shifter_group|library_domain|virtual_techelt|timing_condition|rc_corner|opcond|library_set|base_cell_set|operating_condition|wireload_selection|wireload|lib_arc|pg_lib_pin|lib_pin|seq_function|lwlib_cell|lib_cell|lwlibrary|library|pg_base_pin|base_pin|base_cell|message|message_group|attribute|obj_type|root>+]

    <string>:
        attribute name 
    [<rtl_port|rtl_instance|rtl_block|rtl_module|hdl_implementation|hdl_bind|hdl_parameter|hdl_pin|hdl_subprogram|hdl_label|hdl_inst|hdl_procedure|hdl_block|hdl_component|hdl_operator|hdl_package|hdl_architecture|hdl_configuration|hdl_lib|cell_model|cell|test_bus_interface|test_bus_port|osc_source_reference|opcg_mode|opcg_domain|domain_macro_parameter|opcg_trigger|osc_source|dft_configuration_mode|jtag_instruction|jtag_instruction_register|jtag_macro|boundary_scan_segment|tap_port|jtag_port|test_signal|formal_verification_constraint|mbist_clock|mbist_clock_domain|pmbist_port|programmable_direct_access_function|memory_spare_column_map_data|memory_spare_column_map_address|memory_spare_column_map|memory_spare_column|memory_spare_row_map_address|memory_spare_row|memory_data_bit_structure|memory_bank_structure|address_partition|write_mask_bit|memory_lib_pin_access|memory_lib_pin_action|memory_lib_pin_test|memory_lib_pin_alias|memory_lib_cell|memory_library_domain|fuse_cell|fuse_cell_domain|test_clock|test_clock_domain|scan_segment|scan_chain|actual_scan_segment|actual_scan_chain|violation|timing_bin_path|timing_bin|arc|timing_point|timing_path|sdp_instance|sdp_column|sdp_row|sdp_group|flow_step|flow|command_option|command|level_shifter_rule|isolation_rule|macro_isolation_rule|macro_power_domain|macro_model|repeater_rule|state_retention_rule|power_mode|power_domain|nominal_condition|power_intent_command_id|power_intent_command|power_model|power_scope|congestion_box|route_type|pdomain|route_rule|blackbox|fpobject|pinstance|cluster|def_pin|pnet|specialnet|style|fill|slot|track_pattern|row|region|bump|pcell|group|extraction_grid|gcell_grid|gcell|route_blockage|place_blockage|blockage|layer|site|via|exception|cost_group|external_delay|clock|clock_domain|delay_corner|constraint_mode|analysis_view|mode|hport_bus|port_bus|constant|pin_bus|hpin_bus|pg_pin|hpin|pin|hport|port|pg_hport|pg_port|pg_hnet|pg_net|net|hnet|inst|hinst|module|design|level_shifter_group|library_domain|virtual_techelt|timing_condition|rc_corner|opcond|library_set|base_cell_set|operating_condition|wireload_selection|wireload|lib_arc|pg_lib_pin|lib_pin|seq_function|lwlib_cell|lib_cell|lwlibrary|library|pg_base_pin|base_pin|base_cell|message|message_group|attribute|obj_type|root>+]:
        object of interest (must be unique) 

Usage: ::legacy::get_attr <string>
           [<rtl_port|rtl_instance|rtl_block|rtl_module|hdl_implementation|hdl_bind|hdl_parameter|hdl_pin|hdl_subprogram|hdl_label|hdl_inst|hdl_procedure|hdl_block|hdl_component|hdl_operator|hdl_package|hdl_architecture|hdl_configuration|hdl_lib|cell_model|cell|test_bus_interface|test_bus_port|osc_source_reference|opcg_mode|opcg_domain|domain_macro_parameter|opcg_trigger|osc_source|dft_configuration_mode|jtag_instruction|jtag_instruction_register|jtag_macro|boundary_scan_segment|tap_port|jtag_port|test_signal|formal_verification_constraint|mbist_clock|mbist_clock_domain|pmbist_port|programmable_direct_access_function|memory_spare_column_map_data|memory_spare_column_map_address|memory_spare_column_map|memory_spare_column|memory_spare_row_map_address|memory_spare_row|memory_data_bit_structure|memory_bank_structure|address_partition|write_mask_bit|memory_lib_pin_access|memory_lib_pin_action|memory_lib_pin_test|memory_lib_pin_alias|memory_lib_cell|memory_library_domain|fuse_cell|fuse_cell_domain|test_clock|test_clock_domain|scan_segment|scan_chain|actual_scan_segment|actual_scan_chain|violation|timing_bin_path|timing_bin|arc|timing_point|timing_path|sdp_instance|sdp_column|sdp_row|sdp_group|flow_step|flow|command_option|command|level_shifter_rule|isolation_rule|macro_isolation_rule|macro_power_domain|macro_model|repeater_rule|state_retention_rule|power_mode|power_domain|nominal_condition|power_intent_command_id|power_intent_command|power_model|power_scope|congestion_box|route_type|pdomain|route_rule|blackbox|fpobject|pinstance|cluster|def_pin|pnet|specialnet|style|fill|slot|track_pattern|row|region|bump|pcell|group|extraction_grid|gcell_grid|gcell|route_blockage|place_blockage|blockage|layer|site|via|exception|cost_group|external_delay|clock|clock_domain|delay_corner|constraint_mode|analysis_view|mode|hport_bus|port_bus|constant|pin_bus|hpin_bus|pg_pin|hpin|pin|hport|port|pg_hport|pg_port|pg_hnet|pg_net|net|hnet|inst|hinst|module|design|level_shifter_group|library_domain|virtual_techelt|timing_condition|rc_corner|opcond|library_set|base_cell_set|operating_condition|wireload_selection|wireload|lib_arc|pg_lib_pin|lib_pin|seq_function|lwlib_cell|lib_cell|lwlibrary|library|pg_base_pin|base_pin|base_cell|message|message_group|attribute|obj_type|root>+]

    <string>:
        attribute name 
    [<rtl_port|rtl_instance|rtl_block|rtl_module|hdl_implementation|hdl_bind|hdl_parameter|hdl_pin|hdl_subprogram|hdl_label|hdl_inst|hdl_procedure|hdl_block|hdl_component|hdl_operator|hdl_package|hdl_architecture|hdl_configuration|hdl_lib|cell_model|cell|test_bus_interface|test_bus_port|osc_source_reference|opcg_mode|opcg_domain|domain_macro_parameter|opcg_trigger|osc_source|dft_configuration_mode|jtag_instruction|jtag_instruction_register|jtag_macro|boundary_scan_segment|tap_port|jtag_port|test_signal|formal_verification_constraint|mbist_clock|mbist_clock_domain|pmbist_port|programmable_direct_access_function|memory_spare_column_map_data|memory_spare_column_map_address|memory_spare_column_map|memory_spare_column|memory_spare_row_map_address|memory_spare_row|memory_data_bit_structure|memory_bank_structure|address_partition|write_mask_bit|memory_lib_pin_access|memory_lib_pin_action|memory_lib_pin_test|memory_lib_pin_alias|memory_lib_cell|memory_library_domain|fuse_cell|fuse_cell_domain|test_clock|test_clock_domain|scan_segment|scan_chain|actual_scan_segment|actual_scan_chain|violation|timing_bin_path|timing_bin|arc|timing_point|timing_path|sdp_instance|sdp_column|sdp_row|sdp_group|flow_step|flow|command_option|command|level_shifter_rule|isolation_rule|macro_isolation_rule|macro_power_domain|macro_model|repeater_rule|state_retention_rule|power_mode|power_domain|nominal_condition|power_intent_command_id|power_intent_command|power_model|power_scope|congestion_box|route_type|pdomain|route_rule|blackbox|fpobject|pinstance|cluster|def_pin|pnet|specialnet|style|fill|slot|track_pattern|row|region|bump|pcell|group|extraction_grid|gcell_grid|gcell|route_blockage|place_blockage|blockage|layer|site|via|exception|cost_group|external_delay|clock|clock_domain|delay_corner|constraint_mode|analysis_view|mode|hport_bus|port_bus|constant|pin_bus|hpin_bus|pg_pin|hpin|pin|hport|port|pg_hport|pg_port|pg_hnet|pg_net|net|hnet|inst|hinst|module|design|level_shifter_group|library_domain|virtual_techelt|timing_condition|rc_corner|opcond|library_set|base_cell_set|operating_condition|wireload_selection|wireload|lib_arc|pg_lib_pin|lib_pin|seq_function|lwlib_cell|lib_cell|lwlibrary|library|pg_base_pin|base_pin|base_cell|message|message_group|attribute|obj_type|root>+]:
        object of interest (must be unique) 

Usage: ::legacy::get_attr <string>
           [<rtl_port|rtl_instance|rtl_block|rtl_module|hdl_implementation|hdl_bind|hdl_parameter|hdl_pin|hdl_subprogram|hdl_label|hdl_inst|hdl_procedure|hdl_block|hdl_component|hdl_operator|hdl_package|hdl_architecture|hdl_configuration|hdl_lib|cell_model|cell|test_bus_interface|test_bus_port|osc_source_reference|opcg_mode|opcg_domain|domain_macro_parameter|opcg_trigger|osc_source|dft_configuration_mode|jtag_instruction|jtag_instruction_register|jtag_macro|boundary_scan_segment|tap_port|jtag_port|test_signal|formal_verification_constraint|mbist_clock|mbist_clock_domain|pmbist_port|programmable_direct_access_function|memory_spare_column_map_data|memory_spare_column_map_address|memory_spare_column_map|memory_spare_column|memory_spare_row_map_address|memory_spare_row|memory_data_bit_structure|memory_bank_structure|address_partition|write_mask_bit|memory_lib_pin_access|memory_lib_pin_action|memory_lib_pin_test|memory_lib_pin_alias|memory_lib_cell|memory_library_domain|fuse_cell|fuse_cell_domain|test_clock|test_clock_domain|scan_segment|scan_chain|actual_scan_segment|actual_scan_chain|violation|timing_bin_path|timing_bin|arc|timing_point|timing_path|sdp_instance|sdp_column|sdp_row|sdp_group|flow_step|flow|command_option|command|level_shifter_rule|isolation_rule|macro_isolation_rule|macro_power_domain|macro_model|repeater_rule|state_retention_rule|power_mode|power_domain|nominal_condition|power_intent_command_id|power_intent_command|power_model|power_scope|congestion_box|route_type|pdomain|route_rule|blackbox|fpobject|pinstance|cluster|def_pin|pnet|specialnet|style|fill|slot|track_pattern|row|region|bump|pcell|group|extraction_grid|gcell_grid|gcell|route_blockage|place_blockage|blockage|layer|site|via|exception|cost_group|external_delay|clock|clock_domain|delay_corner|constraint_mode|analysis_view|mode|hport_bus|port_bus|constant|pin_bus|hpin_bus|pg_pin|hpin|pin|hport|port|pg_hport|pg_port|pg_hnet|pg_net|net|hnet|inst|hinst|module|design|level_shifter_group|library_domain|virtual_techelt|timing_condition|rc_corner|opcond|library_set|base_cell_set|operating_condition|wireload_selection|wireload|lib_arc|pg_lib_pin|lib_pin|seq_function|lwlib_cell|lib_cell|lwlibrary|library|pg_base_pin|base_pin|base_cell|message|message_group|attribute|obj_type|root>+]

    <string>:
        attribute name 
    [<rtl_port|rtl_instance|rtl_block|rtl_module|hdl_implementation|hdl_bind|hdl_parameter|hdl_pin|hdl_subprogram|hdl_label|hdl_inst|hdl_procedure|hdl_block|hdl_component|hdl_operator|hdl_package|hdl_architecture|hdl_configuration|hdl_lib|cell_model|cell|test_bus_interface|test_bus_port|osc_source_reference|opcg_mode|opcg_domain|domain_macro_parameter|opcg_trigger|osc_source|dft_configuration_mode|jtag_instruction|jtag_instruction_register|jtag_macro|boundary_scan_segment|tap_port|jtag_port|test_signal|formal_verification_constraint|mbist_clock|mbist_clock_domain|pmbist_port|programmable_direct_access_function|memory_spare_column_map_data|memory_spare_column_map_address|memory_spare_column_map|memory_spare_column|memory_spare_row_map_address|memory_spare_row|memory_data_bit_structure|memory_bank_structure|address_partition|write_mask_bit|memory_lib_pin_access|memory_lib_pin_action|memory_lib_pin_test|memory_lib_pin_alias|memory_lib_cell|memory_library_domain|fuse_cell|fuse_cell_domain|test_clock|test_clock_domain|scan_segment|scan_chain|actual_scan_segment|actual_scan_chain|violation|timing_bin_path|timing_bin|arc|timing_point|timing_path|sdp_instance|sdp_column|sdp_row|sdp_group|flow_step|flow|command_option|command|level_shifter_rule|isolation_rule|macro_isolation_rule|macro_power_domain|macro_model|repeater_rule|state_retention_rule|power_mode|power_domain|nominal_condition|power_intent_command_id|power_intent_command|power_model|power_scope|congestion_box|route_type|pdomain|route_rule|blackbox|fpobject|pinstance|cluster|def_pin|pnet|specialnet|style|fill|slot|track_pattern|row|region|bump|pcell|group|extraction_grid|gcell_grid|gcell|route_blockage|place_blockage|blockage|layer|site|via|exception|cost_group|external_delay|clock|clock_domain|delay_corner|constraint_mode|analysis_view|mode|hport_bus|port_bus|constant|pin_bus|hpin_bus|pg_pin|hpin|pin|hport|port|pg_hport|pg_port|pg_hnet|pg_net|net|hnet|inst|hinst|module|design|level_shifter_group|library_domain|virtual_techelt|timing_condition|rc_corner|opcond|library_set|base_cell_set|operating_condition|wireload_selection|wireload|lib_arc|pg_lib_pin|lib_pin|seq_function|lwlib_cell|lib_cell|lwlibrary|library|pg_base_pin|base_pin|base_cell|message|message_group|attribute|obj_type|root>+]:
        object of interest (must be unique) 

Usage: ::legacy::get_attr <string>
           [<rtl_port|rtl_instance|rtl_block|rtl_module|hdl_implementation|hdl_bind|hdl_parameter|hdl_pin|hdl_subprogram|hdl_label|hdl_inst|hdl_procedure|hdl_block|hdl_component|hdl_operator|hdl_package|hdl_architecture|hdl_configuration|hdl_lib|cell_model|cell|test_bus_interface|test_bus_port|osc_source_reference|opcg_mode|opcg_domain|domain_macro_parameter|opcg_trigger|osc_source|dft_configuration_mode|jtag_instruction|jtag_instruction_register|jtag_macro|boundary_scan_segment|tap_port|jtag_port|test_signal|formal_verification_constraint|mbist_clock|mbist_clock_domain|pmbist_port|programmable_direct_access_function|memory_spare_column_map_data|memory_spare_column_map_address|memory_spare_column_map|memory_spare_column|memory_spare_row_map_address|memory_spare_row|memory_data_bit_structure|memory_bank_structure|address_partition|write_mask_bit|memory_lib_pin_access|memory_lib_pin_action|memory_lib_pin_test|memory_lib_pin_alias|memory_lib_cell|memory_library_domain|fuse_cell|fuse_cell_domain|test_clock|test_clock_domain|scan_segment|scan_chain|actual_scan_segment|actual_scan_chain|violation|timing_bin_path|timing_bin|arc|timing_point|timing_path|sdp_instance|sdp_column|sdp_row|sdp_group|flow_step|flow|command_option|command|level_shifter_rule|isolation_rule|macro_isolation_rule|macro_power_domain|macro_model|repeater_rule|state_retention_rule|power_mode|power_domain|nominal_condition|power_intent_command_id|power_intent_command|power_model|power_scope|congestion_box|route_type|pdomain|route_rule|blackbox|fpobject|pinstance|cluster|def_pin|pnet|specialnet|style|fill|slot|track_pattern|row|region|bump|pcell|group|extraction_grid|gcell_grid|gcell|route_blockage|place_blockage|blockage|layer|site|via|exception|cost_group|external_delay|clock|clock_domain|delay_corner|constraint_mode|analysis_view|mode|hport_bus|port_bus|constant|pin_bus|hpin_bus|pg_pin|hpin|pin|hport|port|pg_hport|pg_port|pg_hnet|pg_net|net|hnet|inst|hinst|module|design|level_shifter_group|library_domain|virtual_techelt|timing_condition|rc_corner|opcond|library_set|base_cell_set|operating_condition|wireload_selection|wireload|lib_arc|pg_lib_pin|lib_pin|seq_function|lwlib_cell|lib_cell|lwlibrary|library|pg_base_pin|base_pin|base_cell|message|message_group|attribute|obj_type|root>+]

    <string>:
        attribute name 
    [<rtl_port|rtl_instance|rtl_block|rtl_module|hdl_implementation|hdl_bind|hdl_parameter|hdl_pin|hdl_subprogram|hdl_label|hdl_inst|hdl_procedure|hdl_block|hdl_component|hdl_operator|hdl_package|hdl_architecture|hdl_configuration|hdl_lib|cell_model|cell|test_bus_interface|test_bus_port|osc_source_reference|opcg_mode|opcg_domain|domain_macro_parameter|opcg_trigger|osc_source|dft_configuration_mode|jtag_instruction|jtag_instruction_register|jtag_macro|boundary_scan_segment|tap_port|jtag_port|test_signal|formal_verification_constraint|mbist_clock|mbist_clock_domain|pmbist_port|programmable_direct_access_function|memory_spare_column_map_data|memory_spare_column_map_address|memory_spare_column_map|memory_spare_column|memory_spare_row_map_address|memory_spare_row|memory_data_bit_structure|memory_bank_structure|address_partition|write_mask_bit|memory_lib_pin_access|memory_lib_pin_action|memory_lib_pin_test|memory_lib_pin_alias|memory_lib_cell|memory_library_domain|fuse_cell|fuse_cell_domain|test_clock|test_clock_domain|scan_segment|scan_chain|actual_scan_segment|actual_scan_chain|violation|timing_bin_path|timing_bin|arc|timing_point|timing_path|sdp_instance|sdp_column|sdp_row|sdp_group|flow_step|flow|command_option|command|level_shifter_rule|isolation_rule|macro_isolation_rule|macro_power_domain|macro_model|repeater_rule|state_retention_rule|power_mode|power_domain|nominal_condition|power_intent_command_id|power_intent_command|power_model|power_scope|congestion_box|route_type|pdomain|route_rule|blackbox|fpobject|pinstance|cluster|def_pin|pnet|specialnet|style|fill|slot|track_pattern|row|region|bump|pcell|group|extraction_grid|gcell_grid|gcell|route_blockage|place_blockage|blockage|layer|site|via|exception|cost_group|external_delay|clock|clock_domain|delay_corner|constraint_mode|analysis_view|mode|hport_bus|port_bus|constant|pin_bus|hpin_bus|pg_pin|hpin|pin|hport|port|pg_hport|pg_port|pg_hnet|pg_net|net|hnet|inst|hinst|module|design|level_shifter_group|library_domain|virtual_techelt|timing_condition|rc_corner|opcond|library_set|base_cell_set|operating_condition|wireload_selection|wireload|lib_arc|pg_lib_pin|lib_pin|seq_function|lwlib_cell|lib_cell|lwlibrary|library|pg_base_pin|base_pin|base_cell|message|message_group|attribute|obj_type|root>+]:
        object of interest (must be unique) 

Usage: ::legacy::get_attr <string>
           [<rtl_port|rtl_instance|rtl_block|rtl_module|hdl_implementation|hdl_bind|hdl_parameter|hdl_pin|hdl_subprogram|hdl_label|hdl_inst|hdl_procedure|hdl_block|hdl_component|hdl_operator|hdl_package|hdl_architecture|hdl_configuration|hdl_lib|cell_model|cell|test_bus_interface|test_bus_port|osc_source_reference|opcg_mode|opcg_domain|domain_macro_parameter|opcg_trigger|osc_source|dft_configuration_mode|jtag_instruction|jtag_instruction_register|jtag_macro|boundary_scan_segment|tap_port|jtag_port|test_signal|formal_verification_constraint|mbist_clock|mbist_clock_domain|pmbist_port|programmable_direct_access_function|memory_spare_column_map_data|memory_spare_column_map_address|memory_spare_column_map|memory_spare_column|memory_spare_row_map_address|memory_spare_row|memory_data_bit_structure|memory_bank_structure|address_partition|write_mask_bit|memory_lib_pin_access|memory_lib_pin_action|memory_lib_pin_test|memory_lib_pin_alias|memory_lib_cell|memory_library_domain|fuse_cell|fuse_cell_domain|test_clock|test_clock_domain|scan_segment|scan_chain|actual_scan_segment|actual_scan_chain|violation|timing_bin_path|timing_bin|arc|timing_point|timing_path|sdp_instance|sdp_column|sdp_row|sdp_group|flow_step|flow|command_option|command|level_shifter_rule|isolation_rule|macro_isolation_rule|macro_power_domain|macro_model|repeater_rule|state_retention_rule|power_mode|power_domain|nominal_condition|power_intent_command_id|power_intent_command|power_model|power_scope|congestion_box|route_type|pdomain|route_rule|blackbox|fpobject|pinstance|cluster|def_pin|pnet|specialnet|style|fill|slot|track_pattern|row|region|bump|pcell|group|extraction_grid|gcell_grid|gcell|route_blockage|place_blockage|blockage|layer|site|via|exception|cost_group|external_delay|clock|clock_domain|delay_corner|constraint_mode|analysis_view|mode|hport_bus|port_bus|constant|pin_bus|hpin_bus|pg_pin|hpin|pin|hport|port|pg_hport|pg_port|pg_hnet|pg_net|net|hnet|inst|hinst|module|design|level_shifter_group|library_domain|virtual_techelt|timing_condition|rc_corner|opcond|library_set|base_cell_set|operating_condition|wireload_selection|wireload|lib_arc|pg_lib_pin|lib_pin|seq_function|lwlib_cell|lib_cell|lwlibrary|library|pg_base_pin|base_pin|base_cell|message|message_group|attribute|obj_type|root>+]

    <string>:
        attribute name 
    [<rtl_port|rtl_instance|rtl_block|rtl_module|hdl_implementation|hdl_bind|hdl_parameter|hdl_pin|hdl_subprogram|hdl_label|hdl_inst|hdl_procedure|hdl_block|hdl_component|hdl_operator|hdl_package|hdl_architecture|hdl_configuration|hdl_lib|cell_model|cell|test_bus_interface|test_bus_port|osc_source_reference|opcg_mode|opcg_domain|domain_macro_parameter|opcg_trigger|osc_source|dft_configuration_mode|jtag_instruction|jtag_instruction_register|jtag_macro|boundary_scan_segment|tap_port|jtag_port|test_signal|formal_verification_constraint|mbist_clock|mbist_clock_domain|pmbist_port|programmable_direct_access_function|memory_spare_column_map_data|memory_spare_column_map_address|memory_spare_column_map|memory_spare_column|memory_spare_row_map_address|memory_spare_row|memory_data_bit_structure|memory_bank_structure|address_partition|write_mask_bit|memory_lib_pin_access|memory_lib_pin_action|memory_lib_pin_test|memory_lib_pin_alias|memory_lib_cell|memory_library_domain|fuse_cell|fuse_cell_domain|test_clock|test_clock_domain|scan_segment|scan_chain|actual_scan_segment|actual_scan_chain|violation|timing_bin_path|timing_bin|arc|timing_point|timing_path|sdp_instance|sdp_column|sdp_row|sdp_group|flow_step|flow|command_option|command|level_shifter_rule|isolation_rule|macro_isolation_rule|macro_power_domain|macro_model|repeater_rule|state_retention_rule|power_mode|power_domain|nominal_condition|power_intent_command_id|power_intent_command|power_model|power_scope|congestion_box|route_type|pdomain|route_rule|blackbox|fpobject|pinstance|cluster|def_pin|pnet|specialnet|style|fill|slot|track_pattern|row|region|bump|pcell|group|extraction_grid|gcell_grid|gcell|route_blockage|place_blockage|blockage|layer|site|via|exception|cost_group|external_delay|clock|clock_domain|delay_corner|constraint_mode|analysis_view|mode|hport_bus|port_bus|constant|pin_bus|hpin_bus|pg_pin|hpin|pin|hport|port|pg_hport|pg_port|pg_hnet|pg_net|net|hnet|inst|hinst|module|design|level_shifter_group|library_domain|virtual_techelt|timing_condition|rc_corner|opcond|library_set|base_cell_set|operating_condition|wireload_selection|wireload|lib_arc|pg_lib_pin|lib_pin|seq_function|lwlib_cell|lib_cell|lwlibrary|library|pg_base_pin|base_pin|base_cell|message|message_group|attribute|obj_type|root>+]:
        object of interest (must be unique) 

Usage: ::legacy::get_attr <string>
           [<rtl_port|rtl_instance|rtl_block|rtl_module|hdl_implementation|hdl_bind|hdl_parameter|hdl_pin|hdl_subprogram|hdl_label|hdl_inst|hdl_procedure|hdl_block|hdl_component|hdl_operator|hdl_package|hdl_architecture|hdl_configuration|hdl_lib|cell_model|cell|test_bus_interface|test_bus_port|osc_source_reference|opcg_mode|opcg_domain|domain_macro_parameter|opcg_trigger|osc_source|dft_configuration_mode|jtag_instruction|jtag_instruction_register|jtag_macro|boundary_scan_segment|tap_port|jtag_port|test_signal|formal_verification_constraint|mbist_clock|mbist_clock_domain|pmbist_port|programmable_direct_access_function|memory_spare_column_map_data|memory_spare_column_map_address|memory_spare_column_map|memory_spare_column|memory_spare_row_map_address|memory_spare_row|memory_data_bit_structure|memory_bank_structure|address_partition|write_mask_bit|memory_lib_pin_access|memory_lib_pin_action|memory_lib_pin_test|memory_lib_pin_alias|memory_lib_cell|memory_library_domain|fuse_cell|fuse_cell_domain|test_clock|test_clock_domain|scan_segment|scan_chain|actual_scan_segment|actual_scan_chain|violation|timing_bin_path|timing_bin|arc|timing_point|timing_path|sdp_instance|sdp_column|sdp_row|sdp_group|flow_step|flow|command_option|command|level_shifter_rule|isolation_rule|macro_isolation_rule|macro_power_domain|macro_model|repeater_rule|state_retention_rule|power_mode|power_domain|nominal_condition|power_intent_command_id|power_intent_command|power_model|power_scope|congestion_box|route_type|pdomain|route_rule|blackbox|fpobject|pinstance|cluster|def_pin|pnet|specialnet|style|fill|slot|track_pattern|row|region|bump|pcell|group|extraction_grid|gcell_grid|gcell|route_blockage|place_blockage|blockage|layer|site|via|exception|cost_group|external_delay|clock|clock_domain|delay_corner|constraint_mode|analysis_view|mode|hport_bus|port_bus|constant|pin_bus|hpin_bus|pg_pin|hpin|pin|hport|port|pg_hport|pg_port|pg_hnet|pg_net|net|hnet|inst|hinst|module|design|level_shifter_group|library_domain|virtual_techelt|timing_condition|rc_corner|opcond|library_set|base_cell_set|operating_condition|wireload_selection|wireload|lib_arc|pg_lib_pin|lib_pin|seq_function|lwlib_cell|lib_cell|lwlibrary|library|pg_base_pin|base_pin|base_cell|message|message_group|attribute|obj_type|root>+]

    <string>:
        attribute name 
    [<rtl_port|rtl_instance|rtl_block|rtl_module|hdl_implementation|hdl_bind|hdl_parameter|hdl_pin|hdl_subprogram|hdl_label|hdl_inst|hdl_procedure|hdl_block|hdl_component|hdl_operator|hdl_package|hdl_architecture|hdl_configuration|hdl_lib|cell_model|cell|test_bus_interface|test_bus_port|osc_source_reference|opcg_mode|opcg_domain|domain_macro_parameter|opcg_trigger|osc_source|dft_configuration_mode|jtag_instruction|jtag_instruction_register|jtag_macro|boundary_scan_segment|tap_port|jtag_port|test_signal|formal_verification_constraint|mbist_clock|mbist_clock_domain|pmbist_port|programmable_direct_access_function|memory_spare_column_map_data|memory_spare_column_map_address|memory_spare_column_map|memory_spare_column|memory_spare_row_map_address|memory_spare_row|memory_data_bit_structure|memory_bank_structure|address_partition|write_mask_bit|memory_lib_pin_access|memory_lib_pin_action|memory_lib_pin_test|memory_lib_pin_alias|memory_lib_cell|memory_library_domain|fuse_cell|fuse_cell_domain|test_clock|test_clock_domain|scan_segment|scan_chain|actual_scan_segment|actual_scan_chain|violation|timing_bin_path|timing_bin|arc|timing_point|timing_path|sdp_instance|sdp_column|sdp_row|sdp_group|flow_step|flow|command_option|command|level_shifter_rule|isolation_rule|macro_isolation_rule|macro_power_domain|macro_model|repeater_rule|state_retention_rule|power_mode|power_domain|nominal_condition|power_intent_command_id|power_intent_command|power_model|power_scope|congestion_box|route_type|pdomain|route_rule|blackbox|fpobject|pinstance|cluster|def_pin|pnet|specialnet|style|fill|slot|track_pattern|row|region|bump|pcell|group|extraction_grid|gcell_grid|gcell|route_blockage|place_blockage|blockage|layer|site|via|exception|cost_group|external_delay|clock|clock_domain|delay_corner|constraint_mode|analysis_view|mode|hport_bus|port_bus|constant|pin_bus|hpin_bus|pg_pin|hpin|pin|hport|port|pg_hport|pg_port|pg_hnet|pg_net|net|hnet|inst|hinst|module|design|level_shifter_group|library_domain|virtual_techelt|timing_condition|rc_corner|opcond|library_set|base_cell_set|operating_condition|wireload_selection|wireload|lib_arc|pg_lib_pin|lib_pin|seq_function|lwlib_cell|lib_cell|lwlibrary|library|pg_base_pin|base_pin|base_cell|message|message_group|attribute|obj_type|root>+]:
        object of interest (must be unique) 

Usage: ::legacy::get_attr <string>
           [<rtl_port|rtl_instance|rtl_block|rtl_module|hdl_implementation|hdl_bind|hdl_parameter|hdl_pin|hdl_subprogram|hdl_label|hdl_inst|hdl_procedure|hdl_block|hdl_component|hdl_operator|hdl_package|hdl_architecture|hdl_configuration|hdl_lib|cell_model|cell|test_bus_interface|test_bus_port|osc_source_reference|opcg_mode|opcg_domain|domain_macro_parameter|opcg_trigger|osc_source|dft_configuration_mode|jtag_instruction|jtag_instruction_register|jtag_macro|boundary_scan_segment|tap_port|jtag_port|test_signal|formal_verification_constraint|mbist_clock|mbist_clock_domain|pmbist_port|programmable_direct_access_function|memory_spare_column_map_data|memory_spare_column_map_address|memory_spare_column_map|memory_spare_column|memory_spare_row_map_address|memory_spare_row|memory_data_bit_structure|memory_bank_structure|address_partition|write_mask_bit|memory_lib_pin_access|memory_lib_pin_action|memory_lib_pin_test|memory_lib_pin_alias|memory_lib_cell|memory_library_domain|fuse_cell|fuse_cell_domain|test_clock|test_clock_domain|scan_segment|scan_chain|actual_scan_segment|actual_scan_chain|violation|timing_bin_path|timing_bin|arc|timing_point|timing_path|sdp_instance|sdp_column|sdp_row|sdp_group|flow_step|flow|command_option|command|level_shifter_rule|isolation_rule|macro_isolation_rule|macro_power_domain|macro_model|repeater_rule|state_retention_rule|power_mode|power_domain|nominal_condition|power_intent_command_id|power_intent_command|power_model|power_scope|congestion_box|route_type|pdomain|route_rule|blackbox|fpobject|pinstance|cluster|def_pin|pnet|specialnet|style|fill|slot|track_pattern|row|region|bump|pcell|group|extraction_grid|gcell_grid|gcell|route_blockage|place_blockage|blockage|layer|site|via|exception|cost_group|external_delay|clock|clock_domain|delay_corner|constraint_mode|analysis_view|mode|hport_bus|port_bus|constant|pin_bus|hpin_bus|pg_pin|hpin|pin|hport|port|pg_hport|pg_port|pg_hnet|pg_net|net|hnet|inst|hinst|module|design|level_shifter_group|library_domain|virtual_techelt|timing_condition|rc_corner|opcond|library_set|base_cell_set|operating_condition|wireload_selection|wireload|lib_arc|pg_lib_pin|lib_pin|seq_function|lwlib_cell|lib_cell|lwlibrary|library|pg_base_pin|base_pin|base_cell|message|message_group|attribute|obj_type|root>+]

    <string>:
        attribute name 
    [<rtl_port|rtl_instance|rtl_block|rtl_module|hdl_implementation|hdl_bind|hdl_parameter|hdl_pin|hdl_subprogram|hdl_label|hdl_inst|hdl_procedure|hdl_block|hdl_component|hdl_operator|hdl_package|hdl_architecture|hdl_configuration|hdl_lib|cell_model|cell|test_bus_interface|test_bus_port|osc_source_reference|opcg_mode|opcg_domain|domain_macro_parameter|opcg_trigger|osc_source|dft_configuration_mode|jtag_instruction|jtag_instruction_register|jtag_macro|boundary_scan_segment|tap_port|jtag_port|test_signal|formal_verification_constraint|mbist_clock|mbist_clock_domain|pmbist_port|programmable_direct_access_function|memory_spare_column_map_data|memory_spare_column_map_address|memory_spare_column_map|memory_spare_column|memory_spare_row_map_address|memory_spare_row|memory_data_bit_structure|memory_bank_structure|address_partition|write_mask_bit|memory_lib_pin_access|memory_lib_pin_action|memory_lib_pin_test|memory_lib_pin_alias|memory_lib_cell|memory_library_domain|fuse_cell|fuse_cell_domain|test_clock|test_clock_domain|scan_segment|scan_chain|actual_scan_segment|actual_scan_chain|violation|timing_bin_path|timing_bin|arc|timing_point|timing_path|sdp_instance|sdp_column|sdp_row|sdp_group|flow_step|flow|command_option|command|level_shifter_rule|isolation_rule|macro_isolation_rule|macro_power_domain|macro_model|repeater_rule|state_retention_rule|power_mode|power_domain|nominal_condition|power_intent_command_id|power_intent_command|power_model|power_scope|congestion_box|route_type|pdomain|route_rule|blackbox|fpobject|pinstance|cluster|def_pin|pnet|specialnet|style|fill|slot|track_pattern|row|region|bump|pcell|group|extraction_grid|gcell_grid|gcell|route_blockage|place_blockage|blockage|layer|site|via|exception|cost_group|external_delay|clock|clock_domain|delay_corner|constraint_mode|analysis_view|mode|hport_bus|port_bus|constant|pin_bus|hpin_bus|pg_pin|hpin|pin|hport|port|pg_hport|pg_port|pg_hnet|pg_net|net|hnet|inst|hinst|module|design|level_shifter_group|library_domain|virtual_techelt|timing_condition|rc_corner|opcond|library_set|base_cell_set|operating_condition|wireload_selection|wireload|lib_arc|pg_lib_pin|lib_pin|seq_function|lwlib_cell|lib_cell|lwlibrary|library|pg_base_pin|base_pin|base_cell|message|message_group|attribute|obj_type|root>+]:
        object of interest (must be unique) 

Usage: ::legacy::get_attr <string>
           [<rtl_port|rtl_instance|rtl_block|rtl_module|hdl_implementation|hdl_bind|hdl_parameter|hdl_pin|hdl_subprogram|hdl_label|hdl_inst|hdl_procedure|hdl_block|hdl_component|hdl_operator|hdl_package|hdl_architecture|hdl_configuration|hdl_lib|cell_model|cell|test_bus_interface|test_bus_port|osc_source_reference|opcg_mode|opcg_domain|domain_macro_parameter|opcg_trigger|osc_source|dft_configuration_mode|jtag_instruction|jtag_instruction_register|jtag_macro|boundary_scan_segment|tap_port|jtag_port|test_signal|formal_verification_constraint|mbist_clock|mbist_clock_domain|pmbist_port|programmable_direct_access_function|memory_spare_column_map_data|memory_spare_column_map_address|memory_spare_column_map|memory_spare_column|memory_spare_row_map_address|memory_spare_row|memory_data_bit_structure|memory_bank_structure|address_partition|write_mask_bit|memory_lib_pin_access|memory_lib_pin_action|memory_lib_pin_test|memory_lib_pin_alias|memory_lib_cell|memory_library_domain|fuse_cell|fuse_cell_domain|test_clock|test_clock_domain|scan_segment|scan_chain|actual_scan_segment|actual_scan_chain|violation|timing_bin_path|timing_bin|arc|timing_point|timing_path|sdp_instance|sdp_column|sdp_row|sdp_group|flow_step|flow|command_option|command|level_shifter_rule|isolation_rule|macro_isolation_rule|macro_power_domain|macro_model|repeater_rule|state_retention_rule|power_mode|power_domain|nominal_condition|power_intent_command_id|power_intent_command|power_model|power_scope|congestion_box|route_type|pdomain|route_rule|blackbox|fpobject|pinstance|cluster|def_pin|pnet|specialnet|style|fill|slot|track_pattern|row|region|bump|pcell|group|extraction_grid|gcell_grid|gcell|route_blockage|place_blockage|blockage|layer|site|via|exception|cost_group|external_delay|clock|clock_domain|delay_corner|constraint_mode|analysis_view|mode|hport_bus|port_bus|constant|pin_bus|hpin_bus|pg_pin|hpin|pin|hport|port|pg_hport|pg_port|pg_hnet|pg_net|net|hnet|inst|hinst|module|design|level_shifter_group|library_domain|virtual_techelt|timing_condition|rc_corner|opcond|library_set|base_cell_set|operating_condition|wireload_selection|wireload|lib_arc|pg_lib_pin|lib_pin|seq_function|lwlib_cell|lib_cell|lwlibrary|library|pg_base_pin|base_pin|base_cell|message|message_group|attribute|obj_type|root>+]

    <string>:
        attribute name 
    [<rtl_port|rtl_instance|rtl_block|rtl_module|hdl_implementation|hdl_bind|hdl_parameter|hdl_pin|hdl_subprogram|hdl_label|hdl_inst|hdl_procedure|hdl_block|hdl_component|hdl_operator|hdl_package|hdl_architecture|hdl_configuration|hdl_lib|cell_model|cell|test_bus_interface|test_bus_port|osc_source_reference|opcg_mode|opcg_domain|domain_macro_parameter|opcg_trigger|osc_source|dft_configuration_mode|jtag_instruction|jtag_instruction_register|jtag_macro|boundary_scan_segment|tap_port|jtag_port|test_signal|formal_verification_constraint|mbist_clock|mbist_clock_domain|pmbist_port|programmable_direct_access_function|memory_spare_column_map_data|memory_spare_column_map_address|memory_spare_column_map|memory_spare_column|memory_spare_row_map_address|memory_spare_row|memory_data_bit_structure|memory_bank_structure|address_partition|write_mask_bit|memory_lib_pin_access|memory_lib_pin_action|memory_lib_pin_test|memory_lib_pin_alias|memory_lib_cell|memory_library_domain|fuse_cell|fuse_cell_domain|test_clock|test_clock_domain|scan_segment|scan_chain|actual_scan_segment|actual_scan_chain|violation|timing_bin_path|timing_bin|arc|timing_point|timing_path|sdp_instance|sdp_column|sdp_row|sdp_group|flow_step|flow|command_option|command|level_shifter_rule|isolation_rule|macro_isolation_rule|macro_power_domain|macro_model|repeater_rule|state_retention_rule|power_mode|power_domain|nominal_condition|power_intent_command_id|power_intent_command|power_model|power_scope|congestion_box|route_type|pdomain|route_rule|blackbox|fpobject|pinstance|cluster|def_pin|pnet|specialnet|style|fill|slot|track_pattern|row|region|bump|pcell|group|extraction_grid|gcell_grid|gcell|route_blockage|place_blockage|blockage|layer|site|via|exception|cost_group|external_delay|clock|clock_domain|delay_corner|constraint_mode|analysis_view|mode|hport_bus|port_bus|constant|pin_bus|hpin_bus|pg_pin|hpin|pin|hport|port|pg_hport|pg_port|pg_hnet|pg_net|net|hnet|inst|hinst|module|design|level_shifter_group|library_domain|virtual_techelt|timing_condition|rc_corner|opcond|library_set|base_cell_set|operating_condition|wireload_selection|wireload|lib_arc|pg_lib_pin|lib_pin|seq_function|lwlib_cell|lib_cell|lwlibrary|library|pg_base_pin|base_pin|base_cell|message|message_group|attribute|obj_type|root>+]:
        object of interest (must be unique) 

Usage: ::legacy::get_attr <string>
           [<rtl_port|rtl_instance|rtl_block|rtl_module|hdl_implementation|hdl_bind|hdl_parameter|hdl_pin|hdl_subprogram|hdl_label|hdl_inst|hdl_procedure|hdl_block|hdl_component|hdl_operator|hdl_package|hdl_architecture|hdl_configuration|hdl_lib|cell_model|cell|test_bus_interface|test_bus_port|osc_source_reference|opcg_mode|opcg_domain|domain_macro_parameter|opcg_trigger|osc_source|dft_configuration_mode|jtag_instruction|jtag_instruction_register|jtag_macro|boundary_scan_segment|tap_port|jtag_port|test_signal|formal_verification_constraint|mbist_clock|mbist_clock_domain|pmbist_port|programmable_direct_access_function|memory_spare_column_map_data|memory_spare_column_map_address|memory_spare_column_map|memory_spare_column|memory_spare_row_map_address|memory_spare_row|memory_data_bit_structure|memory_bank_structure|address_partition|write_mask_bit|memory_lib_pin_access|memory_lib_pin_action|memory_lib_pin_test|memory_lib_pin_alias|memory_lib_cell|memory_library_domain|fuse_cell|fuse_cell_domain|test_clock|test_clock_domain|scan_segment|scan_chain|actual_scan_segment|actual_scan_chain|violation|timing_bin_path|timing_bin|arc|timing_point|timing_path|sdp_instance|sdp_column|sdp_row|sdp_group|flow_step|flow|command_option|command|level_shifter_rule|isolation_rule|macro_isolation_rule|macro_power_domain|macro_model|repeater_rule|state_retention_rule|power_mode|power_domain|nominal_condition|power_intent_command_id|power_intent_command|power_model|power_scope|congestion_box|route_type|pdomain|route_rule|blackbox|fpobject|pinstance|cluster|def_pin|pnet|specialnet|style|fill|slot|track_pattern|row|region|bump|pcell|group|extraction_grid|gcell_grid|gcell|route_blockage|place_blockage|blockage|layer|site|via|exception|cost_group|external_delay|clock|clock_domain|delay_corner|constraint_mode|analysis_view|mode|hport_bus|port_bus|constant|pin_bus|hpin_bus|pg_pin|hpin|pin|hport|port|pg_hport|pg_port|pg_hnet|pg_net|net|hnet|inst|hinst|module|design|level_shifter_group|library_domain|virtual_techelt|timing_condition|rc_corner|opcond|library_set|base_cell_set|operating_condition|wireload_selection|wireload|lib_arc|pg_lib_pin|lib_pin|seq_function|lwlib_cell|lib_cell|lwlibrary|library|pg_base_pin|base_pin|base_cell|message|message_group|attribute|obj_type|root>+]

    <string>:
        attribute name 
    [<rtl_port|rtl_instance|rtl_block|rtl_module|hdl_implementation|hdl_bind|hdl_parameter|hdl_pin|hdl_subprogram|hdl_label|hdl_inst|hdl_procedure|hdl_block|hdl_component|hdl_operator|hdl_package|hdl_architecture|hdl_configuration|hdl_lib|cell_model|cell|test_bus_interface|test_bus_port|osc_source_reference|opcg_mode|opcg_domain|domain_macro_parameter|opcg_trigger|osc_source|dft_configuration_mode|jtag_instruction|jtag_instruction_register|jtag_macro|boundary_scan_segment|tap_port|jtag_port|test_signal|formal_verification_constraint|mbist_clock|mbist_clock_domain|pmbist_port|programmable_direct_access_function|memory_spare_column_map_data|memory_spare_column_map_address|memory_spare_column_map|memory_spare_column|memory_spare_row_map_address|memory_spare_row|memory_data_bit_structure|memory_bank_structure|address_partition|write_mask_bit|memory_lib_pin_access|memory_lib_pin_action|memory_lib_pin_test|memory_lib_pin_alias|memory_lib_cell|memory_library_domain|fuse_cell|fuse_cell_domain|test_clock|test_clock_domain|scan_segment|scan_chain|actual_scan_segment|actual_scan_chain|violation|timing_bin_path|timing_bin|arc|timing_point|timing_path|sdp_instance|sdp_column|sdp_row|sdp_group|flow_step|flow|command_option|command|level_shifter_rule|isolation_rule|macro_isolation_rule|macro_power_domain|macro_model|repeater_rule|state_retention_rule|power_mode|power_domain|nominal_condition|power_intent_command_id|power_intent_command|power_model|power_scope|congestion_box|route_type|pdomain|route_rule|blackbox|fpobject|pinstance|cluster|def_pin|pnet|specialnet|style|fill|slot|track_pattern|row|region|bump|pcell|group|extraction_grid|gcell_grid|gcell|route_blockage|place_blockage|blockage|layer|site|via|exception|cost_group|external_delay|clock|clock_domain|delay_corner|constraint_mode|analysis_view|mode|hport_bus|port_bus|constant|pin_bus|hpin_bus|pg_pin|hpin|pin|hport|port|pg_hport|pg_port|pg_hnet|pg_net|net|hnet|inst|hinst|module|design|level_shifter_group|library_domain|virtual_techelt|timing_condition|rc_corner|opcond|library_set|base_cell_set|operating_condition|wireload_selection|wireload|lib_arc|pg_lib_pin|lib_pin|seq_function|lwlib_cell|lib_cell|lwlibrary|library|pg_base_pin|base_pin|base_cell|message|message_group|attribute|obj_type|root>+]:
        object of interest (must be unique) 

Usage: ::legacy::get_attr <string>
           [<rtl_port|rtl_instance|rtl_block|rtl_module|hdl_implementation|hdl_bind|hdl_parameter|hdl_pin|hdl_subprogram|hdl_label|hdl_inst|hdl_procedure|hdl_block|hdl_component|hdl_operator|hdl_package|hdl_architecture|hdl_configuration|hdl_lib|cell_model|cell|test_bus_interface|test_bus_port|osc_source_reference|opcg_mode|opcg_domain|domain_macro_parameter|opcg_trigger|osc_source|dft_configuration_mode|jtag_instruction|jtag_instruction_register|jtag_macro|boundary_scan_segment|tap_port|jtag_port|test_signal|formal_verification_constraint|mbist_clock|mbist_clock_domain|pmbist_port|programmable_direct_access_function|memory_spare_column_map_data|memory_spare_column_map_address|memory_spare_column_map|memory_spare_column|memory_spare_row_map_address|memory_spare_row|memory_data_bit_structure|memory_bank_structure|address_partition|write_mask_bit|memory_lib_pin_access|memory_lib_pin_action|memory_lib_pin_test|memory_lib_pin_alias|memory_lib_cell|memory_library_domain|fuse_cell|fuse_cell_domain|test_clock|test_clock_domain|scan_segment|scan_chain|actual_scan_segment|actual_scan_chain|violation|timing_bin_path|timing_bin|arc|timing_point|timing_path|sdp_instance|sdp_column|sdp_row|sdp_group|flow_step|flow|command_option|command|level_shifter_rule|isolation_rule|macro_isolation_rule|macro_power_domain|macro_model|repeater_rule|state_retention_rule|power_mode|power_domain|nominal_condition|power_intent_command_id|power_intent_command|power_model|power_scope|congestion_box|route_type|pdomain|route_rule|blackbox|fpobject|pinstance|cluster|def_pin|pnet|specialnet|style|fill|slot|track_pattern|row|region|bump|pcell|group|extraction_grid|gcell_grid|gcell|route_blockage|place_blockage|blockage|layer|site|via|exception|cost_group|external_delay|clock|clock_domain|delay_corner|constraint_mode|analysis_view|mode|hport_bus|port_bus|constant|pin_bus|hpin_bus|pg_pin|hpin|pin|hport|port|pg_hport|pg_port|pg_hnet|pg_net|net|hnet|inst|hinst|module|design|level_shifter_group|library_domain|virtual_techelt|timing_condition|rc_corner|opcond|library_set|base_cell_set|operating_condition|wireload_selection|wireload|lib_arc|pg_lib_pin|lib_pin|seq_function|lwlib_cell|lib_cell|lwlibrary|library|pg_base_pin|base_pin|base_cell|message|message_group|attribute|obj_type|root>+]

    <string>:
        attribute name 
    [<rtl_port|rtl_instance|rtl_block|rtl_module|hdl_implementation|hdl_bind|hdl_parameter|hdl_pin|hdl_subprogram|hdl_label|hdl_inst|hdl_procedure|hdl_block|hdl_component|hdl_operator|hdl_package|hdl_architecture|hdl_configuration|hdl_lib|cell_model|cell|test_bus_interface|test_bus_port|osc_source_reference|opcg_mode|opcg_domain|domain_macro_parameter|opcg_trigger|osc_source|dft_configuration_mode|jtag_instruction|jtag_instruction_register|jtag_macro|boundary_scan_segment|tap_port|jtag_port|test_signal|formal_verification_constraint|mbist_clock|mbist_clock_domain|pmbist_port|programmable_direct_access_function|memory_spare_column_map_data|memory_spare_column_map_address|memory_spare_column_map|memory_spare_column|memory_spare_row_map_address|memory_spare_row|memory_data_bit_structure|memory_bank_structure|address_partition|write_mask_bit|memory_lib_pin_access|memory_lib_pin_action|memory_lib_pin_test|memory_lib_pin_alias|memory_lib_cell|memory_library_domain|fuse_cell|fuse_cell_domain|test_clock|test_clock_domain|scan_segment|scan_chain|actual_scan_segment|actual_scan_chain|violation|timing_bin_path|timing_bin|arc|timing_point|timing_path|sdp_instance|sdp_column|sdp_row|sdp_group|flow_step|flow|command_option|command|level_shifter_rule|isolation_rule|macro_isolation_rule|macro_power_domain|macro_model|repeater_rule|state_retention_rule|power_mode|power_domain|nominal_condition|power_intent_command_id|power_intent_command|power_model|power_scope|congestion_box|route_type|pdomain|route_rule|blackbox|fpobject|pinstance|cluster|def_pin|pnet|specialnet|style|fill|slot|track_pattern|row|region|bump|pcell|group|extraction_grid|gcell_grid|gcell|route_blockage|place_blockage|blockage|layer|site|via|exception|cost_group|external_delay|clock|clock_domain|delay_corner|constraint_mode|analysis_view|mode|hport_bus|port_bus|constant|pin_bus|hpin_bus|pg_pin|hpin|pin|hport|port|pg_hport|pg_port|pg_hnet|pg_net|net|hnet|inst|hinst|module|design|level_shifter_group|library_domain|virtual_techelt|timing_condition|rc_corner|opcond|library_set|base_cell_set|operating_condition|wireload_selection|wireload|lib_arc|pg_lib_pin|lib_pin|seq_function|lwlib_cell|lib_cell|lwlibrary|library|pg_base_pin|base_pin|base_cell|message|message_group|attribute|obj_type|root>+]:
        object of interest (must be unique) 

Usage: ::legacy::get_attr <string>
           [<rtl_port|rtl_instance|rtl_block|rtl_module|hdl_implementation|hdl_bind|hdl_parameter|hdl_pin|hdl_subprogram|hdl_label|hdl_inst|hdl_procedure|hdl_block|hdl_component|hdl_operator|hdl_package|hdl_architecture|hdl_configuration|hdl_lib|cell_model|cell|test_bus_interface|test_bus_port|osc_source_reference|opcg_mode|opcg_domain|domain_macro_parameter|opcg_trigger|osc_source|dft_configuration_mode|jtag_instruction|jtag_instruction_register|jtag_macro|boundary_scan_segment|tap_port|jtag_port|test_signal|formal_verification_constraint|mbist_clock|mbist_clock_domain|pmbist_port|programmable_direct_access_function|memory_spare_column_map_data|memory_spare_column_map_address|memory_spare_column_map|memory_spare_column|memory_spare_row_map_address|memory_spare_row|memory_data_bit_structure|memory_bank_structure|address_partition|write_mask_bit|memory_lib_pin_access|memory_lib_pin_action|memory_lib_pin_test|memory_lib_pin_alias|memory_lib_cell|memory_library_domain|fuse_cell|fuse_cell_domain|test_clock|test_clock_domain|scan_segment|scan_chain|actual_scan_segment|actual_scan_chain|violation|timing_bin_path|timing_bin|arc|timing_point|timing_path|sdp_instance|sdp_column|sdp_row|sdp_group|flow_step|flow|command_option|command|level_shifter_rule|isolation_rule|macro_isolation_rule|macro_power_domain|macro_model|repeater_rule|state_retention_rule|power_mode|power_domain|nominal_condition|power_intent_command_id|power_intent_command|power_model|power_scope|congestion_box|route_type|pdomain|route_rule|blackbox|fpobject|pinstance|cluster|def_pin|pnet|specialnet|style|fill|slot|track_pattern|row|region|bump|pcell|group|extraction_grid|gcell_grid|gcell|route_blockage|place_blockage|blockage|layer|site|via|exception|cost_group|external_delay|clock|clock_domain|delay_corner|constraint_mode|analysis_view|mode|hport_bus|port_bus|constant|pin_bus|hpin_bus|pg_pin|hpin|pin|hport|port|pg_hport|pg_port|pg_hnet|pg_net|net|hnet|inst|hinst|module|design|level_shifter_group|library_domain|virtual_techelt|timing_condition|rc_corner|opcond|library_set|base_cell_set|operating_condition|wireload_selection|wireload|lib_arc|pg_lib_pin|lib_pin|seq_function|lwlib_cell|lib_cell|lwlibrary|library|pg_base_pin|base_pin|base_cell|message|message_group|attribute|obj_type|root>+]

    <string>:
        attribute name 
    [<rtl_port|rtl_instance|rtl_block|rtl_module|hdl_implementation|hdl_bind|hdl_parameter|hdl_pin|hdl_subprogram|hdl_label|hdl_inst|hdl_procedure|hdl_block|hdl_component|hdl_operator|hdl_package|hdl_architecture|hdl_configuration|hdl_lib|cell_model|cell|test_bus_interface|test_bus_port|osc_source_reference|opcg_mode|opcg_domain|domain_macro_parameter|opcg_trigger|osc_source|dft_configuration_mode|jtag_instruction|jtag_instruction_register|jtag_macro|boundary_scan_segment|tap_port|jtag_port|test_signal|formal_verification_constraint|mbist_clock|mbist_clock_domain|pmbist_port|programmable_direct_access_function|memory_spare_column_map_data|memory_spare_column_map_address|memory_spare_column_map|memory_spare_column|memory_spare_row_map_address|memory_spare_row|memory_data_bit_structure|memory_bank_structure|address_partition|write_mask_bit|memory_lib_pin_access|memory_lib_pin_action|memory_lib_pin_test|memory_lib_pin_alias|memory_lib_cell|memory_library_domain|fuse_cell|fuse_cell_domain|test_clock|test_clock_domain|scan_segment|scan_chain|actual_scan_segment|actual_scan_chain|violation|timing_bin_path|timing_bin|arc|timing_point|timing_path|sdp_instance|sdp_column|sdp_row|sdp_group|flow_step|flow|command_option|command|level_shifter_rule|isolation_rule|macro_isolation_rule|macro_power_domain|macro_model|repeater_rule|state_retention_rule|power_mode|power_domain|nominal_condition|power_intent_command_id|power_intent_command|power_model|power_scope|congestion_box|route_type|pdomain|route_rule|blackbox|fpobject|pinstance|cluster|def_pin|pnet|specialnet|style|fill|slot|track_pattern|row|region|bump|pcell|group|extraction_grid|gcell_grid|gcell|route_blockage|place_blockage|blockage|layer|site|via|exception|cost_group|external_delay|clock|clock_domain|delay_corner|constraint_mode|analysis_view|mode|hport_bus|port_bus|constant|pin_bus|hpin_bus|pg_pin|hpin|pin|hport|port|pg_hport|pg_port|pg_hnet|pg_net|net|hnet|inst|hinst|module|design|level_shifter_group|library_domain|virtual_techelt|timing_condition|rc_corner|opcond|library_set|base_cell_set|operating_condition|wireload_selection|wireload|lib_arc|pg_lib_pin|lib_pin|seq_function|lwlib_cell|lib_cell|lwlibrary|library|pg_base_pin|base_pin|base_cell|message|message_group|attribute|obj_type|root>+]:
        object of interest (must be unique) 

Usage: ::legacy::get_attr <string>
           [<rtl_port|rtl_instance|rtl_block|rtl_module|hdl_implementation|hdl_bind|hdl_parameter|hdl_pin|hdl_subprogram|hdl_label|hdl_inst|hdl_procedure|hdl_block|hdl_component|hdl_operator|hdl_package|hdl_architecture|hdl_configuration|hdl_lib|cell_model|cell|test_bus_interface|test_bus_port|osc_source_reference|opcg_mode|opcg_domain|domain_macro_parameter|opcg_trigger|osc_source|dft_configuration_mode|jtag_instruction|jtag_instruction_register|jtag_macro|boundary_scan_segment|tap_port|jtag_port|test_signal|formal_verification_constraint|mbist_clock|mbist_clock_domain|pmbist_port|programmable_direct_access_function|memory_spare_column_map_data|memory_spare_column_map_address|memory_spare_column_map|memory_spare_column|memory_spare_row_map_address|memory_spare_row|memory_data_bit_structure|memory_bank_structure|address_partition|write_mask_bit|memory_lib_pin_access|memory_lib_pin_action|memory_lib_pin_test|memory_lib_pin_alias|memory_lib_cell|memory_library_domain|fuse_cell|fuse_cell_domain|test_clock|test_clock_domain|scan_segment|scan_chain|actual_scan_segment|actual_scan_chain|violation|timing_bin_path|timing_bin|arc|timing_point|timing_path|sdp_instance|sdp_column|sdp_row|sdp_group|flow_step|flow|command_option|command|level_shifter_rule|isolation_rule|macro_isolation_rule|macro_power_domain|macro_model|repeater_rule|state_retention_rule|power_mode|power_domain|nominal_condition|power_intent_command_id|power_intent_command|power_model|power_scope|congestion_box|route_type|pdomain|route_rule|blackbox|fpobject|pinstance|cluster|def_pin|pnet|specialnet|style|fill|slot|track_pattern|row|region|bump|pcell|group|extraction_grid|gcell_grid|gcell|route_blockage|place_blockage|blockage|layer|site|via|exception|cost_group|external_delay|clock|clock_domain|delay_corner|constraint_mode|analysis_view|mode|hport_bus|port_bus|constant|pin_bus|hpin_bus|pg_pin|hpin|pin|hport|port|pg_hport|pg_port|pg_hnet|pg_net|net|hnet|inst|hinst|module|design|level_shifter_group|library_domain|virtual_techelt|timing_condition|rc_corner|opcond|library_set|base_cell_set|operating_condition|wireload_selection|wireload|lib_arc|pg_lib_pin|lib_pin|seq_function|lwlib_cell|lib_cell|lwlibrary|library|pg_base_pin|base_pin|base_cell|message|message_group|attribute|obj_type|root>+]

    <string>:
        attribute name 
    [<rtl_port|rtl_instance|rtl_block|rtl_module|hdl_implementation|hdl_bind|hdl_parameter|hdl_pin|hdl_subprogram|hdl_label|hdl_inst|hdl_procedure|hdl_block|hdl_component|hdl_operator|hdl_package|hdl_architecture|hdl_configuration|hdl_lib|cell_model|cell|test_bus_interface|test_bus_port|osc_source_reference|opcg_mode|opcg_domain|domain_macro_parameter|opcg_trigger|osc_source|dft_configuration_mode|jtag_instruction|jtag_instruction_register|jtag_macro|boundary_scan_segment|tap_port|jtag_port|test_signal|formal_verification_constraint|mbist_clock|mbist_clock_domain|pmbist_port|programmable_direct_access_function|memory_spare_column_map_data|memory_spare_column_map_address|memory_spare_column_map|memory_spare_column|memory_spare_row_map_address|memory_spare_row|memory_data_bit_structure|memory_bank_structure|address_partition|write_mask_bit|memory_lib_pin_access|memory_lib_pin_action|memory_lib_pin_test|memory_lib_pin_alias|memory_lib_cell|memory_library_domain|fuse_cell|fuse_cell_domain|test_clock|test_clock_domain|scan_segment|scan_chain|actual_scan_segment|actual_scan_chain|violation|timing_bin_path|timing_bin|arc|timing_point|timing_path|sdp_instance|sdp_column|sdp_row|sdp_group|flow_step|flow|command_option|command|level_shifter_rule|isolation_rule|macro_isolation_rule|macro_power_domain|macro_model|repeater_rule|state_retention_rule|power_mode|power_domain|nominal_condition|power_intent_command_id|power_intent_command|power_model|power_scope|congestion_box|route_type|pdomain|route_rule|blackbox|fpobject|pinstance|cluster|def_pin|pnet|specialnet|style|fill|slot|track_pattern|row|region|bump|pcell|group|extraction_grid|gcell_grid|gcell|route_blockage|place_blockage|blockage|layer|site|via|exception|cost_group|external_delay|clock|clock_domain|delay_corner|constraint_mode|analysis_view|mode|hport_bus|port_bus|constant|pin_bus|hpin_bus|pg_pin|hpin|pin|hport|port|pg_hport|pg_port|pg_hnet|pg_net|net|hnet|inst|hinst|module|design|level_shifter_group|library_domain|virtual_techelt|timing_condition|rc_corner|opcond|library_set|base_cell_set|operating_condition|wireload_selection|wireload|lib_arc|pg_lib_pin|lib_pin|seq_function|lwlib_cell|lib_cell|lwlibrary|library|pg_base_pin|base_pin|base_cell|message|message_group|attribute|obj_type|root>+]:
        object of interest (must be unique) 

Usage: ::legacy::get_attr <string>
           [<rtl_port|rtl_instance|rtl_block|rtl_module|hdl_implementation|hdl_bind|hdl_parameter|hdl_pin|hdl_subprogram|hdl_label|hdl_inst|hdl_procedure|hdl_block|hdl_component|hdl_operator|hdl_package|hdl_architecture|hdl_configuration|hdl_lib|cell_model|cell|test_bus_interface|test_bus_port|osc_source_reference|opcg_mode|opcg_domain|domain_macro_parameter|opcg_trigger|osc_source|dft_configuration_mode|jtag_instruction|jtag_instruction_register|jtag_macro|boundary_scan_segment|tap_port|jtag_port|test_signal|formal_verification_constraint|mbist_clock|mbist_clock_domain|pmbist_port|programmable_direct_access_function|memory_spare_column_map_data|memory_spare_column_map_address|memory_spare_column_map|memory_spare_column|memory_spare_row_map_address|memory_spare_row|memory_data_bit_structure|memory_bank_structure|address_partition|write_mask_bit|memory_lib_pin_access|memory_lib_pin_action|memory_lib_pin_test|memory_lib_pin_alias|memory_lib_cell|memory_library_domain|fuse_cell|fuse_cell_domain|test_clock|test_clock_domain|scan_segment|scan_chain|actual_scan_segment|actual_scan_chain|violation|timing_bin_path|timing_bin|arc|timing_point|timing_path|sdp_instance|sdp_column|sdp_row|sdp_group|flow_step|flow|command_option|command|level_shifter_rule|isolation_rule|macro_isolation_rule|macro_power_domain|macro_model|repeater_rule|state_retention_rule|power_mode|power_domain|nominal_condition|power_intent_command_id|power_intent_command|power_model|power_scope|congestion_box|route_type|pdomain|route_rule|blackbox|fpobject|pinstance|cluster|def_pin|pnet|specialnet|style|fill|slot|track_pattern|row|region|bump|pcell|group|extraction_grid|gcell_grid|gcell|route_blockage|place_blockage|blockage|layer|site|via|exception|cost_group|external_delay|clock|clock_domain|delay_corner|constraint_mode|analysis_view|mode|hport_bus|port_bus|constant|pin_bus|hpin_bus|pg_pin|hpin|pin|hport|port|pg_hport|pg_port|pg_hnet|pg_net|net|hnet|inst|hinst|module|design|level_shifter_group|library_domain|virtual_techelt|timing_condition|rc_corner|opcond|library_set|base_cell_set|operating_condition|wireload_selection|wireload|lib_arc|pg_lib_pin|lib_pin|seq_function|lwlib_cell|lib_cell|lwlibrary|library|pg_base_pin|base_pin|base_cell|message|message_group|attribute|obj_type|root>+]

    <string>:
        attribute name 
    [<rtl_port|rtl_instance|rtl_block|rtl_module|hdl_implementation|hdl_bind|hdl_parameter|hdl_pin|hdl_subprogram|hdl_label|hdl_inst|hdl_procedure|hdl_block|hdl_component|hdl_operator|hdl_package|hdl_architecture|hdl_configuration|hdl_lib|cell_model|cell|test_bus_interface|test_bus_port|osc_source_reference|opcg_mode|opcg_domain|domain_macro_parameter|opcg_trigger|osc_source|dft_configuration_mode|jtag_instruction|jtag_instruction_register|jtag_macro|boundary_scan_segment|tap_port|jtag_port|test_signal|formal_verification_constraint|mbist_clock|mbist_clock_domain|pmbist_port|programmable_direct_access_function|memory_spare_column_map_data|memory_spare_column_map_address|memory_spare_column_map|memory_spare_column|memory_spare_row_map_address|memory_spare_row|memory_data_bit_structure|memory_bank_structure|address_partition|write_mask_bit|memory_lib_pin_access|memory_lib_pin_action|memory_lib_pin_test|memory_lib_pin_alias|memory_lib_cell|memory_library_domain|fuse_cell|fuse_cell_domain|test_clock|test_clock_domain|scan_segment|scan_chain|actual_scan_segment|actual_scan_chain|violation|timing_bin_path|timing_bin|arc|timing_point|timing_path|sdp_instance|sdp_column|sdp_row|sdp_group|flow_step|flow|command_option|command|level_shifter_rule|isolation_rule|macro_isolation_rule|macro_power_domain|macro_model|repeater_rule|state_retention_rule|power_mode|power_domain|nominal_condition|power_intent_command_id|power_intent_command|power_model|power_scope|congestion_box|route_type|pdomain|route_rule|blackbox|fpobject|pinstance|cluster|def_pin|pnet|specialnet|style|fill|slot|track_pattern|row|region|bump|pcell|group|extraction_grid|gcell_grid|gcell|route_blockage|place_blockage|blockage|layer|site|via|exception|cost_group|external_delay|clock|clock_domain|delay_corner|constraint_mode|analysis_view|mode|hport_bus|port_bus|constant|pin_bus|hpin_bus|pg_pin|hpin|pin|hport|port|pg_hport|pg_port|pg_hnet|pg_net|net|hnet|inst|hinst|module|design|level_shifter_group|library_domain|virtual_techelt|timing_condition|rc_corner|opcond|library_set|base_cell_set|operating_condition|wireload_selection|wireload|lib_arc|pg_lib_pin|lib_pin|seq_function|lwlib_cell|lib_cell|lwlibrary|library|pg_base_pin|base_pin|base_cell|message|message_group|attribute|obj_type|root>+]:
        object of interest (must be unique) 

Usage: ::legacy::get_attr <string>
           [<rtl_port|rtl_instance|rtl_block|rtl_module|hdl_implementation|hdl_bind|hdl_parameter|hdl_pin|hdl_subprogram|hdl_label|hdl_inst|hdl_procedure|hdl_block|hdl_component|hdl_operator|hdl_package|hdl_architecture|hdl_configuration|hdl_lib|cell_model|cell|test_bus_interface|test_bus_port|osc_source_reference|opcg_mode|opcg_domain|domain_macro_parameter|opcg_trigger|osc_source|dft_configuration_mode|jtag_instruction|jtag_instruction_register|jtag_macro|boundary_scan_segment|tap_port|jtag_port|test_signal|formal_verification_constraint|mbist_clock|mbist_clock_domain|pmbist_port|programmable_direct_access_function|memory_spare_column_map_data|memory_spare_column_map_address|memory_spare_column_map|memory_spare_column|memory_spare_row_map_address|memory_spare_row|memory_data_bit_structure|memory_bank_structure|address_partition|write_mask_bit|memory_lib_pin_access|memory_lib_pin_action|memory_lib_pin_test|memory_lib_pin_alias|memory_lib_cell|memory_library_domain|fuse_cell|fuse_cell_domain|test_clock|test_clock_domain|scan_segment|scan_chain|actual_scan_segment|actual_scan_chain|violation|timing_bin_path|timing_bin|arc|timing_point|timing_path|sdp_instance|sdp_column|sdp_row|sdp_group|flow_step|flow|command_option|command|level_shifter_rule|isolation_rule|macro_isolation_rule|macro_power_domain|macro_model|repeater_rule|state_retention_rule|power_mode|power_domain|nominal_condition|power_intent_command_id|power_intent_command|power_model|power_scope|congestion_box|route_type|pdomain|route_rule|blackbox|fpobject|pinstance|cluster|def_pin|pnet|specialnet|style|fill|slot|track_pattern|row|region|bump|pcell|group|extraction_grid|gcell_grid|gcell|route_blockage|place_blockage|blockage|layer|site|via|exception|cost_group|external_delay|clock|clock_domain|delay_corner|constraint_mode|analysis_view|mode|hport_bus|port_bus|constant|pin_bus|hpin_bus|pg_pin|hpin|pin|hport|port|pg_hport|pg_port|pg_hnet|pg_net|net|hnet|inst|hinst|module|design|level_shifter_group|library_domain|virtual_techelt|timing_condition|rc_corner|opcond|library_set|base_cell_set|operating_condition|wireload_selection|wireload|lib_arc|pg_lib_pin|lib_pin|seq_function|lwlib_cell|lib_cell|lwlibrary|library|pg_base_pin|base_pin|base_cell|message|message_group|attribute|obj_type|root>+]

    <string>:
        attribute name 
    [<rtl_port|rtl_instance|rtl_block|rtl_module|hdl_implementation|hdl_bind|hdl_parameter|hdl_pin|hdl_subprogram|hdl_label|hdl_inst|hdl_procedure|hdl_block|hdl_component|hdl_operator|hdl_package|hdl_architecture|hdl_configuration|hdl_lib|cell_model|cell|test_bus_interface|test_bus_port|osc_source_reference|opcg_mode|opcg_domain|domain_macro_parameter|opcg_trigger|osc_source|dft_configuration_mode|jtag_instruction|jtag_instruction_register|jtag_macro|boundary_scan_segment|tap_port|jtag_port|test_signal|formal_verification_constraint|mbist_clock|mbist_clock_domain|pmbist_port|programmable_direct_access_function|memory_spare_column_map_data|memory_spare_column_map_address|memory_spare_column_map|memory_spare_column|memory_spare_row_map_address|memory_spare_row|memory_data_bit_structure|memory_bank_structure|address_partition|write_mask_bit|memory_lib_pin_access|memory_lib_pin_action|memory_lib_pin_test|memory_lib_pin_alias|memory_lib_cell|memory_library_domain|fuse_cell|fuse_cell_domain|test_clock|test_clock_domain|scan_segment|scan_chain|actual_scan_segment|actual_scan_chain|violation|timing_bin_path|timing_bin|arc|timing_point|timing_path|sdp_instance|sdp_column|sdp_row|sdp_group|flow_step|flow|command_option|command|level_shifter_rule|isolation_rule|macro_isolation_rule|macro_power_domain|macro_model|repeater_rule|state_retention_rule|power_mode|power_domain|nominal_condition|power_intent_command_id|power_intent_command|power_model|power_scope|congestion_box|route_type|pdomain|route_rule|blackbox|fpobject|pinstance|cluster|def_pin|pnet|specialnet|style|fill|slot|track_pattern|row|region|bump|pcell|group|extraction_grid|gcell_grid|gcell|route_blockage|place_blockage|blockage|layer|site|via|exception|cost_group|external_delay|clock|clock_domain|delay_corner|constraint_mode|analysis_view|mode|hport_bus|port_bus|constant|pin_bus|hpin_bus|pg_pin|hpin|pin|hport|port|pg_hport|pg_port|pg_hnet|pg_net|net|hnet|inst|hinst|module|design|level_shifter_group|library_domain|virtual_techelt|timing_condition|rc_corner|opcond|library_set|base_cell_set|operating_condition|wireload_selection|wireload|lib_arc|pg_lib_pin|lib_pin|seq_function|lwlib_cell|lib_cell|lwlibrary|library|pg_base_pin|base_pin|base_cell|message|message_group|attribute|obj_type|root>+]:
        object of interest (must be unique) 

Usage: ::legacy::get_attr <string>
           [<rtl_port|rtl_instance|rtl_block|rtl_module|hdl_implementation|hdl_bind|hdl_parameter|hdl_pin|hdl_subprogram|hdl_label|hdl_inst|hdl_procedure|hdl_block|hdl_component|hdl_operator|hdl_package|hdl_architecture|hdl_configuration|hdl_lib|cell_model|cell|test_bus_interface|test_bus_port|osc_source_reference|opcg_mode|opcg_domain|domain_macro_parameter|opcg_trigger|osc_source|dft_configuration_mode|jtag_instruction|jtag_instruction_register|jtag_macro|boundary_scan_segment|tap_port|jtag_port|test_signal|formal_verification_constraint|mbist_clock|mbist_clock_domain|pmbist_port|programmable_direct_access_function|memory_spare_column_map_data|memory_spare_column_map_address|memory_spare_column_map|memory_spare_column|memory_spare_row_map_address|memory_spare_row|memory_data_bit_structure|memory_bank_structure|address_partition|write_mask_bit|memory_lib_pin_access|memory_lib_pin_action|memory_lib_pin_test|memory_lib_pin_alias|memory_lib_cell|memory_library_domain|fuse_cell|fuse_cell_domain|test_clock|test_clock_domain|scan_segment|scan_chain|actual_scan_segment|actual_scan_chain|violation|timing_bin_path|timing_bin|arc|timing_point|timing_path|sdp_instance|sdp_column|sdp_row|sdp_group|flow_step|flow|command_option|command|level_shifter_rule|isolation_rule|macro_isolation_rule|macro_power_domain|macro_model|repeater_rule|state_retention_rule|power_mode|power_domain|nominal_condition|power_intent_command_id|power_intent_command|power_model|power_scope|congestion_box|route_type|pdomain|route_rule|blackbox|fpobject|pinstance|cluster|def_pin|pnet|specialnet|style|fill|slot|track_pattern|row|region|bump|pcell|group|extraction_grid|gcell_grid|gcell|route_blockage|place_blockage|blockage|layer|site|via|exception|cost_group|external_delay|clock|clock_domain|delay_corner|constraint_mode|analysis_view|mode|hport_bus|port_bus|constant|pin_bus|hpin_bus|pg_pin|hpin|pin|hport|port|pg_hport|pg_port|pg_hnet|pg_net|net|hnet|inst|hinst|module|design|level_shifter_group|library_domain|virtual_techelt|timing_condition|rc_corner|opcond|library_set|base_cell_set|operating_condition|wireload_selection|wireload|lib_arc|pg_lib_pin|lib_pin|seq_function|lwlib_cell|lib_cell|lwlibrary|library|pg_base_pin|base_pin|base_cell|message|message_group|attribute|obj_type|root>+]

    <string>:
        attribute name 
    [<rtl_port|rtl_instance|rtl_block|rtl_module|hdl_implementation|hdl_bind|hdl_parameter|hdl_pin|hdl_subprogram|hdl_label|hdl_inst|hdl_procedure|hdl_block|hdl_component|hdl_operator|hdl_package|hdl_architecture|hdl_configuration|hdl_lib|cell_model|cell|test_bus_interface|test_bus_port|osc_source_reference|opcg_mode|opcg_domain|domain_macro_parameter|opcg_trigger|osc_source|dft_configuration_mode|jtag_instruction|jtag_instruction_register|jtag_macro|boundary_scan_segment|tap_port|jtag_port|test_signal|formal_verification_constraint|mbist_clock|mbist_clock_domain|pmbist_port|programmable_direct_access_function|memory_spare_column_map_data|memory_spare_column_map_address|memory_spare_column_map|memory_spare_column|memory_spare_row_map_address|memory_spare_row|memory_data_bit_structure|memory_bank_structure|address_partition|write_mask_bit|memory_lib_pin_access|memory_lib_pin_action|memory_lib_pin_test|memory_lib_pin_alias|memory_lib_cell|memory_library_domain|fuse_cell|fuse_cell_domain|test_clock|test_clock_domain|scan_segment|scan_chain|actual_scan_segment|actual_scan_chain|violation|timing_bin_path|timing_bin|arc|timing_point|timing_path|sdp_instance|sdp_column|sdp_row|sdp_group|flow_step|flow|command_option|command|level_shifter_rule|isolation_rule|macro_isolation_rule|macro_power_domain|macro_model|repeater_rule|state_retention_rule|power_mode|power_domain|nominal_condition|power_intent_command_id|power_intent_command|power_model|power_scope|congestion_box|route_type|pdomain|route_rule|blackbox|fpobject|pinstance|cluster|def_pin|pnet|specialnet|style|fill|slot|track_pattern|row|region|bump|pcell|group|extraction_grid|gcell_grid|gcell|route_blockage|place_blockage|blockage|layer|site|via|exception|cost_group|external_delay|clock|clock_domain|delay_corner|constraint_mode|analysis_view|mode|hport_bus|port_bus|constant|pin_bus|hpin_bus|pg_pin|hpin|pin|hport|port|pg_hport|pg_port|pg_hnet|pg_net|net|hnet|inst|hinst|module|design|level_shifter_group|library_domain|virtual_techelt|timing_condition|rc_corner|opcond|library_set|base_cell_set|operating_condition|wireload_selection|wireload|lib_arc|pg_lib_pin|lib_pin|seq_function|lwlib_cell|lib_cell|lwlibrary|library|pg_base_pin|base_pin|base_cell|message|message_group|attribute|obj_type|root>+]:
        object of interest (must be unique) 

Usage: ::legacy::get_attr <string>
           [<rtl_port|rtl_instance|rtl_block|rtl_module|hdl_implementation|hdl_bind|hdl_parameter|hdl_pin|hdl_subprogram|hdl_label|hdl_inst|hdl_procedure|hdl_block|hdl_component|hdl_operator|hdl_package|hdl_architecture|hdl_configuration|hdl_lib|cell_model|cell|test_bus_interface|test_bus_port|osc_source_reference|opcg_mode|opcg_domain|domain_macro_parameter|opcg_trigger|osc_source|dft_configuration_mode|jtag_instruction|jtag_instruction_register|jtag_macro|boundary_scan_segment|tap_port|jtag_port|test_signal|formal_verification_constraint|mbist_clock|mbist_clock_domain|pmbist_port|programmable_direct_access_function|memory_spare_column_map_data|memory_spare_column_map_address|memory_spare_column_map|memory_spare_column|memory_spare_row_map_address|memory_spare_row|memory_data_bit_structure|memory_bank_structure|address_partition|write_mask_bit|memory_lib_pin_access|memory_lib_pin_action|memory_lib_pin_test|memory_lib_pin_alias|memory_lib_cell|memory_library_domain|fuse_cell|fuse_cell_domain|test_clock|test_clock_domain|scan_segment|scan_chain|actual_scan_segment|actual_scan_chain|violation|timing_bin_path|timing_bin|arc|timing_point|timing_path|sdp_instance|sdp_column|sdp_row|sdp_group|flow_step|flow|command_option|command|level_shifter_rule|isolation_rule|macro_isolation_rule|macro_power_domain|macro_model|repeater_rule|state_retention_rule|power_mode|power_domain|nominal_condition|power_intent_command_id|power_intent_command|power_model|power_scope|congestion_box|route_type|pdomain|route_rule|blackbox|fpobject|pinstance|cluster|def_pin|pnet|specialnet|style|fill|slot|track_pattern|row|region|bump|pcell|group|extraction_grid|gcell_grid|gcell|route_blockage|place_blockage|blockage|layer|site|via|exception|cost_group|external_delay|clock|clock_domain|delay_corner|constraint_mode|analysis_view|mode|hport_bus|port_bus|constant|pin_bus|hpin_bus|pg_pin|hpin|pin|hport|port|pg_hport|pg_port|pg_hnet|pg_net|net|hnet|inst|hinst|module|design|level_shifter_group|library_domain|virtual_techelt|timing_condition|rc_corner|opcond|library_set|base_cell_set|operating_condition|wireload_selection|wireload|lib_arc|pg_lib_pin|lib_pin|seq_function|lwlib_cell|lib_cell|lwlibrary|library|pg_base_pin|base_pin|base_cell|message|message_group|attribute|obj_type|root>+]

    <string>:
        attribute name 
    [<rtl_port|rtl_instance|rtl_block|rtl_module|hdl_implementation|hdl_bind|hdl_parameter|hdl_pin|hdl_subprogram|hdl_label|hdl_inst|hdl_procedure|hdl_block|hdl_component|hdl_operator|hdl_package|hdl_architecture|hdl_configuration|hdl_lib|cell_model|cell|test_bus_interface|test_bus_port|osc_source_reference|opcg_mode|opcg_domain|domain_macro_parameter|opcg_trigger|osc_source|dft_configuration_mode|jtag_instruction|jtag_instruction_register|jtag_macro|boundary_scan_segment|tap_port|jtag_port|test_signal|formal_verification_constraint|mbist_clock|mbist_clock_domain|pmbist_port|programmable_direct_access_function|memory_spare_column_map_data|memory_spare_column_map_address|memory_spare_column_map|memory_spare_column|memory_spare_row_map_address|memory_spare_row|memory_data_bit_structure|memory_bank_structure|address_partition|write_mask_bit|memory_lib_pin_access|memory_lib_pin_action|memory_lib_pin_test|memory_lib_pin_alias|memory_lib_cell|memory_library_domain|fuse_cell|fuse_cell_domain|test_clock|test_clock_domain|scan_segment|scan_chain|actual_scan_segment|actual_scan_chain|violation|timing_bin_path|timing_bin|arc|timing_point|timing_path|sdp_instance|sdp_column|sdp_row|sdp_group|flow_step|flow|command_option|command|level_shifter_rule|isolation_rule|macro_isolation_rule|macro_power_domain|macro_model|repeater_rule|state_retention_rule|power_mode|power_domain|nominal_condition|power_intent_command_id|power_intent_command|power_model|power_scope|congestion_box|route_type|pdomain|route_rule|blackbox|fpobject|pinstance|cluster|def_pin|pnet|specialnet|style|fill|slot|track_pattern|row|region|bump|pcell|group|extraction_grid|gcell_grid|gcell|route_blockage|place_blockage|blockage|layer|site|via|exception|cost_group|external_delay|clock|clock_domain|delay_corner|constraint_mode|analysis_view|mode|hport_bus|port_bus|constant|pin_bus|hpin_bus|pg_pin|hpin|pin|hport|port|pg_hport|pg_port|pg_hnet|pg_net|net|hnet|inst|hinst|module|design|level_shifter_group|library_domain|virtual_techelt|timing_condition|rc_corner|opcond|library_set|base_cell_set|operating_condition|wireload_selection|wireload|lib_arc|pg_lib_pin|lib_pin|seq_function|lwlib_cell|lib_cell|lwlibrary|library|pg_base_pin|base_pin|base_cell|message|message_group|attribute|obj_type|root>+]:
        object of interest (must be unique) 

Usage: ::legacy::get_attr <string>
           [<rtl_port|rtl_instance|rtl_block|rtl_module|hdl_implementation|hdl_bind|hdl_parameter|hdl_pin|hdl_subprogram|hdl_label|hdl_inst|hdl_procedure|hdl_block|hdl_component|hdl_operator|hdl_package|hdl_architecture|hdl_configuration|hdl_lib|cell_model|cell|test_bus_interface|test_bus_port|osc_source_reference|opcg_mode|opcg_domain|domain_macro_parameter|opcg_trigger|osc_source|dft_configuration_mode|jtag_instruction|jtag_instruction_register|jtag_macro|boundary_scan_segment|tap_port|jtag_port|test_signal|formal_verification_constraint|mbist_clock|mbist_clock_domain|pmbist_port|programmable_direct_access_function|memory_spare_column_map_data|memory_spare_column_map_address|memory_spare_column_map|memory_spare_column|memory_spare_row_map_address|memory_spare_row|memory_data_bit_structure|memory_bank_structure|address_partition|write_mask_bit|memory_lib_pin_access|memory_lib_pin_action|memory_lib_pin_test|memory_lib_pin_alias|memory_lib_cell|memory_library_domain|fuse_cell|fuse_cell_domain|test_clock|test_clock_domain|scan_segment|scan_chain|actual_scan_segment|actual_scan_chain|violation|timing_bin_path|timing_bin|arc|timing_point|timing_path|sdp_instance|sdp_column|sdp_row|sdp_group|flow_step|flow|command_option|command|level_shifter_rule|isolation_rule|macro_isolation_rule|macro_power_domain|macro_model|repeater_rule|state_retention_rule|power_mode|power_domain|nominal_condition|power_intent_command_id|power_intent_command|power_model|power_scope|congestion_box|route_type|pdomain|route_rule|blackbox|fpobject|pinstance|cluster|def_pin|pnet|specialnet|style|fill|slot|track_pattern|row|region|bump|pcell|group|extraction_grid|gcell_grid|gcell|route_blockage|place_blockage|blockage|layer|site|via|exception|cost_group|external_delay|clock|clock_domain|delay_corner|constraint_mode|analysis_view|mode|hport_bus|port_bus|constant|pin_bus|hpin_bus|pg_pin|hpin|pin|hport|port|pg_hport|pg_port|pg_hnet|pg_net|net|hnet|inst|hinst|module|design|level_shifter_group|library_domain|virtual_techelt|timing_condition|rc_corner|opcond|library_set|base_cell_set|operating_condition|wireload_selection|wireload|lib_arc|pg_lib_pin|lib_pin|seq_function|lwlib_cell|lib_cell|lwlibrary|library|pg_base_pin|base_pin|base_cell|message|message_group|attribute|obj_type|root>+]

    <string>:
        attribute name 
    [<rtl_port|rtl_instance|rtl_block|rtl_module|hdl_implementation|hdl_bind|hdl_parameter|hdl_pin|hdl_subprogram|hdl_label|hdl_inst|hdl_procedure|hdl_block|hdl_component|hdl_operator|hdl_package|hdl_architecture|hdl_configuration|hdl_lib|cell_model|cell|test_bus_interface|test_bus_port|osc_source_reference|opcg_mode|opcg_domain|domain_macro_parameter|opcg_trigger|osc_source|dft_configuration_mode|jtag_instruction|jtag_instruction_register|jtag_macro|boundary_scan_segment|tap_port|jtag_port|test_signal|formal_verification_constraint|mbist_clock|mbist_clock_domain|pmbist_port|programmable_direct_access_function|memory_spare_column_map_data|memory_spare_column_map_address|memory_spare_column_map|memory_spare_column|memory_spare_row_map_address|memory_spare_row|memory_data_bit_structure|memory_bank_structure|address_partition|write_mask_bit|memory_lib_pin_access|memory_lib_pin_action|memory_lib_pin_test|memory_lib_pin_alias|memory_lib_cell|memory_library_domain|fuse_cell|fuse_cell_domain|test_clock|test_clock_domain|scan_segment|scan_chain|actual_scan_segment|actual_scan_chain|violation|timing_bin_path|timing_bin|arc|timing_point|timing_path|sdp_instance|sdp_column|sdp_row|sdp_group|flow_step|flow|command_option|command|level_shifter_rule|isolation_rule|macro_isolation_rule|macro_power_domain|macro_model|repeater_rule|state_retention_rule|power_mode|power_domain|nominal_condition|power_intent_command_id|power_intent_command|power_model|power_scope|congestion_box|route_type|pdomain|route_rule|blackbox|fpobject|pinstance|cluster|def_pin|pnet|specialnet|style|fill|slot|track_pattern|row|region|bump|pcell|group|extraction_grid|gcell_grid|gcell|route_blockage|place_blockage|blockage|layer|site|via|exception|cost_group|external_delay|clock|clock_domain|delay_corner|constraint_mode|analysis_view|mode|hport_bus|port_bus|constant|pin_bus|hpin_bus|pg_pin|hpin|pin|hport|port|pg_hport|pg_port|pg_hnet|pg_net|net|hnet|inst|hinst|module|design|level_shifter_group|library_domain|virtual_techelt|timing_condition|rc_corner|opcond|library_set|base_cell_set|operating_condition|wireload_selection|wireload|lib_arc|pg_lib_pin|lib_pin|seq_function|lwlib_cell|lib_cell|lwlibrary|library|pg_base_pin|base_pin|base_cell|message|message_group|attribute|obj_type|root>+]:
        object of interest (must be unique) 

Usage: ::legacy::get_attr <string>
           [<rtl_port|rtl_instance|rtl_block|rtl_module|hdl_implementation|hdl_bind|hdl_parameter|hdl_pin|hdl_subprogram|hdl_label|hdl_inst|hdl_procedure|hdl_block|hdl_component|hdl_operator|hdl_package|hdl_architecture|hdl_configuration|hdl_lib|cell_model|cell|test_bus_interface|test_bus_port|osc_source_reference|opcg_mode|opcg_domain|domain_macro_parameter|opcg_trigger|osc_source|dft_configuration_mode|jtag_instruction|jtag_instruction_register|jtag_macro|boundary_scan_segment|tap_port|jtag_port|test_signal|formal_verification_constraint|mbist_clock|mbist_clock_domain|pmbist_port|programmable_direct_access_function|memory_spare_column_map_data|memory_spare_column_map_address|memory_spare_column_map|memory_spare_column|memory_spare_row_map_address|memory_spare_row|memory_data_bit_structure|memory_bank_structure|address_partition|write_mask_bit|memory_lib_pin_access|memory_lib_pin_action|memory_lib_pin_test|memory_lib_pin_alias|memory_lib_cell|memory_library_domain|fuse_cell|fuse_cell_domain|test_clock|test_clock_domain|scan_segment|scan_chain|actual_scan_segment|actual_scan_chain|violation|timing_bin_path|timing_bin|arc|timing_point|timing_path|sdp_instance|sdp_column|sdp_row|sdp_group|flow_step|flow|command_option|command|level_shifter_rule|isolation_rule|macro_isolation_rule|macro_power_domain|macro_model|repeater_rule|state_retention_rule|power_mode|power_domain|nominal_condition|power_intent_command_id|power_intent_command|power_model|power_scope|congestion_box|route_type|pdomain|route_rule|blackbox|fpobject|pinstance|cluster|def_pin|pnet|specialnet|style|fill|slot|track_pattern|row|region|bump|pcell|group|extraction_grid|gcell_grid|gcell|route_blockage|place_blockage|blockage|layer|site|via|exception|cost_group|external_delay|clock|clock_domain|delay_corner|constraint_mode|analysis_view|mode|hport_bus|port_bus|constant|pin_bus|hpin_bus|pg_pin|hpin|pin|hport|port|pg_hport|pg_port|pg_hnet|pg_net|net|hnet|inst|hinst|module|design|level_shifter_group|library_domain|virtual_techelt|timing_condition|rc_corner|opcond|library_set|base_cell_set|operating_condition|wireload_selection|wireload|lib_arc|pg_lib_pin|lib_pin|seq_function|lwlib_cell|lib_cell|lwlibrary|library|pg_base_pin|base_pin|base_cell|message|message_group|attribute|obj_type|root>+]

    <string>:
        attribute name 
    [<rtl_port|rtl_instance|rtl_block|rtl_module|hdl_implementation|hdl_bind|hdl_parameter|hdl_pin|hdl_subprogram|hdl_label|hdl_inst|hdl_procedure|hdl_block|hdl_component|hdl_operator|hdl_package|hdl_architecture|hdl_configuration|hdl_lib|cell_model|cell|test_bus_interface|test_bus_port|osc_source_reference|opcg_mode|opcg_domain|domain_macro_parameter|opcg_trigger|osc_source|dft_configuration_mode|jtag_instruction|jtag_instruction_register|jtag_macro|boundary_scan_segment|tap_port|jtag_port|test_signal|formal_verification_constraint|mbist_clock|mbist_clock_domain|pmbist_port|programmable_direct_access_function|memory_spare_column_map_data|memory_spare_column_map_address|memory_spare_column_map|memory_spare_column|memory_spare_row_map_address|memory_spare_row|memory_data_bit_structure|memory_bank_structure|address_partition|write_mask_bit|memory_lib_pin_access|memory_lib_pin_action|memory_lib_pin_test|memory_lib_pin_alias|memory_lib_cell|memory_library_domain|fuse_cell|fuse_cell_domain|test_clock|test_clock_domain|scan_segment|scan_chain|actual_scan_segment|actual_scan_chain|violation|timing_bin_path|timing_bin|arc|timing_point|timing_path|sdp_instance|sdp_column|sdp_row|sdp_group|flow_step|flow|command_option|command|level_shifter_rule|isolation_rule|macro_isolation_rule|macro_power_domain|macro_model|repeater_rule|state_retention_rule|power_mode|power_domain|nominal_condition|power_intent_command_id|power_intent_command|power_model|power_scope|congestion_box|route_type|pdomain|route_rule|blackbox|fpobject|pinstance|cluster|def_pin|pnet|specialnet|style|fill|slot|track_pattern|row|region|bump|pcell|group|extraction_grid|gcell_grid|gcell|route_blockage|place_blockage|blockage|layer|site|via|exception|cost_group|external_delay|clock|clock_domain|delay_corner|constraint_mode|analysis_view|mode|hport_bus|port_bus|constant|pin_bus|hpin_bus|pg_pin|hpin|pin|hport|port|pg_hport|pg_port|pg_hnet|pg_net|net|hnet|inst|hinst|module|design|level_shifter_group|library_domain|virtual_techelt|timing_condition|rc_corner|opcond|library_set|base_cell_set|operating_condition|wireload_selection|wireload|lib_arc|pg_lib_pin|lib_pin|seq_function|lwlib_cell|lib_cell|lwlibrary|library|pg_base_pin|base_pin|base_cell|message|message_group|attribute|obj_type|root>+]:
        object of interest (must be unique) 

Usage: ::legacy::get_attr <string>
           [<rtl_port|rtl_instance|rtl_block|rtl_module|hdl_implementation|hdl_bind|hdl_parameter|hdl_pin|hdl_subprogram|hdl_label|hdl_inst|hdl_procedure|hdl_block|hdl_component|hdl_operator|hdl_package|hdl_architecture|hdl_configuration|hdl_lib|cell_model|cell|test_bus_interface|test_bus_port|osc_source_reference|opcg_mode|opcg_domain|domain_macro_parameter|opcg_trigger|osc_source|dft_configuration_mode|jtag_instruction|jtag_instruction_register|jtag_macro|boundary_scan_segment|tap_port|jtag_port|test_signal|formal_verification_constraint|mbist_clock|mbist_clock_domain|pmbist_port|programmable_direct_access_function|memory_spare_column_map_data|memory_spare_column_map_address|memory_spare_column_map|memory_spare_column|memory_spare_row_map_address|memory_spare_row|memory_data_bit_structure|memory_bank_structure|address_partition|write_mask_bit|memory_lib_pin_access|memory_lib_pin_action|memory_lib_pin_test|memory_lib_pin_alias|memory_lib_cell|memory_library_domain|fuse_cell|fuse_cell_domain|test_clock|test_clock_domain|scan_segment|scan_chain|actual_scan_segment|actual_scan_chain|violation|timing_bin_path|timing_bin|arc|timing_point|timing_path|sdp_instance|sdp_column|sdp_row|sdp_group|flow_step|flow|command_option|command|level_shifter_rule|isolation_rule|macro_isolation_rule|macro_power_domain|macro_model|repeater_rule|state_retention_rule|power_mode|power_domain|nominal_condition|power_intent_command_id|power_intent_command|power_model|power_scope|congestion_box|route_type|pdomain|route_rule|blackbox|fpobject|pinstance|cluster|def_pin|pnet|specialnet|style|fill|slot|track_pattern|row|region|bump|pcell|group|extraction_grid|gcell_grid|gcell|route_blockage|place_blockage|blockage|layer|site|via|exception|cost_group|external_delay|clock|clock_domain|delay_corner|constraint_mode|analysis_view|mode|hport_bus|port_bus|constant|pin_bus|hpin_bus|pg_pin|hpin|pin|hport|port|pg_hport|pg_port|pg_hnet|pg_net|net|hnet|inst|hinst|module|design|level_shifter_group|library_domain|virtual_techelt|timing_condition|rc_corner|opcond|library_set|base_cell_set|operating_condition|wireload_selection|wireload|lib_arc|pg_lib_pin|lib_pin|seq_function|lwlib_cell|lib_cell|lwlibrary|library|pg_base_pin|base_pin|base_cell|message|message_group|attribute|obj_type|root>+]

    <string>:
        attribute name 
    [<rtl_port|rtl_instance|rtl_block|rtl_module|hdl_implementation|hdl_bind|hdl_parameter|hdl_pin|hdl_subprogram|hdl_label|hdl_inst|hdl_procedure|hdl_block|hdl_component|hdl_operator|hdl_package|hdl_architecture|hdl_configuration|hdl_lib|cell_model|cell|test_bus_interface|test_bus_port|osc_source_reference|opcg_mode|opcg_domain|domain_macro_parameter|opcg_trigger|osc_source|dft_configuration_mode|jtag_instruction|jtag_instruction_register|jtag_macro|boundary_scan_segment|tap_port|jtag_port|test_signal|formal_verification_constraint|mbist_clock|mbist_clock_domain|pmbist_port|programmable_direct_access_function|memory_spare_column_map_data|memory_spare_column_map_address|memory_spare_column_map|memory_spare_column|memory_spare_row_map_address|memory_spare_row|memory_data_bit_structure|memory_bank_structure|address_partition|write_mask_bit|memory_lib_pin_access|memory_lib_pin_action|memory_lib_pin_test|memory_lib_pin_alias|memory_lib_cell|memory_library_domain|fuse_cell|fuse_cell_domain|test_clock|test_clock_domain|scan_segment|scan_chain|actual_scan_segment|actual_scan_chain|violation|timing_bin_path|timing_bin|arc|timing_point|timing_path|sdp_instance|sdp_column|sdp_row|sdp_group|flow_step|flow|command_option|command|level_shifter_rule|isolation_rule|macro_isolation_rule|macro_power_domain|macro_model|repeater_rule|state_retention_rule|power_mode|power_domain|nominal_condition|power_intent_command_id|power_intent_command|power_model|power_scope|congestion_box|route_type|pdomain|route_rule|blackbox|fpobject|pinstance|cluster|def_pin|pnet|specialnet|style|fill|slot|track_pattern|row|region|bump|pcell|group|extraction_grid|gcell_grid|gcell|route_blockage|place_blockage|blockage|layer|site|via|exception|cost_group|external_delay|clock|clock_domain|delay_corner|constraint_mode|analysis_view|mode|hport_bus|port_bus|constant|pin_bus|hpin_bus|pg_pin|hpin|pin|hport|port|pg_hport|pg_port|pg_hnet|pg_net|net|hnet|inst|hinst|module|design|level_shifter_group|library_domain|virtual_techelt|timing_condition|rc_corner|opcond|library_set|base_cell_set|operating_condition|wireload_selection|wireload|lib_arc|pg_lib_pin|lib_pin|seq_function|lwlib_cell|lib_cell|lwlibrary|library|pg_base_pin|base_pin|base_cell|message|message_group|attribute|obj_type|root>+]:
        object of interest (must be unique) 

Usage: ::legacy::get_attr <string>
           [<rtl_port|rtl_instance|rtl_block|rtl_module|hdl_implementation|hdl_bind|hdl_parameter|hdl_pin|hdl_subprogram|hdl_label|hdl_inst|hdl_procedure|hdl_block|hdl_component|hdl_operator|hdl_package|hdl_architecture|hdl_configuration|hdl_lib|cell_model|cell|test_bus_interface|test_bus_port|osc_source_reference|opcg_mode|opcg_domain|domain_macro_parameter|opcg_trigger|osc_source|dft_configuration_mode|jtag_instruction|jtag_instruction_register|jtag_macro|boundary_scan_segment|tap_port|jtag_port|test_signal|formal_verification_constraint|mbist_clock|mbist_clock_domain|pmbist_port|programmable_direct_access_function|memory_spare_column_map_data|memory_spare_column_map_address|memory_spare_column_map|memory_spare_column|memory_spare_row_map_address|memory_spare_row|memory_data_bit_structure|memory_bank_structure|address_partition|write_mask_bit|memory_lib_pin_access|memory_lib_pin_action|memory_lib_pin_test|memory_lib_pin_alias|memory_lib_cell|memory_library_domain|fuse_cell|fuse_cell_domain|test_clock|test_clock_domain|scan_segment|scan_chain|actual_scan_segment|actual_scan_chain|violation|timing_bin_path|timing_bin|arc|timing_point|timing_path|sdp_instance|sdp_column|sdp_row|sdp_group|flow_step|flow|command_option|command|level_shifter_rule|isolation_rule|macro_isolation_rule|macro_power_domain|macro_model|repeater_rule|state_retention_rule|power_mode|power_domain|nominal_condition|power_intent_command_id|power_intent_command|power_model|power_scope|congestion_box|route_type|pdomain|route_rule|blackbox|fpobject|pinstance|cluster|def_pin|pnet|specialnet|style|fill|slot|track_pattern|row|region|bump|pcell|group|extraction_grid|gcell_grid|gcell|route_blockage|place_blockage|blockage|layer|site|via|exception|cost_group|external_delay|clock|clock_domain|delay_corner|constraint_mode|analysis_view|mode|hport_bus|port_bus|constant|pin_bus|hpin_bus|pg_pin|hpin|pin|hport|port|pg_hport|pg_port|pg_hnet|pg_net|net|hnet|inst|hinst|module|design|level_shifter_group|library_domain|virtual_techelt|timing_condition|rc_corner|opcond|library_set|base_cell_set|operating_condition|wireload_selection|wireload|lib_arc|pg_lib_pin|lib_pin|seq_function|lwlib_cell|lib_cell|lwlibrary|library|pg_base_pin|base_pin|base_cell|message|message_group|attribute|obj_type|root>+]

    <string>:
        attribute name 
    [<rtl_port|rtl_instance|rtl_block|rtl_module|hdl_implementation|hdl_bind|hdl_parameter|hdl_pin|hdl_subprogram|hdl_label|hdl_inst|hdl_procedure|hdl_block|hdl_component|hdl_operator|hdl_package|hdl_architecture|hdl_configuration|hdl_lib|cell_model|cell|test_bus_interface|test_bus_port|osc_source_reference|opcg_mode|opcg_domain|domain_macro_parameter|opcg_trigger|osc_source|dft_configuration_mode|jtag_instruction|jtag_instruction_register|jtag_macro|boundary_scan_segment|tap_port|jtag_port|test_signal|formal_verification_constraint|mbist_clock|mbist_clock_domain|pmbist_port|programmable_direct_access_function|memory_spare_column_map_data|memory_spare_column_map_address|memory_spare_column_map|memory_spare_column|memory_spare_row_map_address|memory_spare_row|memory_data_bit_structure|memory_bank_structure|address_partition|write_mask_bit|memory_lib_pin_access|memory_lib_pin_action|memory_lib_pin_test|memory_lib_pin_alias|memory_lib_cell|memory_library_domain|fuse_cell|fuse_cell_domain|test_clock|test_clock_domain|scan_segment|scan_chain|actual_scan_segment|actual_scan_chain|violation|timing_bin_path|timing_bin|arc|timing_point|timing_path|sdp_instance|sdp_column|sdp_row|sdp_group|flow_step|flow|command_option|command|level_shifter_rule|isolation_rule|macro_isolation_rule|macro_power_domain|macro_model|repeater_rule|state_retention_rule|power_mode|power_domain|nominal_condition|power_intent_command_id|power_intent_command|power_model|power_scope|congestion_box|route_type|pdomain|route_rule|blackbox|fpobject|pinstance|cluster|def_pin|pnet|specialnet|style|fill|slot|track_pattern|row|region|bump|pcell|group|extraction_grid|gcell_grid|gcell|route_blockage|place_blockage|blockage|layer|site|via|exception|cost_group|external_delay|clock|clock_domain|delay_corner|constraint_mode|analysis_view|mode|hport_bus|port_bus|constant|pin_bus|hpin_bus|pg_pin|hpin|pin|hport|port|pg_hport|pg_port|pg_hnet|pg_net|net|hnet|inst|hinst|module|design|level_shifter_group|library_domain|virtual_techelt|timing_condition|rc_corner|opcond|library_set|base_cell_set|operating_condition|wireload_selection|wireload|lib_arc|pg_lib_pin|lib_pin|seq_function|lwlib_cell|lib_cell|lwlibrary|library|pg_base_pin|base_pin|base_cell|message|message_group|attribute|obj_type|root>+]:
        object of interest (must be unique) 

Usage: ::legacy::get_attr <string>
           [<rtl_port|rtl_instance|rtl_block|rtl_module|hdl_implementation|hdl_bind|hdl_parameter|hdl_pin|hdl_subprogram|hdl_label|hdl_inst|hdl_procedure|hdl_block|hdl_component|hdl_operator|hdl_package|hdl_architecture|hdl_configuration|hdl_lib|cell_model|cell|test_bus_interface|test_bus_port|osc_source_reference|opcg_mode|opcg_domain|domain_macro_parameter|opcg_trigger|osc_source|dft_configuration_mode|jtag_instruction|jtag_instruction_register|jtag_macro|boundary_scan_segment|tap_port|jtag_port|test_signal|formal_verification_constraint|mbist_clock|mbist_clock_domain|pmbist_port|programmable_direct_access_function|memory_spare_column_map_data|memory_spare_column_map_address|memory_spare_column_map|memory_spare_column|memory_spare_row_map_address|memory_spare_row|memory_data_bit_structure|memory_bank_structure|address_partition|write_mask_bit|memory_lib_pin_access|memory_lib_pin_action|memory_lib_pin_test|memory_lib_pin_alias|memory_lib_cell|memory_library_domain|fuse_cell|fuse_cell_domain|test_clock|test_clock_domain|scan_segment|scan_chain|actual_scan_segment|actual_scan_chain|violation|timing_bin_path|timing_bin|arc|timing_point|timing_path|sdp_instance|sdp_column|sdp_row|sdp_group|flow_step|flow|command_option|command|level_shifter_rule|isolation_rule|macro_isolation_rule|macro_power_domain|macro_model|repeater_rule|state_retention_rule|power_mode|power_domain|nominal_condition|power_intent_command_id|power_intent_command|power_model|power_scope|congestion_box|route_type|pdomain|route_rule|blackbox|fpobject|pinstance|cluster|def_pin|pnet|specialnet|style|fill|slot|track_pattern|row|region|bump|pcell|group|extraction_grid|gcell_grid|gcell|route_blockage|place_blockage|blockage|layer|site|via|exception|cost_group|external_delay|clock|clock_domain|delay_corner|constraint_mode|analysis_view|mode|hport_bus|port_bus|constant|pin_bus|hpin_bus|pg_pin|hpin|pin|hport|port|pg_hport|pg_port|pg_hnet|pg_net|net|hnet|inst|hinst|module|design|level_shifter_group|library_domain|virtual_techelt|timing_condition|rc_corner|opcond|library_set|base_cell_set|operating_condition|wireload_selection|wireload|lib_arc|pg_lib_pin|lib_pin|seq_function|lwlib_cell|lib_cell|lwlibrary|library|pg_base_pin|base_pin|base_cell|message|message_group|attribute|obj_type|root>+]

    <string>:
        attribute name 
    [<rtl_port|rtl_instance|rtl_block|rtl_module|hdl_implementation|hdl_bind|hdl_parameter|hdl_pin|hdl_subprogram|hdl_label|hdl_inst|hdl_procedure|hdl_block|hdl_component|hdl_operator|hdl_package|hdl_architecture|hdl_configuration|hdl_lib|cell_model|cell|test_bus_interface|test_bus_port|osc_source_reference|opcg_mode|opcg_domain|domain_macro_parameter|opcg_trigger|osc_source|dft_configuration_mode|jtag_instruction|jtag_instruction_register|jtag_macro|boundary_scan_segment|tap_port|jtag_port|test_signal|formal_verification_constraint|mbist_clock|mbist_clock_domain|pmbist_port|programmable_direct_access_function|memory_spare_column_map_data|memory_spare_column_map_address|memory_spare_column_map|memory_spare_column|memory_spare_row_map_address|memory_spare_row|memory_data_bit_structure|memory_bank_structure|address_partition|write_mask_bit|memory_lib_pin_access|memory_lib_pin_action|memory_lib_pin_test|memory_lib_pin_alias|memory_lib_cell|memory_library_domain|fuse_cell|fuse_cell_domain|test_clock|test_clock_domain|scan_segment|scan_chain|actual_scan_segment|actual_scan_chain|violation|timing_bin_path|timing_bin|arc|timing_point|timing_path|sdp_instance|sdp_column|sdp_row|sdp_group|flow_step|flow|command_option|command|level_shifter_rule|isolation_rule|macro_isolation_rule|macro_power_domain|macro_model|repeater_rule|state_retention_rule|power_mode|power_domain|nominal_condition|power_intent_command_id|power_intent_command|power_model|power_scope|congestion_box|route_type|pdomain|route_rule|blackbox|fpobject|pinstance|cluster|def_pin|pnet|specialnet|style|fill|slot|track_pattern|row|region|bump|pcell|group|extraction_grid|gcell_grid|gcell|route_blockage|place_blockage|blockage|layer|site|via|exception|cost_group|external_delay|clock|clock_domain|delay_corner|constraint_mode|analysis_view|mode|hport_bus|port_bus|constant|pin_bus|hpin_bus|pg_pin|hpin|pin|hport|port|pg_hport|pg_port|pg_hnet|pg_net|net|hnet|inst|hinst|module|design|level_shifter_group|library_domain|virtual_techelt|timing_condition|rc_corner|opcond|library_set|base_cell_set|operating_condition|wireload_selection|wireload|lib_arc|pg_lib_pin|lib_pin|seq_function|lwlib_cell|lib_cell|lwlibrary|library|pg_base_pin|base_pin|base_cell|message|message_group|attribute|obj_type|root>+]:
        object of interest (must be unique) 

Usage: ::legacy::get_attr <string>
           [<rtl_port|rtl_instance|rtl_block|rtl_module|hdl_implementation|hdl_bind|hdl_parameter|hdl_pin|hdl_subprogram|hdl_label|hdl_inst|hdl_procedure|hdl_block|hdl_component|hdl_operator|hdl_package|hdl_architecture|hdl_configuration|hdl_lib|cell_model|cell|test_bus_interface|test_bus_port|osc_source_reference|opcg_mode|opcg_domain|domain_macro_parameter|opcg_trigger|osc_source|dft_configuration_mode|jtag_instruction|jtag_instruction_register|jtag_macro|boundary_scan_segment|tap_port|jtag_port|test_signal|formal_verification_constraint|mbist_clock|mbist_clock_domain|pmbist_port|programmable_direct_access_function|memory_spare_column_map_data|memory_spare_column_map_address|memory_spare_column_map|memory_spare_column|memory_spare_row_map_address|memory_spare_row|memory_data_bit_structure|memory_bank_structure|address_partition|write_mask_bit|memory_lib_pin_access|memory_lib_pin_action|memory_lib_pin_test|memory_lib_pin_alias|memory_lib_cell|memory_library_domain|fuse_cell|fuse_cell_domain|test_clock|test_clock_domain|scan_segment|scan_chain|actual_scan_segment|actual_scan_chain|violation|timing_bin_path|timing_bin|arc|timing_point|timing_path|sdp_instance|sdp_column|sdp_row|sdp_group|flow_step|flow|command_option|command|level_shifter_rule|isolation_rule|macro_isolation_rule|macro_power_domain|macro_model|repeater_rule|state_retention_rule|power_mode|power_domain|nominal_condition|power_intent_command_id|power_intent_command|power_model|power_scope|congestion_box|route_type|pdomain|route_rule|blackbox|fpobject|pinstance|cluster|def_pin|pnet|specialnet|style|fill|slot|track_pattern|row|region|bump|pcell|group|extraction_grid|gcell_grid|gcell|route_blockage|place_blockage|blockage|layer|site|via|exception|cost_group|external_delay|clock|clock_domain|delay_corner|constraint_mode|analysis_view|mode|hport_bus|port_bus|constant|pin_bus|hpin_bus|pg_pin|hpin|pin|hport|port|pg_hport|pg_port|pg_hnet|pg_net|net|hnet|inst|hinst|module|design|level_shifter_group|library_domain|virtual_techelt|timing_condition|rc_corner|opcond|library_set|base_cell_set|operating_condition|wireload_selection|wireload|lib_arc|pg_lib_pin|lib_pin|seq_function|lwlib_cell|lib_cell|lwlibrary|library|pg_base_pin|base_pin|base_cell|message|message_group|attribute|obj_type|root>+]

    <string>:
        attribute name 
    [<rtl_port|rtl_instance|rtl_block|rtl_module|hdl_implementation|hdl_bind|hdl_parameter|hdl_pin|hdl_subprogram|hdl_label|hdl_inst|hdl_procedure|hdl_block|hdl_component|hdl_operator|hdl_package|hdl_architecture|hdl_configuration|hdl_lib|cell_model|cell|test_bus_interface|test_bus_port|osc_source_reference|opcg_mode|opcg_domain|domain_macro_parameter|opcg_trigger|osc_source|dft_configuration_mode|jtag_instruction|jtag_instruction_register|jtag_macro|boundary_scan_segment|tap_port|jtag_port|test_signal|formal_verification_constraint|mbist_clock|mbist_clock_domain|pmbist_port|programmable_direct_access_function|memory_spare_column_map_data|memory_spare_column_map_address|memory_spare_column_map|memory_spare_column|memory_spare_row_map_address|memory_spare_row|memory_data_bit_structure|memory_bank_structure|address_partition|write_mask_bit|memory_lib_pin_access|memory_lib_pin_action|memory_lib_pin_test|memory_lib_pin_alias|memory_lib_cell|memory_library_domain|fuse_cell|fuse_cell_domain|test_clock|test_clock_domain|scan_segment|scan_chain|actual_scan_segment|actual_scan_chain|violation|timing_bin_path|timing_bin|arc|timing_point|timing_path|sdp_instance|sdp_column|sdp_row|sdp_group|flow_step|flow|command_option|command|level_shifter_rule|isolation_rule|macro_isolation_rule|macro_power_domain|macro_model|repeater_rule|state_retention_rule|power_mode|power_domain|nominal_condition|power_intent_command_id|power_intent_command|power_model|power_scope|congestion_box|route_type|pdomain|route_rule|blackbox|fpobject|pinstance|cluster|def_pin|pnet|specialnet|style|fill|slot|track_pattern|row|region|bump|pcell|group|extraction_grid|gcell_grid|gcell|route_blockage|place_blockage|blockage|layer|site|via|exception|cost_group|external_delay|clock|clock_domain|delay_corner|constraint_mode|analysis_view|mode|hport_bus|port_bus|constant|pin_bus|hpin_bus|pg_pin|hpin|pin|hport|port|pg_hport|pg_port|pg_hnet|pg_net|net|hnet|inst|hinst|module|design|level_shifter_group|library_domain|virtual_techelt|timing_condition|rc_corner|opcond|library_set|base_cell_set|operating_condition|wireload_selection|wireload|lib_arc|pg_lib_pin|lib_pin|seq_function|lwlib_cell|lib_cell|lwlibrary|library|pg_base_pin|base_pin|base_cell|message|message_group|attribute|obj_type|root>+]:
        object of interest (must be unique) 

Usage: ::legacy::get_attr <string>
           [<rtl_port|rtl_instance|rtl_block|rtl_module|hdl_implementation|hdl_bind|hdl_parameter|hdl_pin|hdl_subprogram|hdl_label|hdl_inst|hdl_procedure|hdl_block|hdl_component|hdl_operator|hdl_package|hdl_architecture|hdl_configuration|hdl_lib|cell_model|cell|test_bus_interface|test_bus_port|osc_source_reference|opcg_mode|opcg_domain|domain_macro_parameter|opcg_trigger|osc_source|dft_configuration_mode|jtag_instruction|jtag_instruction_register|jtag_macro|boundary_scan_segment|tap_port|jtag_port|test_signal|formal_verification_constraint|mbist_clock|mbist_clock_domain|pmbist_port|programmable_direct_access_function|memory_spare_column_map_data|memory_spare_column_map_address|memory_spare_column_map|memory_spare_column|memory_spare_row_map_address|memory_spare_row|memory_data_bit_structure|memory_bank_structure|address_partition|write_mask_bit|memory_lib_pin_access|memory_lib_pin_action|memory_lib_pin_test|memory_lib_pin_alias|memory_lib_cell|memory_library_domain|fuse_cell|fuse_cell_domain|test_clock|test_clock_domain|scan_segment|scan_chain|actual_scan_segment|actual_scan_chain|violation|timing_bin_path|timing_bin|arc|timing_point|timing_path|sdp_instance|sdp_column|sdp_row|sdp_group|flow_step|flow|command_option|command|level_shifter_rule|isolation_rule|macro_isolation_rule|macro_power_domain|macro_model|repeater_rule|state_retention_rule|power_mode|power_domain|nominal_condition|power_intent_command_id|power_intent_command|power_model|power_scope|congestion_box|route_type|pdomain|route_rule|blackbox|fpobject|pinstance|cluster|def_pin|pnet|specialnet|style|fill|slot|track_pattern|row|region|bump|pcell|group|extraction_grid|gcell_grid|gcell|route_blockage|place_blockage|blockage|layer|site|via|exception|cost_group|external_delay|clock|clock_domain|delay_corner|constraint_mode|analysis_view|mode|hport_bus|port_bus|constant|pin_bus|hpin_bus|pg_pin|hpin|pin|hport|port|pg_hport|pg_port|pg_hnet|pg_net|net|hnet|inst|hinst|module|design|level_shifter_group|library_domain|virtual_techelt|timing_condition|rc_corner|opcond|library_set|base_cell_set|operating_condition|wireload_selection|wireload|lib_arc|pg_lib_pin|lib_pin|seq_function|lwlib_cell|lib_cell|lwlibrary|library|pg_base_pin|base_pin|base_cell|message|message_group|attribute|obj_type|root>+]

    <string>:
        attribute name 
    [<rtl_port|rtl_instance|rtl_block|rtl_module|hdl_implementation|hdl_bind|hdl_parameter|hdl_pin|hdl_subprogram|hdl_label|hdl_inst|hdl_procedure|hdl_block|hdl_component|hdl_operator|hdl_package|hdl_architecture|hdl_configuration|hdl_lib|cell_model|cell|test_bus_interface|test_bus_port|osc_source_reference|opcg_mode|opcg_domain|domain_macro_parameter|opcg_trigger|osc_source|dft_configuration_mode|jtag_instruction|jtag_instruction_register|jtag_macro|boundary_scan_segment|tap_port|jtag_port|test_signal|formal_verification_constraint|mbist_clock|mbist_clock_domain|pmbist_port|programmable_direct_access_function|memory_spare_column_map_data|memory_spare_column_map_address|memory_spare_column_map|memory_spare_column|memory_spare_row_map_address|memory_spare_row|memory_data_bit_structure|memory_bank_structure|address_partition|write_mask_bit|memory_lib_pin_access|memory_lib_pin_action|memory_lib_pin_test|memory_lib_pin_alias|memory_lib_cell|memory_library_domain|fuse_cell|fuse_cell_domain|test_clock|test_clock_domain|scan_segment|scan_chain|actual_scan_segment|actual_scan_chain|violation|timing_bin_path|timing_bin|arc|timing_point|timing_path|sdp_instance|sdp_column|sdp_row|sdp_group|flow_step|flow|command_option|command|level_shifter_rule|isolation_rule|macro_isolation_rule|macro_power_domain|macro_model|repeater_rule|state_retention_rule|power_mode|power_domain|nominal_condition|power_intent_command_id|power_intent_command|power_model|power_scope|congestion_box|route_type|pdomain|route_rule|blackbox|fpobject|pinstance|cluster|def_pin|pnet|specialnet|style|fill|slot|track_pattern|row|region|bump|pcell|group|extraction_grid|gcell_grid|gcell|route_blockage|place_blockage|blockage|layer|site|via|exception|cost_group|external_delay|clock|clock_domain|delay_corner|constraint_mode|analysis_view|mode|hport_bus|port_bus|constant|pin_bus|hpin_bus|pg_pin|hpin|pin|hport|port|pg_hport|pg_port|pg_hnet|pg_net|net|hnet|inst|hinst|module|design|level_shifter_group|library_domain|virtual_techelt|timing_condition|rc_corner|opcond|library_set|base_cell_set|operating_condition|wireload_selection|wireload|lib_arc|pg_lib_pin|lib_pin|seq_function|lwlib_cell|lib_cell|lwlibrary|library|pg_base_pin|base_pin|base_cell|message|message_group|attribute|obj_type|root>+]:
        object of interest (must be unique) 

Usage: ::legacy::get_attr <string>
           [<rtl_port|rtl_instance|rtl_block|rtl_module|hdl_implementation|hdl_bind|hdl_parameter|hdl_pin|hdl_subprogram|hdl_label|hdl_inst|hdl_procedure|hdl_block|hdl_component|hdl_operator|hdl_package|hdl_architecture|hdl_configuration|hdl_lib|cell_model|cell|test_bus_interface|test_bus_port|osc_source_reference|opcg_mode|opcg_domain|domain_macro_parameter|opcg_trigger|osc_source|dft_configuration_mode|jtag_instruction|jtag_instruction_register|jtag_macro|boundary_scan_segment|tap_port|jtag_port|test_signal|formal_verification_constraint|mbist_clock|mbist_clock_domain|pmbist_port|programmable_direct_access_function|memory_spare_column_map_data|memory_spare_column_map_address|memory_spare_column_map|memory_spare_column|memory_spare_row_map_address|memory_spare_row|memory_data_bit_structure|memory_bank_structure|address_partition|write_mask_bit|memory_lib_pin_access|memory_lib_pin_action|memory_lib_pin_test|memory_lib_pin_alias|memory_lib_cell|memory_library_domain|fuse_cell|fuse_cell_domain|test_clock|test_clock_domain|scan_segment|scan_chain|actual_scan_segment|actual_scan_chain|violation|timing_bin_path|timing_bin|arc|timing_point|timing_path|sdp_instance|sdp_column|sdp_row|sdp_group|flow_step|flow|command_option|command|level_shifter_rule|isolation_rule|macro_isolation_rule|macro_power_domain|macro_model|repeater_rule|state_retention_rule|power_mode|power_domain|nominal_condition|power_intent_command_id|power_intent_command|power_model|power_scope|congestion_box|route_type|pdomain|route_rule|blackbox|fpobject|pinstance|cluster|def_pin|pnet|specialnet|style|fill|slot|track_pattern|row|region|bump|pcell|group|extraction_grid|gcell_grid|gcell|route_blockage|place_blockage|blockage|layer|site|via|exception|cost_group|external_delay|clock|clock_domain|delay_corner|constraint_mode|analysis_view|mode|hport_bus|port_bus|constant|pin_bus|hpin_bus|pg_pin|hpin|pin|hport|port|pg_hport|pg_port|pg_hnet|pg_net|net|hnet|inst|hinst|module|design|level_shifter_group|library_domain|virtual_techelt|timing_condition|rc_corner|opcond|library_set|base_cell_set|operating_condition|wireload_selection|wireload|lib_arc|pg_lib_pin|lib_pin|seq_function|lwlib_cell|lib_cell|lwlibrary|library|pg_base_pin|base_pin|base_cell|message|message_group|attribute|obj_type|root>+]

    <string>:
        attribute name 
    [<rtl_port|rtl_instance|rtl_block|rtl_module|hdl_implementation|hdl_bind|hdl_parameter|hdl_pin|hdl_subprogram|hdl_label|hdl_inst|hdl_procedure|hdl_block|hdl_component|hdl_operator|hdl_package|hdl_architecture|hdl_configuration|hdl_lib|cell_model|cell|test_bus_interface|test_bus_port|osc_source_reference|opcg_mode|opcg_domain|domain_macro_parameter|opcg_trigger|osc_source|dft_configuration_mode|jtag_instruction|jtag_instruction_register|jtag_macro|boundary_scan_segment|tap_port|jtag_port|test_signal|formal_verification_constraint|mbist_clock|mbist_clock_domain|pmbist_port|programmable_direct_access_function|memory_spare_column_map_data|memory_spare_column_map_address|memory_spare_column_map|memory_spare_column|memory_spare_row_map_address|memory_spare_row|memory_data_bit_structure|memory_bank_structure|address_partition|write_mask_bit|memory_lib_pin_access|memory_lib_pin_action|memory_lib_pin_test|memory_lib_pin_alias|memory_lib_cell|memory_library_domain|fuse_cell|fuse_cell_domain|test_clock|test_clock_domain|scan_segment|scan_chain|actual_scan_segment|actual_scan_chain|violation|timing_bin_path|timing_bin|arc|timing_point|timing_path|sdp_instance|sdp_column|sdp_row|sdp_group|flow_step|flow|command_option|command|level_shifter_rule|isolation_rule|macro_isolation_rule|macro_power_domain|macro_model|repeater_rule|state_retention_rule|power_mode|power_domain|nominal_condition|power_intent_command_id|power_intent_command|power_model|power_scope|congestion_box|route_type|pdomain|route_rule|blackbox|fpobject|pinstance|cluster|def_pin|pnet|specialnet|style|fill|slot|track_pattern|row|region|bump|pcell|group|extraction_grid|gcell_grid|gcell|route_blockage|place_blockage|blockage|layer|site|via|exception|cost_group|external_delay|clock|clock_domain|delay_corner|constraint_mode|analysis_view|mode|hport_bus|port_bus|constant|pin_bus|hpin_bus|pg_pin|hpin|pin|hport|port|pg_hport|pg_port|pg_hnet|pg_net|net|hnet|inst|hinst|module|design|level_shifter_group|library_domain|virtual_techelt|timing_condition|rc_corner|opcond|library_set|base_cell_set|operating_condition|wireload_selection|wireload|lib_arc|pg_lib_pin|lib_pin|seq_function|lwlib_cell|lib_cell|lwlibrary|library|pg_base_pin|base_pin|base_cell|message|message_group|attribute|obj_type|root>+]:
        object of interest (must be unique) 

Usage: ::legacy::get_attr <string>
           [<rtl_port|rtl_instance|rtl_block|rtl_module|hdl_implementation|hdl_bind|hdl_parameter|hdl_pin|hdl_subprogram|hdl_label|hdl_inst|hdl_procedure|hdl_block|hdl_component|hdl_operator|hdl_package|hdl_architecture|hdl_configuration|hdl_lib|cell_model|cell|test_bus_interface|test_bus_port|osc_source_reference|opcg_mode|opcg_domain|domain_macro_parameter|opcg_trigger|osc_source|dft_configuration_mode|jtag_instruction|jtag_instruction_register|jtag_macro|boundary_scan_segment|tap_port|jtag_port|test_signal|formal_verification_constraint|mbist_clock|mbist_clock_domain|pmbist_port|programmable_direct_access_function|memory_spare_column_map_data|memory_spare_column_map_address|memory_spare_column_map|memory_spare_column|memory_spare_row_map_address|memory_spare_row|memory_data_bit_structure|memory_bank_structure|address_partition|write_mask_bit|memory_lib_pin_access|memory_lib_pin_action|memory_lib_pin_test|memory_lib_pin_alias|memory_lib_cell|memory_library_domain|fuse_cell|fuse_cell_domain|test_clock|test_clock_domain|scan_segment|scan_chain|actual_scan_segment|actual_scan_chain|violation|timing_bin_path|timing_bin|arc|timing_point|timing_path|sdp_instance|sdp_column|sdp_row|sdp_group|flow_step|flow|command_option|command|level_shifter_rule|isolation_rule|macro_isolation_rule|macro_power_domain|macro_model|repeater_rule|state_retention_rule|power_mode|power_domain|nominal_condition|power_intent_command_id|power_intent_command|power_model|power_scope|congestion_box|route_type|pdomain|route_rule|blackbox|fpobject|pinstance|cluster|def_pin|pnet|specialnet|style|fill|slot|track_pattern|row|region|bump|pcell|group|extraction_grid|gcell_grid|gcell|route_blockage|place_blockage|blockage|layer|site|via|exception|cost_group|external_delay|clock|clock_domain|delay_corner|constraint_mode|analysis_view|mode|hport_bus|port_bus|constant|pin_bus|hpin_bus|pg_pin|hpin|pin|hport|port|pg_hport|pg_port|pg_hnet|pg_net|net|hnet|inst|hinst|module|design|level_shifter_group|library_domain|virtual_techelt|timing_condition|rc_corner|opcond|library_set|base_cell_set|operating_condition|wireload_selection|wireload|lib_arc|pg_lib_pin|lib_pin|seq_function|lwlib_cell|lib_cell|lwlibrary|library|pg_base_pin|base_pin|base_cell|message|message_group|attribute|obj_type|root>+]

    <string>:
        attribute name 
    [<rtl_port|rtl_instance|rtl_block|rtl_module|hdl_implementation|hdl_bind|hdl_parameter|hdl_pin|hdl_subprogram|hdl_label|hdl_inst|hdl_procedure|hdl_block|hdl_component|hdl_operator|hdl_package|hdl_architecture|hdl_configuration|hdl_lib|cell_model|cell|test_bus_interface|test_bus_port|osc_source_reference|opcg_mode|opcg_domain|domain_macro_parameter|opcg_trigger|osc_source|dft_configuration_mode|jtag_instruction|jtag_instruction_register|jtag_macro|boundary_scan_segment|tap_port|jtag_port|test_signal|formal_verification_constraint|mbist_clock|mbist_clock_domain|pmbist_port|programmable_direct_access_function|memory_spare_column_map_data|memory_spare_column_map_address|memory_spare_column_map|memory_spare_column|memory_spare_row_map_address|memory_spare_row|memory_data_bit_structure|memory_bank_structure|address_partition|write_mask_bit|memory_lib_pin_access|memory_lib_pin_action|memory_lib_pin_test|memory_lib_pin_alias|memory_lib_cell|memory_library_domain|fuse_cell|fuse_cell_domain|test_clock|test_clock_domain|scan_segment|scan_chain|actual_scan_segment|actual_scan_chain|violation|timing_bin_path|timing_bin|arc|timing_point|timing_path|sdp_instance|sdp_column|sdp_row|sdp_group|flow_step|flow|command_option|command|level_shifter_rule|isolation_rule|macro_isolation_rule|macro_power_domain|macro_model|repeater_rule|state_retention_rule|power_mode|power_domain|nominal_condition|power_intent_command_id|power_intent_command|power_model|power_scope|congestion_box|route_type|pdomain|route_rule|blackbox|fpobject|pinstance|cluster|def_pin|pnet|specialnet|style|fill|slot|track_pattern|row|region|bump|pcell|group|extraction_grid|gcell_grid|gcell|route_blockage|place_blockage|blockage|layer|site|via|exception|cost_group|external_delay|clock|clock_domain|delay_corner|constraint_mode|analysis_view|mode|hport_bus|port_bus|constant|pin_bus|hpin_bus|pg_pin|hpin|pin|hport|port|pg_hport|pg_port|pg_hnet|pg_net|net|hnet|inst|hinst|module|design|level_shifter_group|library_domain|virtual_techelt|timing_condition|rc_corner|opcond|library_set|base_cell_set|operating_condition|wireload_selection|wireload|lib_arc|pg_lib_pin|lib_pin|seq_function|lwlib_cell|lib_cell|lwlibrary|library|pg_base_pin|base_pin|base_cell|message|message_group|attribute|obj_type|root>+]:
        object of interest (must be unique) 

Usage: ::legacy::get_attr <string>
           [<rtl_port|rtl_instance|rtl_block|rtl_module|hdl_implementation|hdl_bind|hdl_parameter|hdl_pin|hdl_subprogram|hdl_label|hdl_inst|hdl_procedure|hdl_block|hdl_component|hdl_operator|hdl_package|hdl_architecture|hdl_configuration|hdl_lib|cell_model|cell|test_bus_interface|test_bus_port|osc_source_reference|opcg_mode|opcg_domain|domain_macro_parameter|opcg_trigger|osc_source|dft_configuration_mode|jtag_instruction|jtag_instruction_register|jtag_macro|boundary_scan_segment|tap_port|jtag_port|test_signal|formal_verification_constraint|mbist_clock|mbist_clock_domain|pmbist_port|programmable_direct_access_function|memory_spare_column_map_data|memory_spare_column_map_address|memory_spare_column_map|memory_spare_column|memory_spare_row_map_address|memory_spare_row|memory_data_bit_structure|memory_bank_structure|address_partition|write_mask_bit|memory_lib_pin_access|memory_lib_pin_action|memory_lib_pin_test|memory_lib_pin_alias|memory_lib_cell|memory_library_domain|fuse_cell|fuse_cell_domain|test_clock|test_clock_domain|scan_segment|scan_chain|actual_scan_segment|actual_scan_chain|violation|timing_bin_path|timing_bin|arc|timing_point|timing_path|sdp_instance|sdp_column|sdp_row|sdp_group|flow_step|flow|command_option|command|level_shifter_rule|isolation_rule|macro_isolation_rule|macro_power_domain|macro_model|repeater_rule|state_retention_rule|power_mode|power_domain|nominal_condition|power_intent_command_id|power_intent_command|power_model|power_scope|congestion_box|route_type|pdomain|route_rule|blackbox|fpobject|pinstance|cluster|def_pin|pnet|specialnet|style|fill|slot|track_pattern|row|region|bump|pcell|group|extraction_grid|gcell_grid|gcell|route_blockage|place_blockage|blockage|layer|site|via|exception|cost_group|external_delay|clock|clock_domain|delay_corner|constraint_mode|analysis_view|mode|hport_bus|port_bus|constant|pin_bus|hpin_bus|pg_pin|hpin|pin|hport|port|pg_hport|pg_port|pg_hnet|pg_net|net|hnet|inst|hinst|module|design|level_shifter_group|library_domain|virtual_techelt|timing_condition|rc_corner|opcond|library_set|base_cell_set|operating_condition|wireload_selection|wireload|lib_arc|pg_lib_pin|lib_pin|seq_function|lwlib_cell|lib_cell|lwlibrary|library|pg_base_pin|base_pin|base_cell|message|message_group|attribute|obj_type|root>+]

    <string>:
        attribute name 
    [<rtl_port|rtl_instance|rtl_block|rtl_module|hdl_implementation|hdl_bind|hdl_parameter|hdl_pin|hdl_subprogram|hdl_label|hdl_inst|hdl_procedure|hdl_block|hdl_component|hdl_operator|hdl_package|hdl_architecture|hdl_configuration|hdl_lib|cell_model|cell|test_bus_interface|test_bus_port|osc_source_reference|opcg_mode|opcg_domain|domain_macro_parameter|opcg_trigger|osc_source|dft_configuration_mode|jtag_instruction|jtag_instruction_register|jtag_macro|boundary_scan_segment|tap_port|jtag_port|test_signal|formal_verification_constraint|mbist_clock|mbist_clock_domain|pmbist_port|programmable_direct_access_function|memory_spare_column_map_data|memory_spare_column_map_address|memory_spare_column_map|memory_spare_column|memory_spare_row_map_address|memory_spare_row|memory_data_bit_structure|memory_bank_structure|address_partition|write_mask_bit|memory_lib_pin_access|memory_lib_pin_action|memory_lib_pin_test|memory_lib_pin_alias|memory_lib_cell|memory_library_domain|fuse_cell|fuse_cell_domain|test_clock|test_clock_domain|scan_segment|scan_chain|actual_scan_segment|actual_scan_chain|violation|timing_bin_path|timing_bin|arc|timing_point|timing_path|sdp_instance|sdp_column|sdp_row|sdp_group|flow_step|flow|command_option|command|level_shifter_rule|isolation_rule|macro_isolation_rule|macro_power_domain|macro_model|repeater_rule|state_retention_rule|power_mode|power_domain|nominal_condition|power_intent_command_id|power_intent_command|power_model|power_scope|congestion_box|route_type|pdomain|route_rule|blackbox|fpobject|pinstance|cluster|def_pin|pnet|specialnet|style|fill|slot|track_pattern|row|region|bump|pcell|group|extraction_grid|gcell_grid|gcell|route_blockage|place_blockage|blockage|layer|site|via|exception|cost_group|external_delay|clock|clock_domain|delay_corner|constraint_mode|analysis_view|mode|hport_bus|port_bus|constant|pin_bus|hpin_bus|pg_pin|hpin|pin|hport|port|pg_hport|pg_port|pg_hnet|pg_net|net|hnet|inst|hinst|module|design|level_shifter_group|library_domain|virtual_techelt|timing_condition|rc_corner|opcond|library_set|base_cell_set|operating_condition|wireload_selection|wireload|lib_arc|pg_lib_pin|lib_pin|seq_function|lwlib_cell|lib_cell|lwlibrary|library|pg_base_pin|base_pin|base_cell|message|message_group|attribute|obj_type|root>+]:
        object of interest (must be unique) 

Usage: ::legacy::get_attr <string>
           [<rtl_port|rtl_instance|rtl_block|rtl_module|hdl_implementation|hdl_bind|hdl_parameter|hdl_pin|hdl_subprogram|hdl_label|hdl_inst|hdl_procedure|hdl_block|hdl_component|hdl_operator|hdl_package|hdl_architecture|hdl_configuration|hdl_lib|cell_model|cell|test_bus_interface|test_bus_port|osc_source_reference|opcg_mode|opcg_domain|domain_macro_parameter|opcg_trigger|osc_source|dft_configuration_mode|jtag_instruction|jtag_instruction_register|jtag_macro|boundary_scan_segment|tap_port|jtag_port|test_signal|formal_verification_constraint|mbist_clock|mbist_clock_domain|pmbist_port|programmable_direct_access_function|memory_spare_column_map_data|memory_spare_column_map_address|memory_spare_column_map|memory_spare_column|memory_spare_row_map_address|memory_spare_row|memory_data_bit_structure|memory_bank_structure|address_partition|write_mask_bit|memory_lib_pin_access|memory_lib_pin_action|memory_lib_pin_test|memory_lib_pin_alias|memory_lib_cell|memory_library_domain|fuse_cell|fuse_cell_domain|test_clock|test_clock_domain|scan_segment|scan_chain|actual_scan_segment|actual_scan_chain|violation|timing_bin_path|timing_bin|arc|timing_point|timing_path|sdp_instance|sdp_column|sdp_row|sdp_group|flow_step|flow|command_option|command|level_shifter_rule|isolation_rule|macro_isolation_rule|macro_power_domain|macro_model|repeater_rule|state_retention_rule|power_mode|power_domain|nominal_condition|power_intent_command_id|power_intent_command|power_model|power_scope|congestion_box|route_type|pdomain|route_rule|blackbox|fpobject|pinstance|cluster|def_pin|pnet|specialnet|style|fill|slot|track_pattern|row|region|bump|pcell|group|extraction_grid|gcell_grid|gcell|route_blockage|place_blockage|blockage|layer|site|via|exception|cost_group|external_delay|clock|clock_domain|delay_corner|constraint_mode|analysis_view|mode|hport_bus|port_bus|constant|pin_bus|hpin_bus|pg_pin|hpin|pin|hport|port|pg_hport|pg_port|pg_hnet|pg_net|net|hnet|inst|hinst|module|design|level_shifter_group|library_domain|virtual_techelt|timing_condition|rc_corner|opcond|library_set|base_cell_set|operating_condition|wireload_selection|wireload|lib_arc|pg_lib_pin|lib_pin|seq_function|lwlib_cell|lib_cell|lwlibrary|library|pg_base_pin|base_pin|base_cell|message|message_group|attribute|obj_type|root>+]

    <string>:
        attribute name 
    [<rtl_port|rtl_instance|rtl_block|rtl_module|hdl_implementation|hdl_bind|hdl_parameter|hdl_pin|hdl_subprogram|hdl_label|hdl_inst|hdl_procedure|hdl_block|hdl_component|hdl_operator|hdl_package|hdl_architecture|hdl_configuration|hdl_lib|cell_model|cell|test_bus_interface|test_bus_port|osc_source_reference|opcg_mode|opcg_domain|domain_macro_parameter|opcg_trigger|osc_source|dft_configuration_mode|jtag_instruction|jtag_instruction_register|jtag_macro|boundary_scan_segment|tap_port|jtag_port|test_signal|formal_verification_constraint|mbist_clock|mbist_clock_domain|pmbist_port|programmable_direct_access_function|memory_spare_column_map_data|memory_spare_column_map_address|memory_spare_column_map|memory_spare_column|memory_spare_row_map_address|memory_spare_row|memory_data_bit_structure|memory_bank_structure|address_partition|write_mask_bit|memory_lib_pin_access|memory_lib_pin_action|memory_lib_pin_test|memory_lib_pin_alias|memory_lib_cell|memory_library_domain|fuse_cell|fuse_cell_domain|test_clock|test_clock_domain|scan_segment|scan_chain|actual_scan_segment|actual_scan_chain|violation|timing_bin_path|timing_bin|arc|timing_point|timing_path|sdp_instance|sdp_column|sdp_row|sdp_group|flow_step|flow|command_option|command|level_shifter_rule|isolation_rule|macro_isolation_rule|macro_power_domain|macro_model|repeater_rule|state_retention_rule|power_mode|power_domain|nominal_condition|power_intent_command_id|power_intent_command|power_model|power_scope|congestion_box|route_type|pdomain|route_rule|blackbox|fpobject|pinstance|cluster|def_pin|pnet|specialnet|style|fill|slot|track_pattern|row|region|bump|pcell|group|extraction_grid|gcell_grid|gcell|route_blockage|place_blockage|blockage|layer|site|via|exception|cost_group|external_delay|clock|clock_domain|delay_corner|constraint_mode|analysis_view|mode|hport_bus|port_bus|constant|pin_bus|hpin_bus|pg_pin|hpin|pin|hport|port|pg_hport|pg_port|pg_hnet|pg_net|net|hnet|inst|hinst|module|design|level_shifter_group|library_domain|virtual_techelt|timing_condition|rc_corner|opcond|library_set|base_cell_set|operating_condition|wireload_selection|wireload|lib_arc|pg_lib_pin|lib_pin|seq_function|lwlib_cell|lib_cell|lwlibrary|library|pg_base_pin|base_pin|base_cell|message|message_group|attribute|obj_type|root>+]:
        object of interest (must be unique) 

Usage: ::legacy::get_attr <string>
           [<rtl_port|rtl_instance|rtl_block|rtl_module|hdl_implementation|hdl_bind|hdl_parameter|hdl_pin|hdl_subprogram|hdl_label|hdl_inst|hdl_procedure|hdl_block|hdl_component|hdl_operator|hdl_package|hdl_architecture|hdl_configuration|hdl_lib|cell_model|cell|test_bus_interface|test_bus_port|osc_source_reference|opcg_mode|opcg_domain|domain_macro_parameter|opcg_trigger|osc_source|dft_configuration_mode|jtag_instruction|jtag_instruction_register|jtag_macro|boundary_scan_segment|tap_port|jtag_port|test_signal|formal_verification_constraint|mbist_clock|mbist_clock_domain|pmbist_port|programmable_direct_access_function|memory_spare_column_map_data|memory_spare_column_map_address|memory_spare_column_map|memory_spare_column|memory_spare_row_map_address|memory_spare_row|memory_data_bit_structure|memory_bank_structure|address_partition|write_mask_bit|memory_lib_pin_access|memory_lib_pin_action|memory_lib_pin_test|memory_lib_pin_alias|memory_lib_cell|memory_library_domain|fuse_cell|fuse_cell_domain|test_clock|test_clock_domain|scan_segment|scan_chain|actual_scan_segment|actual_scan_chain|violation|timing_bin_path|timing_bin|arc|timing_point|timing_path|sdp_instance|sdp_column|sdp_row|sdp_group|flow_step|flow|command_option|command|level_shifter_rule|isolation_rule|macro_isolation_rule|macro_power_domain|macro_model|repeater_rule|state_retention_rule|power_mode|power_domain|nominal_condition|power_intent_command_id|power_intent_command|power_model|power_scope|congestion_box|route_type|pdomain|route_rule|blackbox|fpobject|pinstance|cluster|def_pin|pnet|specialnet|style|fill|slot|track_pattern|row|region|bump|pcell|group|extraction_grid|gcell_grid|gcell|route_blockage|place_blockage|blockage|layer|site|via|exception|cost_group|external_delay|clock|clock_domain|delay_corner|constraint_mode|analysis_view|mode|hport_bus|port_bus|constant|pin_bus|hpin_bus|pg_pin|hpin|pin|hport|port|pg_hport|pg_port|pg_hnet|pg_net|net|hnet|inst|hinst|module|design|level_shifter_group|library_domain|virtual_techelt|timing_condition|rc_corner|opcond|library_set|base_cell_set|operating_condition|wireload_selection|wireload|lib_arc|pg_lib_pin|lib_pin|seq_function|lwlib_cell|lib_cell|lwlibrary|library|pg_base_pin|base_pin|base_cell|message|message_group|attribute|obj_type|root>+]

    <string>:
        attribute name 
    [<rtl_port|rtl_instance|rtl_block|rtl_module|hdl_implementation|hdl_bind|hdl_parameter|hdl_pin|hdl_subprogram|hdl_label|hdl_inst|hdl_procedure|hdl_block|hdl_component|hdl_operator|hdl_package|hdl_architecture|hdl_configuration|hdl_lib|cell_model|cell|test_bus_interface|test_bus_port|osc_source_reference|opcg_mode|opcg_domain|domain_macro_parameter|opcg_trigger|osc_source|dft_configuration_mode|jtag_instruction|jtag_instruction_register|jtag_macro|boundary_scan_segment|tap_port|jtag_port|test_signal|formal_verification_constraint|mbist_clock|mbist_clock_domain|pmbist_port|programmable_direct_access_function|memory_spare_column_map_data|memory_spare_column_map_address|memory_spare_column_map|memory_spare_column|memory_spare_row_map_address|memory_spare_row|memory_data_bit_structure|memory_bank_structure|address_partition|write_mask_bit|memory_lib_pin_access|memory_lib_pin_action|memory_lib_pin_test|memory_lib_pin_alias|memory_lib_cell|memory_library_domain|fuse_cell|fuse_cell_domain|test_clock|test_clock_domain|scan_segment|scan_chain|actual_scan_segment|actual_scan_chain|violation|timing_bin_path|timing_bin|arc|timing_point|timing_path|sdp_instance|sdp_column|sdp_row|sdp_group|flow_step|flow|command_option|command|level_shifter_rule|isolation_rule|macro_isolation_rule|macro_power_domain|macro_model|repeater_rule|state_retention_rule|power_mode|power_domain|nominal_condition|power_intent_command_id|power_intent_command|power_model|power_scope|congestion_box|route_type|pdomain|route_rule|blackbox|fpobject|pinstance|cluster|def_pin|pnet|specialnet|style|fill|slot|track_pattern|row|region|bump|pcell|group|extraction_grid|gcell_grid|gcell|route_blockage|place_blockage|blockage|layer|site|via|exception|cost_group|external_delay|clock|clock_domain|delay_corner|constraint_mode|analysis_view|mode|hport_bus|port_bus|constant|pin_bus|hpin_bus|pg_pin|hpin|pin|hport|port|pg_hport|pg_port|pg_hnet|pg_net|net|hnet|inst|hinst|module|design|level_shifter_group|library_domain|virtual_techelt|timing_condition|rc_corner|opcond|library_set|base_cell_set|operating_condition|wireload_selection|wireload|lib_arc|pg_lib_pin|lib_pin|seq_function|lwlib_cell|lib_cell|lwlibrary|library|pg_base_pin|base_pin|base_cell|message|message_group|attribute|obj_type|root>+]:
        object of interest (must be unique) 

Usage: ::legacy::get_attr <string>
           [<rtl_port|rtl_instance|rtl_block|rtl_module|hdl_implementation|hdl_bind|hdl_parameter|hdl_pin|hdl_subprogram|hdl_label|hdl_inst|hdl_procedure|hdl_block|hdl_component|hdl_operator|hdl_package|hdl_architecture|hdl_configuration|hdl_lib|cell_model|cell|test_bus_interface|test_bus_port|osc_source_reference|opcg_mode|opcg_domain|domain_macro_parameter|opcg_trigger|osc_source|dft_configuration_mode|jtag_instruction|jtag_instruction_register|jtag_macro|boundary_scan_segment|tap_port|jtag_port|test_signal|formal_verification_constraint|mbist_clock|mbist_clock_domain|pmbist_port|programmable_direct_access_function|memory_spare_column_map_data|memory_spare_column_map_address|memory_spare_column_map|memory_spare_column|memory_spare_row_map_address|memory_spare_row|memory_data_bit_structure|memory_bank_structure|address_partition|write_mask_bit|memory_lib_pin_access|memory_lib_pin_action|memory_lib_pin_test|memory_lib_pin_alias|memory_lib_cell|memory_library_domain|fuse_cell|fuse_cell_domain|test_clock|test_clock_domain|scan_segment|scan_chain|actual_scan_segment|actual_scan_chain|violation|timing_bin_path|timing_bin|arc|timing_point|timing_path|sdp_instance|sdp_column|sdp_row|sdp_group|flow_step|flow|command_option|command|level_shifter_rule|isolation_rule|macro_isolation_rule|macro_power_domain|macro_model|repeater_rule|state_retention_rule|power_mode|power_domain|nominal_condition|power_intent_command_id|power_intent_command|power_model|power_scope|congestion_box|route_type|pdomain|route_rule|blackbox|fpobject|pinstance|cluster|def_pin|pnet|specialnet|style|fill|slot|track_pattern|row|region|bump|pcell|group|extraction_grid|gcell_grid|gcell|route_blockage|place_blockage|blockage|layer|site|via|exception|cost_group|external_delay|clock|clock_domain|delay_corner|constraint_mode|analysis_view|mode|hport_bus|port_bus|constant|pin_bus|hpin_bus|pg_pin|hpin|pin|hport|port|pg_hport|pg_port|pg_hnet|pg_net|net|hnet|inst|hinst|module|design|level_shifter_group|library_domain|virtual_techelt|timing_condition|rc_corner|opcond|library_set|base_cell_set|operating_condition|wireload_selection|wireload|lib_arc|pg_lib_pin|lib_pin|seq_function|lwlib_cell|lib_cell|lwlibrary|library|pg_base_pin|base_pin|base_cell|message|message_group|attribute|obj_type|root>+]

    <string>:
        attribute name 
    [<rtl_port|rtl_instance|rtl_block|rtl_module|hdl_implementation|hdl_bind|hdl_parameter|hdl_pin|hdl_subprogram|hdl_label|hdl_inst|hdl_procedure|hdl_block|hdl_component|hdl_operator|hdl_package|hdl_architecture|hdl_configuration|hdl_lib|cell_model|cell|test_bus_interface|test_bus_port|osc_source_reference|opcg_mode|opcg_domain|domain_macro_parameter|opcg_trigger|osc_source|dft_configuration_mode|jtag_instruction|jtag_instruction_register|jtag_macro|boundary_scan_segment|tap_port|jtag_port|test_signal|formal_verification_constraint|mbist_clock|mbist_clock_domain|pmbist_port|programmable_direct_access_function|memory_spare_column_map_data|memory_spare_column_map_address|memory_spare_column_map|memory_spare_column|memory_spare_row_map_address|memory_spare_row|memory_data_bit_structure|memory_bank_structure|address_partition|write_mask_bit|memory_lib_pin_access|memory_lib_pin_action|memory_lib_pin_test|memory_lib_pin_alias|memory_lib_cell|memory_library_domain|fuse_cell|fuse_cell_domain|test_clock|test_clock_domain|scan_segment|scan_chain|actual_scan_segment|actual_scan_chain|violation|timing_bin_path|timing_bin|arc|timing_point|timing_path|sdp_instance|sdp_column|sdp_row|sdp_group|flow_step|flow|command_option|command|level_shifter_rule|isolation_rule|macro_isolation_rule|macro_power_domain|macro_model|repeater_rule|state_retention_rule|power_mode|power_domain|nominal_condition|power_intent_command_id|power_intent_command|power_model|power_scope|congestion_box|route_type|pdomain|route_rule|blackbox|fpobject|pinstance|cluster|def_pin|pnet|specialnet|style|fill|slot|track_pattern|row|region|bump|pcell|group|extraction_grid|gcell_grid|gcell|route_blockage|place_blockage|blockage|layer|site|via|exception|cost_group|external_delay|clock|clock_domain|delay_corner|constraint_mode|analysis_view|mode|hport_bus|port_bus|constant|pin_bus|hpin_bus|pg_pin|hpin|pin|hport|port|pg_hport|pg_port|pg_hnet|pg_net|net|hnet|inst|hinst|module|design|level_shifter_group|library_domain|virtual_techelt|timing_condition|rc_corner|opcond|library_set|base_cell_set|operating_condition|wireload_selection|wireload|lib_arc|pg_lib_pin|lib_pin|seq_function|lwlib_cell|lib_cell|lwlibrary|library|pg_base_pin|base_pin|base_cell|message|message_group|attribute|obj_type|root>+]:
        object of interest (must be unique) 

Usage: ::legacy::get_attr <string>
           [<rtl_port|rtl_instance|rtl_block|rtl_module|hdl_implementation|hdl_bind|hdl_parameter|hdl_pin|hdl_subprogram|hdl_label|hdl_inst|hdl_procedure|hdl_block|hdl_component|hdl_operator|hdl_package|hdl_architecture|hdl_configuration|hdl_lib|cell_model|cell|test_bus_interface|test_bus_port|osc_source_reference|opcg_mode|opcg_domain|domain_macro_parameter|opcg_trigger|osc_source|dft_configuration_mode|jtag_instruction|jtag_instruction_register|jtag_macro|boundary_scan_segment|tap_port|jtag_port|test_signal|formal_verification_constraint|mbist_clock|mbist_clock_domain|pmbist_port|programmable_direct_access_function|memory_spare_column_map_data|memory_spare_column_map_address|memory_spare_column_map|memory_spare_column|memory_spare_row_map_address|memory_spare_row|memory_data_bit_structure|memory_bank_structure|address_partition|write_mask_bit|memory_lib_pin_access|memory_lib_pin_action|memory_lib_pin_test|memory_lib_pin_alias|memory_lib_cell|memory_library_domain|fuse_cell|fuse_cell_domain|test_clock|test_clock_domain|scan_segment|scan_chain|actual_scan_segment|actual_scan_chain|violation|timing_bin_path|timing_bin|arc|timing_point|timing_path|sdp_instance|sdp_column|sdp_row|sdp_group|flow_step|flow|command_option|command|level_shifter_rule|isolation_rule|macro_isolation_rule|macro_power_domain|macro_model|repeater_rule|state_retention_rule|power_mode|power_domain|nominal_condition|power_intent_command_id|power_intent_command|power_model|power_scope|congestion_box|route_type|pdomain|route_rule|blackbox|fpobject|pinstance|cluster|def_pin|pnet|specialnet|style|fill|slot|track_pattern|row|region|bump|pcell|group|extraction_grid|gcell_grid|gcell|route_blockage|place_blockage|blockage|layer|site|via|exception|cost_group|external_delay|clock|clock_domain|delay_corner|constraint_mode|analysis_view|mode|hport_bus|port_bus|constant|pin_bus|hpin_bus|pg_pin|hpin|pin|hport|port|pg_hport|pg_port|pg_hnet|pg_net|net|hnet|inst|hinst|module|design|level_shifter_group|library_domain|virtual_techelt|timing_condition|rc_corner|opcond|library_set|base_cell_set|operating_condition|wireload_selection|wireload|lib_arc|pg_lib_pin|lib_pin|seq_function|lwlib_cell|lib_cell|lwlibrary|library|pg_base_pin|base_pin|base_cell|message|message_group|attribute|obj_type|root>+]

    <string>:
        attribute name 
    [<rtl_port|rtl_instance|rtl_block|rtl_module|hdl_implementation|hdl_bind|hdl_parameter|hdl_pin|hdl_subprogram|hdl_label|hdl_inst|hdl_procedure|hdl_block|hdl_component|hdl_operator|hdl_package|hdl_architecture|hdl_configuration|hdl_lib|cell_model|cell|test_bus_interface|test_bus_port|osc_source_reference|opcg_mode|opcg_domain|domain_macro_parameter|opcg_trigger|osc_source|dft_configuration_mode|jtag_instruction|jtag_instruction_register|jtag_macro|boundary_scan_segment|tap_port|jtag_port|test_signal|formal_verification_constraint|mbist_clock|mbist_clock_domain|pmbist_port|programmable_direct_access_function|memory_spare_column_map_data|memory_spare_column_map_address|memory_spare_column_map|memory_spare_column|memory_spare_row_map_address|memory_spare_row|memory_data_bit_structure|memory_bank_structure|address_partition|write_mask_bit|memory_lib_pin_access|memory_lib_pin_action|memory_lib_pin_test|memory_lib_pin_alias|memory_lib_cell|memory_library_domain|fuse_cell|fuse_cell_domain|test_clock|test_clock_domain|scan_segment|scan_chain|actual_scan_segment|actual_scan_chain|violation|timing_bin_path|timing_bin|arc|timing_point|timing_path|sdp_instance|sdp_column|sdp_row|sdp_group|flow_step|flow|command_option|command|level_shifter_rule|isolation_rule|macro_isolation_rule|macro_power_domain|macro_model|repeater_rule|state_retention_rule|power_mode|power_domain|nominal_condition|power_intent_command_id|power_intent_command|power_model|power_scope|congestion_box|route_type|pdomain|route_rule|blackbox|fpobject|pinstance|cluster|def_pin|pnet|specialnet|style|fill|slot|track_pattern|row|region|bump|pcell|group|extraction_grid|gcell_grid|gcell|route_blockage|place_blockage|blockage|layer|site|via|exception|cost_group|external_delay|clock|clock_domain|delay_corner|constraint_mode|analysis_view|mode|hport_bus|port_bus|constant|pin_bus|hpin_bus|pg_pin|hpin|pin|hport|port|pg_hport|pg_port|pg_hnet|pg_net|net|hnet|inst|hinst|module|design|level_shifter_group|library_domain|virtual_techelt|timing_condition|rc_corner|opcond|library_set|base_cell_set|operating_condition|wireload_selection|wireload|lib_arc|pg_lib_pin|lib_pin|seq_function|lwlib_cell|lib_cell|lwlibrary|library|pg_base_pin|base_pin|base_cell|message|message_group|attribute|obj_type|root>+]:
        object of interest (must be unique) 

Usage: ::legacy::get_attr <string>
           [<rtl_port|rtl_instance|rtl_block|rtl_module|hdl_implementation|hdl_bind|hdl_parameter|hdl_pin|hdl_subprogram|hdl_label|hdl_inst|hdl_procedure|hdl_block|hdl_component|hdl_operator|hdl_package|hdl_architecture|hdl_configuration|hdl_lib|cell_model|cell|test_bus_interface|test_bus_port|osc_source_reference|opcg_mode|opcg_domain|domain_macro_parameter|opcg_trigger|osc_source|dft_configuration_mode|jtag_instruction|jtag_instruction_register|jtag_macro|boundary_scan_segment|tap_port|jtag_port|test_signal|formal_verification_constraint|mbist_clock|mbist_clock_domain|pmbist_port|programmable_direct_access_function|memory_spare_column_map_data|memory_spare_column_map_address|memory_spare_column_map|memory_spare_column|memory_spare_row_map_address|memory_spare_row|memory_data_bit_structure|memory_bank_structure|address_partition|write_mask_bit|memory_lib_pin_access|memory_lib_pin_action|memory_lib_pin_test|memory_lib_pin_alias|memory_lib_cell|memory_library_domain|fuse_cell|fuse_cell_domain|test_clock|test_clock_domain|scan_segment|scan_chain|actual_scan_segment|actual_scan_chain|violation|timing_bin_path|timing_bin|arc|timing_point|timing_path|sdp_instance|sdp_column|sdp_row|sdp_group|flow_step|flow|command_option|command|level_shifter_rule|isolation_rule|macro_isolation_rule|macro_power_domain|macro_model|repeater_rule|state_retention_rule|power_mode|power_domain|nominal_condition|power_intent_command_id|power_intent_command|power_model|power_scope|congestion_box|route_type|pdomain|route_rule|blackbox|fpobject|pinstance|cluster|def_pin|pnet|specialnet|style|fill|slot|track_pattern|row|region|bump|pcell|group|extraction_grid|gcell_grid|gcell|route_blockage|place_blockage|blockage|layer|site|via|exception|cost_group|external_delay|clock|clock_domain|delay_corner|constraint_mode|analysis_view|mode|hport_bus|port_bus|constant|pin_bus|hpin_bus|pg_pin|hpin|pin|hport|port|pg_hport|pg_port|pg_hnet|pg_net|net|hnet|inst|hinst|module|design|level_shifter_group|library_domain|virtual_techelt|timing_condition|rc_corner|opcond|library_set|base_cell_set|operating_condition|wireload_selection|wireload|lib_arc|pg_lib_pin|lib_pin|seq_function|lwlib_cell|lib_cell|lwlibrary|library|pg_base_pin|base_pin|base_cell|message|message_group|attribute|obj_type|root>+]

    <string>:
        attribute name 
    [<rtl_port|rtl_instance|rtl_block|rtl_module|hdl_implementation|hdl_bind|hdl_parameter|hdl_pin|hdl_subprogram|hdl_label|hdl_inst|hdl_procedure|hdl_block|hdl_component|hdl_operator|hdl_package|hdl_architecture|hdl_configuration|hdl_lib|cell_model|cell|test_bus_interface|test_bus_port|osc_source_reference|opcg_mode|opcg_domain|domain_macro_parameter|opcg_trigger|osc_source|dft_configuration_mode|jtag_instruction|jtag_instruction_register|jtag_macro|boundary_scan_segment|tap_port|jtag_port|test_signal|formal_verification_constraint|mbist_clock|mbist_clock_domain|pmbist_port|programmable_direct_access_function|memory_spare_column_map_data|memory_spare_column_map_address|memory_spare_column_map|memory_spare_column|memory_spare_row_map_address|memory_spare_row|memory_data_bit_structure|memory_bank_structure|address_partition|write_mask_bit|memory_lib_pin_access|memory_lib_pin_action|memory_lib_pin_test|memory_lib_pin_alias|memory_lib_cell|memory_library_domain|fuse_cell|fuse_cell_domain|test_clock|test_clock_domain|scan_segment|scan_chain|actual_scan_segment|actual_scan_chain|violation|timing_bin_path|timing_bin|arc|timing_point|timing_path|sdp_instance|sdp_column|sdp_row|sdp_group|flow_step|flow|command_option|command|level_shifter_rule|isolation_rule|macro_isolation_rule|macro_power_domain|macro_model|repeater_rule|state_retention_rule|power_mode|power_domain|nominal_condition|power_intent_command_id|power_intent_command|power_model|power_scope|congestion_box|route_type|pdomain|route_rule|blackbox|fpobject|pinstance|cluster|def_pin|pnet|specialnet|style|fill|slot|track_pattern|row|region|bump|pcell|group|extraction_grid|gcell_grid|gcell|route_blockage|place_blockage|blockage|layer|site|via|exception|cost_group|external_delay|clock|clock_domain|delay_corner|constraint_mode|analysis_view|mode|hport_bus|port_bus|constant|pin_bus|hpin_bus|pg_pin|hpin|pin|hport|port|pg_hport|pg_port|pg_hnet|pg_net|net|hnet|inst|hinst|module|design|level_shifter_group|library_domain|virtual_techelt|timing_condition|rc_corner|opcond|library_set|base_cell_set|operating_condition|wireload_selection|wireload|lib_arc|pg_lib_pin|lib_pin|seq_function|lwlib_cell|lib_cell|lwlibrary|library|pg_base_pin|base_pin|base_cell|message|message_group|attribute|obj_type|root>+]:
        object of interest (must be unique) 

Usage: ::legacy::get_attr <string>
           [<rtl_port|rtl_instance|rtl_block|rtl_module|hdl_implementation|hdl_bind|hdl_parameter|hdl_pin|hdl_subprogram|hdl_label|hdl_inst|hdl_procedure|hdl_block|hdl_component|hdl_operator|hdl_package|hdl_architecture|hdl_configuration|hdl_lib|cell_model|cell|test_bus_interface|test_bus_port|osc_source_reference|opcg_mode|opcg_domain|domain_macro_parameter|opcg_trigger|osc_source|dft_configuration_mode|jtag_instruction|jtag_instruction_register|jtag_macro|boundary_scan_segment|tap_port|jtag_port|test_signal|formal_verification_constraint|mbist_clock|mbist_clock_domain|pmbist_port|programmable_direct_access_function|memory_spare_column_map_data|memory_spare_column_map_address|memory_spare_column_map|memory_spare_column|memory_spare_row_map_address|memory_spare_row|memory_data_bit_structure|memory_bank_structure|address_partition|write_mask_bit|memory_lib_pin_access|memory_lib_pin_action|memory_lib_pin_test|memory_lib_pin_alias|memory_lib_cell|memory_library_domain|fuse_cell|fuse_cell_domain|test_clock|test_clock_domain|scan_segment|scan_chain|actual_scan_segment|actual_scan_chain|violation|timing_bin_path|timing_bin|arc|timing_point|timing_path|sdp_instance|sdp_column|sdp_row|sdp_group|flow_step|flow|command_option|command|level_shifter_rule|isolation_rule|macro_isolation_rule|macro_power_domain|macro_model|repeater_rule|state_retention_rule|power_mode|power_domain|nominal_condition|power_intent_command_id|power_intent_command|power_model|power_scope|congestion_box|route_type|pdomain|route_rule|blackbox|fpobject|pinstance|cluster|def_pin|pnet|specialnet|style|fill|slot|track_pattern|row|region|bump|pcell|group|extraction_grid|gcell_grid|gcell|route_blockage|place_blockage|blockage|layer|site|via|exception|cost_group|external_delay|clock|clock_domain|delay_corner|constraint_mode|analysis_view|mode|hport_bus|port_bus|constant|pin_bus|hpin_bus|pg_pin|hpin|pin|hport|port|pg_hport|pg_port|pg_hnet|pg_net|net|hnet|inst|hinst|module|design|level_shifter_group|library_domain|virtual_techelt|timing_condition|rc_corner|opcond|library_set|base_cell_set|operating_condition|wireload_selection|wireload|lib_arc|pg_lib_pin|lib_pin|seq_function|lwlib_cell|lib_cell|lwlibrary|library|pg_base_pin|base_pin|base_cell|message|message_group|attribute|obj_type|root>+]

    <string>:
        attribute name 
    [<rtl_port|rtl_instance|rtl_block|rtl_module|hdl_implementation|hdl_bind|hdl_parameter|hdl_pin|hdl_subprogram|hdl_label|hdl_inst|hdl_procedure|hdl_block|hdl_component|hdl_operator|hdl_package|hdl_architecture|hdl_configuration|hdl_lib|cell_model|cell|test_bus_interface|test_bus_port|osc_source_reference|opcg_mode|opcg_domain|domain_macro_parameter|opcg_trigger|osc_source|dft_configuration_mode|jtag_instruction|jtag_instruction_register|jtag_macro|boundary_scan_segment|tap_port|jtag_port|test_signal|formal_verification_constraint|mbist_clock|mbist_clock_domain|pmbist_port|programmable_direct_access_function|memory_spare_column_map_data|memory_spare_column_map_address|memory_spare_column_map|memory_spare_column|memory_spare_row_map_address|memory_spare_row|memory_data_bit_structure|memory_bank_structure|address_partition|write_mask_bit|memory_lib_pin_access|memory_lib_pin_action|memory_lib_pin_test|memory_lib_pin_alias|memory_lib_cell|memory_library_domain|fuse_cell|fuse_cell_domain|test_clock|test_clock_domain|scan_segment|scan_chain|actual_scan_segment|actual_scan_chain|violation|timing_bin_path|timing_bin|arc|timing_point|timing_path|sdp_instance|sdp_column|sdp_row|sdp_group|flow_step|flow|command_option|command|level_shifter_rule|isolation_rule|macro_isolation_rule|macro_power_domain|macro_model|repeater_rule|state_retention_rule|power_mode|power_domain|nominal_condition|power_intent_command_id|power_intent_command|power_model|power_scope|congestion_box|route_type|pdomain|route_rule|blackbox|fpobject|pinstance|cluster|def_pin|pnet|specialnet|style|fill|slot|track_pattern|row|region|bump|pcell|group|extraction_grid|gcell_grid|gcell|route_blockage|place_blockage|blockage|layer|site|via|exception|cost_group|external_delay|clock|clock_domain|delay_corner|constraint_mode|analysis_view|mode|hport_bus|port_bus|constant|pin_bus|hpin_bus|pg_pin|hpin|pin|hport|port|pg_hport|pg_port|pg_hnet|pg_net|net|hnet|inst|hinst|module|design|level_shifter_group|library_domain|virtual_techelt|timing_condition|rc_corner|opcond|library_set|base_cell_set|operating_condition|wireload_selection|wireload|lib_arc|pg_lib_pin|lib_pin|seq_function|lwlib_cell|lib_cell|lwlibrary|library|pg_base_pin|base_pin|base_cell|message|message_group|attribute|obj_type|root>+]:
        object of interest (must be unique) 

Usage: ::legacy::get_attr <string>
           [<rtl_port|rtl_instance|rtl_block|rtl_module|hdl_implementation|hdl_bind|hdl_parameter|hdl_pin|hdl_subprogram|hdl_label|hdl_inst|hdl_procedure|hdl_block|hdl_component|hdl_operator|hdl_package|hdl_architecture|hdl_configuration|hdl_lib|cell_model|cell|test_bus_interface|test_bus_port|osc_source_reference|opcg_mode|opcg_domain|domain_macro_parameter|opcg_trigger|osc_source|dft_configuration_mode|jtag_instruction|jtag_instruction_register|jtag_macro|boundary_scan_segment|tap_port|jtag_port|test_signal|formal_verification_constraint|mbist_clock|mbist_clock_domain|pmbist_port|programmable_direct_access_function|memory_spare_column_map_data|memory_spare_column_map_address|memory_spare_column_map|memory_spare_column|memory_spare_row_map_address|memory_spare_row|memory_data_bit_structure|memory_bank_structure|address_partition|write_mask_bit|memory_lib_pin_access|memory_lib_pin_action|memory_lib_pin_test|memory_lib_pin_alias|memory_lib_cell|memory_library_domain|fuse_cell|fuse_cell_domain|test_clock|test_clock_domain|scan_segment|scan_chain|actual_scan_segment|actual_scan_chain|violation|timing_bin_path|timing_bin|arc|timing_point|timing_path|sdp_instance|sdp_column|sdp_row|sdp_group|flow_step|flow|command_option|command|level_shifter_rule|isolation_rule|macro_isolation_rule|macro_power_domain|macro_model|repeater_rule|state_retention_rule|power_mode|power_domain|nominal_condition|power_intent_command_id|power_intent_command|power_model|power_scope|congestion_box|route_type|pdomain|route_rule|blackbox|fpobject|pinstance|cluster|def_pin|pnet|specialnet|style|fill|slot|track_pattern|row|region|bump|pcell|group|extraction_grid|gcell_grid|gcell|route_blockage|place_blockage|blockage|layer|site|via|exception|cost_group|external_delay|clock|clock_domain|delay_corner|constraint_mode|analysis_view|mode|hport_bus|port_bus|constant|pin_bus|hpin_bus|pg_pin|hpin|pin|hport|port|pg_hport|pg_port|pg_hnet|pg_net|net|hnet|inst|hinst|module|design|level_shifter_group|library_domain|virtual_techelt|timing_condition|rc_corner|opcond|library_set|base_cell_set|operating_condition|wireload_selection|wireload|lib_arc|pg_lib_pin|lib_pin|seq_function|lwlib_cell|lib_cell|lwlibrary|library|pg_base_pin|base_pin|base_cell|message|message_group|attribute|obj_type|root>+]

    <string>:
        attribute name 
    [<rtl_port|rtl_instance|rtl_block|rtl_module|hdl_implementation|hdl_bind|hdl_parameter|hdl_pin|hdl_subprogram|hdl_label|hdl_inst|hdl_procedure|hdl_block|hdl_component|hdl_operator|hdl_package|hdl_architecture|hdl_configuration|hdl_lib|cell_model|cell|test_bus_interface|test_bus_port|osc_source_reference|opcg_mode|opcg_domain|domain_macro_parameter|opcg_trigger|osc_source|dft_configuration_mode|jtag_instruction|jtag_instruction_register|jtag_macro|boundary_scan_segment|tap_port|jtag_port|test_signal|formal_verification_constraint|mbist_clock|mbist_clock_domain|pmbist_port|programmable_direct_access_function|memory_spare_column_map_data|memory_spare_column_map_address|memory_spare_column_map|memory_spare_column|memory_spare_row_map_address|memory_spare_row|memory_data_bit_structure|memory_bank_structure|address_partition|write_mask_bit|memory_lib_pin_access|memory_lib_pin_action|memory_lib_pin_test|memory_lib_pin_alias|memory_lib_cell|memory_library_domain|fuse_cell|fuse_cell_domain|test_clock|test_clock_domain|scan_segment|scan_chain|actual_scan_segment|actual_scan_chain|violation|timing_bin_path|timing_bin|arc|timing_point|timing_path|sdp_instance|sdp_column|sdp_row|sdp_group|flow_step|flow|command_option|command|level_shifter_rule|isolation_rule|macro_isolation_rule|macro_power_domain|macro_model|repeater_rule|state_retention_rule|power_mode|power_domain|nominal_condition|power_intent_command_id|power_intent_command|power_model|power_scope|congestion_box|route_type|pdomain|route_rule|blackbox|fpobject|pinstance|cluster|def_pin|pnet|specialnet|style|fill|slot|track_pattern|row|region|bump|pcell|group|extraction_grid|gcell_grid|gcell|route_blockage|place_blockage|blockage|layer|site|via|exception|cost_group|external_delay|clock|clock_domain|delay_corner|constraint_mode|analysis_view|mode|hport_bus|port_bus|constant|pin_bus|hpin_bus|pg_pin|hpin|pin|hport|port|pg_hport|pg_port|pg_hnet|pg_net|net|hnet|inst|hinst|module|design|level_shifter_group|library_domain|virtual_techelt|timing_condition|rc_corner|opcond|library_set|base_cell_set|operating_condition|wireload_selection|wireload|lib_arc|pg_lib_pin|lib_pin|seq_function|lwlib_cell|lib_cell|lwlibrary|library|pg_base_pin|base_pin|base_cell|message|message_group|attribute|obj_type|root>+]:
        object of interest (must be unique) 

Usage: ::legacy::get_attr <string>
           [<rtl_port|rtl_instance|rtl_block|rtl_module|hdl_implementation|hdl_bind|hdl_parameter|hdl_pin|hdl_subprogram|hdl_label|hdl_inst|hdl_procedure|hdl_block|hdl_component|hdl_operator|hdl_package|hdl_architecture|hdl_configuration|hdl_lib|cell_model|cell|test_bus_interface|test_bus_port|osc_source_reference|opcg_mode|opcg_domain|domain_macro_parameter|opcg_trigger|osc_source|dft_configuration_mode|jtag_instruction|jtag_instruction_register|jtag_macro|boundary_scan_segment|tap_port|jtag_port|test_signal|formal_verification_constraint|mbist_clock|mbist_clock_domain|pmbist_port|programmable_direct_access_function|memory_spare_column_map_data|memory_spare_column_map_address|memory_spare_column_map|memory_spare_column|memory_spare_row_map_address|memory_spare_row|memory_data_bit_structure|memory_bank_structure|address_partition|write_mask_bit|memory_lib_pin_access|memory_lib_pin_action|memory_lib_pin_test|memory_lib_pin_alias|memory_lib_cell|memory_library_domain|fuse_cell|fuse_cell_domain|test_clock|test_clock_domain|scan_segment|scan_chain|actual_scan_segment|actual_scan_chain|violation|timing_bin_path|timing_bin|arc|timing_point|timing_path|sdp_instance|sdp_column|sdp_row|sdp_group|flow_step|flow|command_option|command|level_shifter_rule|isolation_rule|macro_isolation_rule|macro_power_domain|macro_model|repeater_rule|state_retention_rule|power_mode|power_domain|nominal_condition|power_intent_command_id|power_intent_command|power_model|power_scope|congestion_box|route_type|pdomain|route_rule|blackbox|fpobject|pinstance|cluster|def_pin|pnet|specialnet|style|fill|slot|track_pattern|row|region|bump|pcell|group|extraction_grid|gcell_grid|gcell|route_blockage|place_blockage|blockage|layer|site|via|exception|cost_group|external_delay|clock|clock_domain|delay_corner|constraint_mode|analysis_view|mode|hport_bus|port_bus|constant|pin_bus|hpin_bus|pg_pin|hpin|pin|hport|port|pg_hport|pg_port|pg_hnet|pg_net|net|hnet|inst|hinst|module|design|level_shifter_group|library_domain|virtual_techelt|timing_condition|rc_corner|opcond|library_set|base_cell_set|operating_condition|wireload_selection|wireload|lib_arc|pg_lib_pin|lib_pin|seq_function|lwlib_cell|lib_cell|lwlibrary|library|pg_base_pin|base_pin|base_cell|message|message_group|attribute|obj_type|root>+]

    <string>:
        attribute name 
    [<rtl_port|rtl_instance|rtl_block|rtl_module|hdl_implementation|hdl_bind|hdl_parameter|hdl_pin|hdl_subprogram|hdl_label|hdl_inst|hdl_procedure|hdl_block|hdl_component|hdl_operator|hdl_package|hdl_architecture|hdl_configuration|hdl_lib|cell_model|cell|test_bus_interface|test_bus_port|osc_source_reference|opcg_mode|opcg_domain|domain_macro_parameter|opcg_trigger|osc_source|dft_configuration_mode|jtag_instruction|jtag_instruction_register|jtag_macro|boundary_scan_segment|tap_port|jtag_port|test_signal|formal_verification_constraint|mbist_clock|mbist_clock_domain|pmbist_port|programmable_direct_access_function|memory_spare_column_map_data|memory_spare_column_map_address|memory_spare_column_map|memory_spare_column|memory_spare_row_map_address|memory_spare_row|memory_data_bit_structure|memory_bank_structure|address_partition|write_mask_bit|memory_lib_pin_access|memory_lib_pin_action|memory_lib_pin_test|memory_lib_pin_alias|memory_lib_cell|memory_library_domain|fuse_cell|fuse_cell_domain|test_clock|test_clock_domain|scan_segment|scan_chain|actual_scan_segment|actual_scan_chain|violation|timing_bin_path|timing_bin|arc|timing_point|timing_path|sdp_instance|sdp_column|sdp_row|sdp_group|flow_step|flow|command_option|command|level_shifter_rule|isolation_rule|macro_isolation_rule|macro_power_domain|macro_model|repeater_rule|state_retention_rule|power_mode|power_domain|nominal_condition|power_intent_command_id|power_intent_command|power_model|power_scope|congestion_box|route_type|pdomain|route_rule|blackbox|fpobject|pinstance|cluster|def_pin|pnet|specialnet|style|fill|slot|track_pattern|row|region|bump|pcell|group|extraction_grid|gcell_grid|gcell|route_blockage|place_blockage|blockage|layer|site|via|exception|cost_group|external_delay|clock|clock_domain|delay_corner|constraint_mode|analysis_view|mode|hport_bus|port_bus|constant|pin_bus|hpin_bus|pg_pin|hpin|pin|hport|port|pg_hport|pg_port|pg_hnet|pg_net|net|hnet|inst|hinst|module|design|level_shifter_group|library_domain|virtual_techelt|timing_condition|rc_corner|opcond|library_set|base_cell_set|operating_condition|wireload_selection|wireload|lib_arc|pg_lib_pin|lib_pin|seq_function|lwlib_cell|lib_cell|lwlibrary|library|pg_base_pin|base_pin|base_cell|message|message_group|attribute|obj_type|root>+]:
        object of interest (must be unique) 

Usage: ::legacy::get_attr <string>
           [<rtl_port|rtl_instance|rtl_block|rtl_module|hdl_implementation|hdl_bind|hdl_parameter|hdl_pin|hdl_subprogram|hdl_label|hdl_inst|hdl_procedure|hdl_block|hdl_component|hdl_operator|hdl_package|hdl_architecture|hdl_configuration|hdl_lib|cell_model|cell|test_bus_interface|test_bus_port|osc_source_reference|opcg_mode|opcg_domain|domain_macro_parameter|opcg_trigger|osc_source|dft_configuration_mode|jtag_instruction|jtag_instruction_register|jtag_macro|boundary_scan_segment|tap_port|jtag_port|test_signal|formal_verification_constraint|mbist_clock|mbist_clock_domain|pmbist_port|programmable_direct_access_function|memory_spare_column_map_data|memory_spare_column_map_address|memory_spare_column_map|memory_spare_column|memory_spare_row_map_address|memory_spare_row|memory_data_bit_structure|memory_bank_structure|address_partition|write_mask_bit|memory_lib_pin_access|memory_lib_pin_action|memory_lib_pin_test|memory_lib_pin_alias|memory_lib_cell|memory_library_domain|fuse_cell|fuse_cell_domain|test_clock|test_clock_domain|scan_segment|scan_chain|actual_scan_segment|actual_scan_chain|violation|timing_bin_path|timing_bin|arc|timing_point|timing_path|sdp_instance|sdp_column|sdp_row|sdp_group|flow_step|flow|command_option|command|level_shifter_rule|isolation_rule|macro_isolation_rule|macro_power_domain|macro_model|repeater_rule|state_retention_rule|power_mode|power_domain|nominal_condition|power_intent_command_id|power_intent_command|power_model|power_scope|congestion_box|route_type|pdomain|route_rule|blackbox|fpobject|pinstance|cluster|def_pin|pnet|specialnet|style|fill|slot|track_pattern|row|region|bump|pcell|group|extraction_grid|gcell_grid|gcell|route_blockage|place_blockage|blockage|layer|site|via|exception|cost_group|external_delay|clock|clock_domain|delay_corner|constraint_mode|analysis_view|mode|hport_bus|port_bus|constant|pin_bus|hpin_bus|pg_pin|hpin|pin|hport|port|pg_hport|pg_port|pg_hnet|pg_net|net|hnet|inst|hinst|module|design|level_shifter_group|library_domain|virtual_techelt|timing_condition|rc_corner|opcond|library_set|base_cell_set|operating_condition|wireload_selection|wireload|lib_arc|pg_lib_pin|lib_pin|seq_function|lwlib_cell|lib_cell|lwlibrary|library|pg_base_pin|base_pin|base_cell|message|message_group|attribute|obj_type|root>+]

    <string>:
        attribute name 
    [<rtl_port|rtl_instance|rtl_block|rtl_module|hdl_implementation|hdl_bind|hdl_parameter|hdl_pin|hdl_subprogram|hdl_label|hdl_inst|hdl_procedure|hdl_block|hdl_component|hdl_operator|hdl_package|hdl_architecture|hdl_configuration|hdl_lib|cell_model|cell|test_bus_interface|test_bus_port|osc_source_reference|opcg_mode|opcg_domain|domain_macro_parameter|opcg_trigger|osc_source|dft_configuration_mode|jtag_instruction|jtag_instruction_register|jtag_macro|boundary_scan_segment|tap_port|jtag_port|test_signal|formal_verification_constraint|mbist_clock|mbist_clock_domain|pmbist_port|programmable_direct_access_function|memory_spare_column_map_data|memory_spare_column_map_address|memory_spare_column_map|memory_spare_column|memory_spare_row_map_address|memory_spare_row|memory_data_bit_structure|memory_bank_structure|address_partition|write_mask_bit|memory_lib_pin_access|memory_lib_pin_action|memory_lib_pin_test|memory_lib_pin_alias|memory_lib_cell|memory_library_domain|fuse_cell|fuse_cell_domain|test_clock|test_clock_domain|scan_segment|scan_chain|actual_scan_segment|actual_scan_chain|violation|timing_bin_path|timing_bin|arc|timing_point|timing_path|sdp_instance|sdp_column|sdp_row|sdp_group|flow_step|flow|command_option|command|level_shifter_rule|isolation_rule|macro_isolation_rule|macro_power_domain|macro_model|repeater_rule|state_retention_rule|power_mode|power_domain|nominal_condition|power_intent_command_id|power_intent_command|power_model|power_scope|congestion_box|route_type|pdomain|route_rule|blackbox|fpobject|pinstance|cluster|def_pin|pnet|specialnet|style|fill|slot|track_pattern|row|region|bump|pcell|group|extraction_grid|gcell_grid|gcell|route_blockage|place_blockage|blockage|layer|site|via|exception|cost_group|external_delay|clock|clock_domain|delay_corner|constraint_mode|analysis_view|mode|hport_bus|port_bus|constant|pin_bus|hpin_bus|pg_pin|hpin|pin|hport|port|pg_hport|pg_port|pg_hnet|pg_net|net|hnet|inst|hinst|module|design|level_shifter_group|library_domain|virtual_techelt|timing_condition|rc_corner|opcond|library_set|base_cell_set|operating_condition|wireload_selection|wireload|lib_arc|pg_lib_pin|lib_pin|seq_function|lwlib_cell|lib_cell|lwlibrary|library|pg_base_pin|base_pin|base_cell|message|message_group|attribute|obj_type|root>+]:
        object of interest (must be unique) 

Usage: ::legacy::get_attr <string>
           [<rtl_port|rtl_instance|rtl_block|rtl_module|hdl_implementation|hdl_bind|hdl_parameter|hdl_pin|hdl_subprogram|hdl_label|hdl_inst|hdl_procedure|hdl_block|hdl_component|hdl_operator|hdl_package|hdl_architecture|hdl_configuration|hdl_lib|cell_model|cell|test_bus_interface|test_bus_port|osc_source_reference|opcg_mode|opcg_domain|domain_macro_parameter|opcg_trigger|osc_source|dft_configuration_mode|jtag_instruction|jtag_instruction_register|jtag_macro|boundary_scan_segment|tap_port|jtag_port|test_signal|formal_verification_constraint|mbist_clock|mbist_clock_domain|pmbist_port|programmable_direct_access_function|memory_spare_column_map_data|memory_spare_column_map_address|memory_spare_column_map|memory_spare_column|memory_spare_row_map_address|memory_spare_row|memory_data_bit_structure|memory_bank_structure|address_partition|write_mask_bit|memory_lib_pin_access|memory_lib_pin_action|memory_lib_pin_test|memory_lib_pin_alias|memory_lib_cell|memory_library_domain|fuse_cell|fuse_cell_domain|test_clock|test_clock_domain|scan_segment|scan_chain|actual_scan_segment|actual_scan_chain|violation|timing_bin_path|timing_bin|arc|timing_point|timing_path|sdp_instance|sdp_column|sdp_row|sdp_group|flow_step|flow|command_option|command|level_shifter_rule|isolation_rule|macro_isolation_rule|macro_power_domain|macro_model|repeater_rule|state_retention_rule|power_mode|power_domain|nominal_condition|power_intent_command_id|power_intent_command|power_model|power_scope|congestion_box|route_type|pdomain|route_rule|blackbox|fpobject|pinstance|cluster|def_pin|pnet|specialnet|style|fill|slot|track_pattern|row|region|bump|pcell|group|extraction_grid|gcell_grid|gcell|route_blockage|place_blockage|blockage|layer|site|via|exception|cost_group|external_delay|clock|clock_domain|delay_corner|constraint_mode|analysis_view|mode|hport_bus|port_bus|constant|pin_bus|hpin_bus|pg_pin|hpin|pin|hport|port|pg_hport|pg_port|pg_hnet|pg_net|net|hnet|inst|hinst|module|design|level_shifter_group|library_domain|virtual_techelt|timing_condition|rc_corner|opcond|library_set|base_cell_set|operating_condition|wireload_selection|wireload|lib_arc|pg_lib_pin|lib_pin|seq_function|lwlib_cell|lib_cell|lwlibrary|library|pg_base_pin|base_pin|base_cell|message|message_group|attribute|obj_type|root>+]

    <string>:
        attribute name 
    [<rtl_port|rtl_instance|rtl_block|rtl_module|hdl_implementation|hdl_bind|hdl_parameter|hdl_pin|hdl_subprogram|hdl_label|hdl_inst|hdl_procedure|hdl_block|hdl_component|hdl_operator|hdl_package|hdl_architecture|hdl_configuration|hdl_lib|cell_model|cell|test_bus_interface|test_bus_port|osc_source_reference|opcg_mode|opcg_domain|domain_macro_parameter|opcg_trigger|osc_source|dft_configuration_mode|jtag_instruction|jtag_instruction_register|jtag_macro|boundary_scan_segment|tap_port|jtag_port|test_signal|formal_verification_constraint|mbist_clock|mbist_clock_domain|pmbist_port|programmable_direct_access_function|memory_spare_column_map_data|memory_spare_column_map_address|memory_spare_column_map|memory_spare_column|memory_spare_row_map_address|memory_spare_row|memory_data_bit_structure|memory_bank_structure|address_partition|write_mask_bit|memory_lib_pin_access|memory_lib_pin_action|memory_lib_pin_test|memory_lib_pin_alias|memory_lib_cell|memory_library_domain|fuse_cell|fuse_cell_domain|test_clock|test_clock_domain|scan_segment|scan_chain|actual_scan_segment|actual_scan_chain|violation|timing_bin_path|timing_bin|arc|timing_point|timing_path|sdp_instance|sdp_column|sdp_row|sdp_group|flow_step|flow|command_option|command|level_shifter_rule|isolation_rule|macro_isolation_rule|macro_power_domain|macro_model|repeater_rule|state_retention_rule|power_mode|power_domain|nominal_condition|power_intent_command_id|power_intent_command|power_model|power_scope|congestion_box|route_type|pdomain|route_rule|blackbox|fpobject|pinstance|cluster|def_pin|pnet|specialnet|style|fill|slot|track_pattern|row|region|bump|pcell|group|extraction_grid|gcell_grid|gcell|route_blockage|place_blockage|blockage|layer|site|via|exception|cost_group|external_delay|clock|clock_domain|delay_corner|constraint_mode|analysis_view|mode|hport_bus|port_bus|constant|pin_bus|hpin_bus|pg_pin|hpin|pin|hport|port|pg_hport|pg_port|pg_hnet|pg_net|net|hnet|inst|hinst|module|design|level_shifter_group|library_domain|virtual_techelt|timing_condition|rc_corner|opcond|library_set|base_cell_set|operating_condition|wireload_selection|wireload|lib_arc|pg_lib_pin|lib_pin|seq_function|lwlib_cell|lib_cell|lwlibrary|library|pg_base_pin|base_pin|base_cell|message|message_group|attribute|obj_type|root>+]:
        object of interest (must be unique) 

Usage: ::legacy::get_attr <string>
           [<rtl_port|rtl_instance|rtl_block|rtl_module|hdl_implementation|hdl_bind|hdl_parameter|hdl_pin|hdl_subprogram|hdl_label|hdl_inst|hdl_procedure|hdl_block|hdl_component|hdl_operator|hdl_package|hdl_architecture|hdl_configuration|hdl_lib|cell_model|cell|test_bus_interface|test_bus_port|osc_source_reference|opcg_mode|opcg_domain|domain_macro_parameter|opcg_trigger|osc_source|dft_configuration_mode|jtag_instruction|jtag_instruction_register|jtag_macro|boundary_scan_segment|tap_port|jtag_port|test_signal|formal_verification_constraint|mbist_clock|mbist_clock_domain|pmbist_port|programmable_direct_access_function|memory_spare_column_map_data|memory_spare_column_map_address|memory_spare_column_map|memory_spare_column|memory_spare_row_map_address|memory_spare_row|memory_data_bit_structure|memory_bank_structure|address_partition|write_mask_bit|memory_lib_pin_access|memory_lib_pin_action|memory_lib_pin_test|memory_lib_pin_alias|memory_lib_cell|memory_library_domain|fuse_cell|fuse_cell_domain|test_clock|test_clock_domain|scan_segment|scan_chain|actual_scan_segment|actual_scan_chain|violation|timing_bin_path|timing_bin|arc|timing_point|timing_path|sdp_instance|sdp_column|sdp_row|sdp_group|flow_step|flow|command_option|command|level_shifter_rule|isolation_rule|macro_isolation_rule|macro_power_domain|macro_model|repeater_rule|state_retention_rule|power_mode|power_domain|nominal_condition|power_intent_command_id|power_intent_command|power_model|power_scope|congestion_box|route_type|pdomain|route_rule|blackbox|fpobject|pinstance|cluster|def_pin|pnet|specialnet|style|fill|slot|track_pattern|row|region|bump|pcell|group|extraction_grid|gcell_grid|gcell|route_blockage|place_blockage|blockage|layer|site|via|exception|cost_group|external_delay|clock|clock_domain|delay_corner|constraint_mode|analysis_view|mode|hport_bus|port_bus|constant|pin_bus|hpin_bus|pg_pin|hpin|pin|hport|port|pg_hport|pg_port|pg_hnet|pg_net|net|hnet|inst|hinst|module|design|level_shifter_group|library_domain|virtual_techelt|timing_condition|rc_corner|opcond|library_set|base_cell_set|operating_condition|wireload_selection|wireload|lib_arc|pg_lib_pin|lib_pin|seq_function|lwlib_cell|lib_cell|lwlibrary|library|pg_base_pin|base_pin|base_cell|message|message_group|attribute|obj_type|root>+]

    <string>:
        attribute name 
    [<rtl_port|rtl_instance|rtl_block|rtl_module|hdl_implementation|hdl_bind|hdl_parameter|hdl_pin|hdl_subprogram|hdl_label|hdl_inst|hdl_procedure|hdl_block|hdl_component|hdl_operator|hdl_package|hdl_architecture|hdl_configuration|hdl_lib|cell_model|cell|test_bus_interface|test_bus_port|osc_source_reference|opcg_mode|opcg_domain|domain_macro_parameter|opcg_trigger|osc_source|dft_configuration_mode|jtag_instruction|jtag_instruction_register|jtag_macro|boundary_scan_segment|tap_port|jtag_port|test_signal|formal_verification_constraint|mbist_clock|mbist_clock_domain|pmbist_port|programmable_direct_access_function|memory_spare_column_map_data|memory_spare_column_map_address|memory_spare_column_map|memory_spare_column|memory_spare_row_map_address|memory_spare_row|memory_data_bit_structure|memory_bank_structure|address_partition|write_mask_bit|memory_lib_pin_access|memory_lib_pin_action|memory_lib_pin_test|memory_lib_pin_alias|memory_lib_cell|memory_library_domain|fuse_cell|fuse_cell_domain|test_clock|test_clock_domain|scan_segment|scan_chain|actual_scan_segment|actual_scan_chain|violation|timing_bin_path|timing_bin|arc|timing_point|timing_path|sdp_instance|sdp_column|sdp_row|sdp_group|flow_step|flow|command_option|command|level_shifter_rule|isolation_rule|macro_isolation_rule|macro_power_domain|macro_model|repeater_rule|state_retention_rule|power_mode|power_domain|nominal_condition|power_intent_command_id|power_intent_command|power_model|power_scope|congestion_box|route_type|pdomain|route_rule|blackbox|fpobject|pinstance|cluster|def_pin|pnet|specialnet|style|fill|slot|track_pattern|row|region|bump|pcell|group|extraction_grid|gcell_grid|gcell|route_blockage|place_blockage|blockage|layer|site|via|exception|cost_group|external_delay|clock|clock_domain|delay_corner|constraint_mode|analysis_view|mode|hport_bus|port_bus|constant|pin_bus|hpin_bus|pg_pin|hpin|pin|hport|port|pg_hport|pg_port|pg_hnet|pg_net|net|hnet|inst|hinst|module|design|level_shifter_group|library_domain|virtual_techelt|timing_condition|rc_corner|opcond|library_set|base_cell_set|operating_condition|wireload_selection|wireload|lib_arc|pg_lib_pin|lib_pin|seq_function|lwlib_cell|lib_cell|lwlibrary|library|pg_base_pin|base_pin|base_cell|message|message_group|attribute|obj_type|root>+]:
        object of interest (must be unique) 

Usage: ::legacy::get_attr <string>
           [<rtl_port|rtl_instance|rtl_block|rtl_module|hdl_implementation|hdl_bind|hdl_parameter|hdl_pin|hdl_subprogram|hdl_label|hdl_inst|hdl_procedure|hdl_block|hdl_component|hdl_operator|hdl_package|hdl_architecture|hdl_configuration|hdl_lib|cell_model|cell|test_bus_interface|test_bus_port|osc_source_reference|opcg_mode|opcg_domain|domain_macro_parameter|opcg_trigger|osc_source|dft_configuration_mode|jtag_instruction|jtag_instruction_register|jtag_macro|boundary_scan_segment|tap_port|jtag_port|test_signal|formal_verification_constraint|mbist_clock|mbist_clock_domain|pmbist_port|programmable_direct_access_function|memory_spare_column_map_data|memory_spare_column_map_address|memory_spare_column_map|memory_spare_column|memory_spare_row_map_address|memory_spare_row|memory_data_bit_structure|memory_bank_structure|address_partition|write_mask_bit|memory_lib_pin_access|memory_lib_pin_action|memory_lib_pin_test|memory_lib_pin_alias|memory_lib_cell|memory_library_domain|fuse_cell|fuse_cell_domain|test_clock|test_clock_domain|scan_segment|scan_chain|actual_scan_segment|actual_scan_chain|violation|timing_bin_path|timing_bin|arc|timing_point|timing_path|sdp_instance|sdp_column|sdp_row|sdp_group|flow_step|flow|command_option|command|level_shifter_rule|isolation_rule|macro_isolation_rule|macro_power_domain|macro_model|repeater_rule|state_retention_rule|power_mode|power_domain|nominal_condition|power_intent_command_id|power_intent_command|power_model|power_scope|congestion_box|route_type|pdomain|route_rule|blackbox|fpobject|pinstance|cluster|def_pin|pnet|specialnet|style|fill|slot|track_pattern|row|region|bump|pcell|group|extraction_grid|gcell_grid|gcell|route_blockage|place_blockage|blockage|layer|site|via|exception|cost_group|external_delay|clock|clock_domain|delay_corner|constraint_mode|analysis_view|mode|hport_bus|port_bus|constant|pin_bus|hpin_bus|pg_pin|hpin|pin|hport|port|pg_hport|pg_port|pg_hnet|pg_net|net|hnet|inst|hinst|module|design|level_shifter_group|library_domain|virtual_techelt|timing_condition|rc_corner|opcond|library_set|base_cell_set|operating_condition|wireload_selection|wireload|lib_arc|pg_lib_pin|lib_pin|seq_function|lwlib_cell|lib_cell|lwlibrary|library|pg_base_pin|base_pin|base_cell|message|message_group|attribute|obj_type|root>+]

    <string>:
        attribute name 
    [<rtl_port|rtl_instance|rtl_block|rtl_module|hdl_implementation|hdl_bind|hdl_parameter|hdl_pin|hdl_subprogram|hdl_label|hdl_inst|hdl_procedure|hdl_block|hdl_component|hdl_operator|hdl_package|hdl_architecture|hdl_configuration|hdl_lib|cell_model|cell|test_bus_interface|test_bus_port|osc_source_reference|opcg_mode|opcg_domain|domain_macro_parameter|opcg_trigger|osc_source|dft_configuration_mode|jtag_instruction|jtag_instruction_register|jtag_macro|boundary_scan_segment|tap_port|jtag_port|test_signal|formal_verification_constraint|mbist_clock|mbist_clock_domain|pmbist_port|programmable_direct_access_function|memory_spare_column_map_data|memory_spare_column_map_address|memory_spare_column_map|memory_spare_column|memory_spare_row_map_address|memory_spare_row|memory_data_bit_structure|memory_bank_structure|address_partition|write_mask_bit|memory_lib_pin_access|memory_lib_pin_action|memory_lib_pin_test|memory_lib_pin_alias|memory_lib_cell|memory_library_domain|fuse_cell|fuse_cell_domain|test_clock|test_clock_domain|scan_segment|scan_chain|actual_scan_segment|actual_scan_chain|violation|timing_bin_path|timing_bin|arc|timing_point|timing_path|sdp_instance|sdp_column|sdp_row|sdp_group|flow_step|flow|command_option|command|level_shifter_rule|isolation_rule|macro_isolation_rule|macro_power_domain|macro_model|repeater_rule|state_retention_rule|power_mode|power_domain|nominal_condition|power_intent_command_id|power_intent_command|power_model|power_scope|congestion_box|route_type|pdomain|route_rule|blackbox|fpobject|pinstance|cluster|def_pin|pnet|specialnet|style|fill|slot|track_pattern|row|region|bump|pcell|group|extraction_grid|gcell_grid|gcell|route_blockage|place_blockage|blockage|layer|site|via|exception|cost_group|external_delay|clock|clock_domain|delay_corner|constraint_mode|analysis_view|mode|hport_bus|port_bus|constant|pin_bus|hpin_bus|pg_pin|hpin|pin|hport|port|pg_hport|pg_port|pg_hnet|pg_net|net|hnet|inst|hinst|module|design|level_shifter_group|library_domain|virtual_techelt|timing_condition|rc_corner|opcond|library_set|base_cell_set|operating_condition|wireload_selection|wireload|lib_arc|pg_lib_pin|lib_pin|seq_function|lwlib_cell|lib_cell|lwlibrary|library|pg_base_pin|base_pin|base_cell|message|message_group|attribute|obj_type|root>+]:
        object of interest (must be unique) 

Usage: ::legacy::get_attr <string>
           [<rtl_port|rtl_instance|rtl_block|rtl_module|hdl_implementation|hdl_bind|hdl_parameter|hdl_pin|hdl_subprogram|hdl_label|hdl_inst|hdl_procedure|hdl_block|hdl_component|hdl_operator|hdl_package|hdl_architecture|hdl_configuration|hdl_lib|cell_model|cell|test_bus_interface|test_bus_port|osc_source_reference|opcg_mode|opcg_domain|domain_macro_parameter|opcg_trigger|osc_source|dft_configuration_mode|jtag_instruction|jtag_instruction_register|jtag_macro|boundary_scan_segment|tap_port|jtag_port|test_signal|formal_verification_constraint|mbist_clock|mbist_clock_domain|pmbist_port|programmable_direct_access_function|memory_spare_column_map_data|memory_spare_column_map_address|memory_spare_column_map|memory_spare_column|memory_spare_row_map_address|memory_spare_row|memory_data_bit_structure|memory_bank_structure|address_partition|write_mask_bit|memory_lib_pin_access|memory_lib_pin_action|memory_lib_pin_test|memory_lib_pin_alias|memory_lib_cell|memory_library_domain|fuse_cell|fuse_cell_domain|test_clock|test_clock_domain|scan_segment|scan_chain|actual_scan_segment|actual_scan_chain|violation|timing_bin_path|timing_bin|arc|timing_point|timing_path|sdp_instance|sdp_column|sdp_row|sdp_group|flow_step|flow|command_option|command|level_shifter_rule|isolation_rule|macro_isolation_rule|macro_power_domain|macro_model|repeater_rule|state_retention_rule|power_mode|power_domain|nominal_condition|power_intent_command_id|power_intent_command|power_model|power_scope|congestion_box|route_type|pdomain|route_rule|blackbox|fpobject|pinstance|cluster|def_pin|pnet|specialnet|style|fill|slot|track_pattern|row|region|bump|pcell|group|extraction_grid|gcell_grid|gcell|route_blockage|place_blockage|blockage|layer|site|via|exception|cost_group|external_delay|clock|clock_domain|delay_corner|constraint_mode|analysis_view|mode|hport_bus|port_bus|constant|pin_bus|hpin_bus|pg_pin|hpin|pin|hport|port|pg_hport|pg_port|pg_hnet|pg_net|net|hnet|inst|hinst|module|design|level_shifter_group|library_domain|virtual_techelt|timing_condition|rc_corner|opcond|library_set|base_cell_set|operating_condition|wireload_selection|wireload|lib_arc|pg_lib_pin|lib_pin|seq_function|lwlib_cell|lib_cell|lwlibrary|library|pg_base_pin|base_pin|base_cell|message|message_group|attribute|obj_type|root>+]

    <string>:
        attribute name 
    [<rtl_port|rtl_instance|rtl_block|rtl_module|hdl_implementation|hdl_bind|hdl_parameter|hdl_pin|hdl_subprogram|hdl_label|hdl_inst|hdl_procedure|hdl_block|hdl_component|hdl_operator|hdl_package|hdl_architecture|hdl_configuration|hdl_lib|cell_model|cell|test_bus_interface|test_bus_port|osc_source_reference|opcg_mode|opcg_domain|domain_macro_parameter|opcg_trigger|osc_source|dft_configuration_mode|jtag_instruction|jtag_instruction_register|jtag_macro|boundary_scan_segment|tap_port|jtag_port|test_signal|formal_verification_constraint|mbist_clock|mbist_clock_domain|pmbist_port|programmable_direct_access_function|memory_spare_column_map_data|memory_spare_column_map_address|memory_spare_column_map|memory_spare_column|memory_spare_row_map_address|memory_spare_row|memory_data_bit_structure|memory_bank_structure|address_partition|write_mask_bit|memory_lib_pin_access|memory_lib_pin_action|memory_lib_pin_test|memory_lib_pin_alias|memory_lib_cell|memory_library_domain|fuse_cell|fuse_cell_domain|test_clock|test_clock_domain|scan_segment|scan_chain|actual_scan_segment|actual_scan_chain|violation|timing_bin_path|timing_bin|arc|timing_point|timing_path|sdp_instance|sdp_column|sdp_row|sdp_group|flow_step|flow|command_option|command|level_shifter_rule|isolation_rule|macro_isolation_rule|macro_power_domain|macro_model|repeater_rule|state_retention_rule|power_mode|power_domain|nominal_condition|power_intent_command_id|power_intent_command|power_model|power_scope|congestion_box|route_type|pdomain|route_rule|blackbox|fpobject|pinstance|cluster|def_pin|pnet|specialnet|style|fill|slot|track_pattern|row|region|bump|pcell|group|extraction_grid|gcell_grid|gcell|route_blockage|place_blockage|blockage|layer|site|via|exception|cost_group|external_delay|clock|clock_domain|delay_corner|constraint_mode|analysis_view|mode|hport_bus|port_bus|constant|pin_bus|hpin_bus|pg_pin|hpin|pin|hport|port|pg_hport|pg_port|pg_hnet|pg_net|net|hnet|inst|hinst|module|design|level_shifter_group|library_domain|virtual_techelt|timing_condition|rc_corner|opcond|library_set|base_cell_set|operating_condition|wireload_selection|wireload|lib_arc|pg_lib_pin|lib_pin|seq_function|lwlib_cell|lib_cell|lwlibrary|library|pg_base_pin|base_pin|base_cell|message|message_group|attribute|obj_type|root>+]:
        object of interest (must be unique) 

Usage: ::legacy::get_attr <string>
           [<rtl_port|rtl_instance|rtl_block|rtl_module|hdl_implementation|hdl_bind|hdl_parameter|hdl_pin|hdl_subprogram|hdl_label|hdl_inst|hdl_procedure|hdl_block|hdl_component|hdl_operator|hdl_package|hdl_architecture|hdl_configuration|hdl_lib|cell_model|cell|test_bus_interface|test_bus_port|osc_source_reference|opcg_mode|opcg_domain|domain_macro_parameter|opcg_trigger|osc_source|dft_configuration_mode|jtag_instruction|jtag_instruction_register|jtag_macro|boundary_scan_segment|tap_port|jtag_port|test_signal|formal_verification_constraint|mbist_clock|mbist_clock_domain|pmbist_port|programmable_direct_access_function|memory_spare_column_map_data|memory_spare_column_map_address|memory_spare_column_map|memory_spare_column|memory_spare_row_map_address|memory_spare_row|memory_data_bit_structure|memory_bank_structure|address_partition|write_mask_bit|memory_lib_pin_access|memory_lib_pin_action|memory_lib_pin_test|memory_lib_pin_alias|memory_lib_cell|memory_library_domain|fuse_cell|fuse_cell_domain|test_clock|test_clock_domain|scan_segment|scan_chain|actual_scan_segment|actual_scan_chain|violation|timing_bin_path|timing_bin|arc|timing_point|timing_path|sdp_instance|sdp_column|sdp_row|sdp_group|flow_step|flow|command_option|command|level_shifter_rule|isolation_rule|macro_isolation_rule|macro_power_domain|macro_model|repeater_rule|state_retention_rule|power_mode|power_domain|nominal_condition|power_intent_command_id|power_intent_command|power_model|power_scope|congestion_box|route_type|pdomain|route_rule|blackbox|fpobject|pinstance|cluster|def_pin|pnet|specialnet|style|fill|slot|track_pattern|row|region|bump|pcell|group|extraction_grid|gcell_grid|gcell|route_blockage|place_blockage|blockage|layer|site|via|exception|cost_group|external_delay|clock|clock_domain|delay_corner|constraint_mode|analysis_view|mode|hport_bus|port_bus|constant|pin_bus|hpin_bus|pg_pin|hpin|pin|hport|port|pg_hport|pg_port|pg_hnet|pg_net|net|hnet|inst|hinst|module|design|level_shifter_group|library_domain|virtual_techelt|timing_condition|rc_corner|opcond|library_set|base_cell_set|operating_condition|wireload_selection|wireload|lib_arc|pg_lib_pin|lib_pin|seq_function|lwlib_cell|lib_cell|lwlibrary|library|pg_base_pin|base_pin|base_cell|message|message_group|attribute|obj_type|root>+]

    <string>:
        attribute name 
    [<rtl_port|rtl_instance|rtl_block|rtl_module|hdl_implementation|hdl_bind|hdl_parameter|hdl_pin|hdl_subprogram|hdl_label|hdl_inst|hdl_procedure|hdl_block|hdl_component|hdl_operator|hdl_package|hdl_architecture|hdl_configuration|hdl_lib|cell_model|cell|test_bus_interface|test_bus_port|osc_source_reference|opcg_mode|opcg_domain|domain_macro_parameter|opcg_trigger|osc_source|dft_configuration_mode|jtag_instruction|jtag_instruction_register|jtag_macro|boundary_scan_segment|tap_port|jtag_port|test_signal|formal_verification_constraint|mbist_clock|mbist_clock_domain|pmbist_port|programmable_direct_access_function|memory_spare_column_map_data|memory_spare_column_map_address|memory_spare_column_map|memory_spare_column|memory_spare_row_map_address|memory_spare_row|memory_data_bit_structure|memory_bank_structure|address_partition|write_mask_bit|memory_lib_pin_access|memory_lib_pin_action|memory_lib_pin_test|memory_lib_pin_alias|memory_lib_cell|memory_library_domain|fuse_cell|fuse_cell_domain|test_clock|test_clock_domain|scan_segment|scan_chain|actual_scan_segment|actual_scan_chain|violation|timing_bin_path|timing_bin|arc|timing_point|timing_path|sdp_instance|sdp_column|sdp_row|sdp_group|flow_step|flow|command_option|command|level_shifter_rule|isolation_rule|macro_isolation_rule|macro_power_domain|macro_model|repeater_rule|state_retention_rule|power_mode|power_domain|nominal_condition|power_intent_command_id|power_intent_command|power_model|power_scope|congestion_box|route_type|pdomain|route_rule|blackbox|fpobject|pinstance|cluster|def_pin|pnet|specialnet|style|fill|slot|track_pattern|row|region|bump|pcell|group|extraction_grid|gcell_grid|gcell|route_blockage|place_blockage|blockage|layer|site|via|exception|cost_group|external_delay|clock|clock_domain|delay_corner|constraint_mode|analysis_view|mode|hport_bus|port_bus|constant|pin_bus|hpin_bus|pg_pin|hpin|pin|hport|port|pg_hport|pg_port|pg_hnet|pg_net|net|hnet|inst|hinst|module|design|level_shifter_group|library_domain|virtual_techelt|timing_condition|rc_corner|opcond|library_set|base_cell_set|operating_condition|wireload_selection|wireload|lib_arc|pg_lib_pin|lib_pin|seq_function|lwlib_cell|lib_cell|lwlibrary|library|pg_base_pin|base_pin|base_cell|message|message_group|attribute|obj_type|root>+]:
        object of interest (must be unique) 

Usage: ::legacy::get_attr <string>
           [<rtl_port|rtl_instance|rtl_block|rtl_module|hdl_implementation|hdl_bind|hdl_parameter|hdl_pin|hdl_subprogram|hdl_label|hdl_inst|hdl_procedure|hdl_block|hdl_component|hdl_operator|hdl_package|hdl_architecture|hdl_configuration|hdl_lib|cell_model|cell|test_bus_interface|test_bus_port|osc_source_reference|opcg_mode|opcg_domain|domain_macro_parameter|opcg_trigger|osc_source|dft_configuration_mode|jtag_instruction|jtag_instruction_register|jtag_macro|boundary_scan_segment|tap_port|jtag_port|test_signal|formal_verification_constraint|mbist_clock|mbist_clock_domain|pmbist_port|programmable_direct_access_function|memory_spare_column_map_data|memory_spare_column_map_address|memory_spare_column_map|memory_spare_column|memory_spare_row_map_address|memory_spare_row|memory_data_bit_structure|memory_bank_structure|address_partition|write_mask_bit|memory_lib_pin_access|memory_lib_pin_action|memory_lib_pin_test|memory_lib_pin_alias|memory_lib_cell|memory_library_domain|fuse_cell|fuse_cell_domain|test_clock|test_clock_domain|scan_segment|scan_chain|actual_scan_segment|actual_scan_chain|violation|timing_bin_path|timing_bin|arc|timing_point|timing_path|sdp_instance|sdp_column|sdp_row|sdp_group|flow_step|flow|command_option|command|level_shifter_rule|isolation_rule|macro_isolation_rule|macro_power_domain|macro_model|repeater_rule|state_retention_rule|power_mode|power_domain|nominal_condition|power_intent_command_id|power_intent_command|power_model|power_scope|congestion_box|route_type|pdomain|route_rule|blackbox|fpobject|pinstance|cluster|def_pin|pnet|specialnet|style|fill|slot|track_pattern|row|region|bump|pcell|group|extraction_grid|gcell_grid|gcell|route_blockage|place_blockage|blockage|layer|site|via|exception|cost_group|external_delay|clock|clock_domain|delay_corner|constraint_mode|analysis_view|mode|hport_bus|port_bus|constant|pin_bus|hpin_bus|pg_pin|hpin|pin|hport|port|pg_hport|pg_port|pg_hnet|pg_net|net|hnet|inst|hinst|module|design|level_shifter_group|library_domain|virtual_techelt|timing_condition|rc_corner|opcond|library_set|base_cell_set|operating_condition|wireload_selection|wireload|lib_arc|pg_lib_pin|lib_pin|seq_function|lwlib_cell|lib_cell|lwlibrary|library|pg_base_pin|base_pin|base_cell|message|message_group|attribute|obj_type|root>+]

    <string>:
        attribute name 
    [<rtl_port|rtl_instance|rtl_block|rtl_module|hdl_implementation|hdl_bind|hdl_parameter|hdl_pin|hdl_subprogram|hdl_label|hdl_inst|hdl_procedure|hdl_block|hdl_component|hdl_operator|hdl_package|hdl_architecture|hdl_configuration|hdl_lib|cell_model|cell|test_bus_interface|test_bus_port|osc_source_reference|opcg_mode|opcg_domain|domain_macro_parameter|opcg_trigger|osc_source|dft_configuration_mode|jtag_instruction|jtag_instruction_register|jtag_macro|boundary_scan_segment|tap_port|jtag_port|test_signal|formal_verification_constraint|mbist_clock|mbist_clock_domain|pmbist_port|programmable_direct_access_function|memory_spare_column_map_data|memory_spare_column_map_address|memory_spare_column_map|memory_spare_column|memory_spare_row_map_address|memory_spare_row|memory_data_bit_structure|memory_bank_structure|address_partition|write_mask_bit|memory_lib_pin_access|memory_lib_pin_action|memory_lib_pin_test|memory_lib_pin_alias|memory_lib_cell|memory_library_domain|fuse_cell|fuse_cell_domain|test_clock|test_clock_domain|scan_segment|scan_chain|actual_scan_segment|actual_scan_chain|violation|timing_bin_path|timing_bin|arc|timing_point|timing_path|sdp_instance|sdp_column|sdp_row|sdp_group|flow_step|flow|command_option|command|level_shifter_rule|isolation_rule|macro_isolation_rule|macro_power_domain|macro_model|repeater_rule|state_retention_rule|power_mode|power_domain|nominal_condition|power_intent_command_id|power_intent_command|power_model|power_scope|congestion_box|route_type|pdomain|route_rule|blackbox|fpobject|pinstance|cluster|def_pin|pnet|specialnet|style|fill|slot|track_pattern|row|region|bump|pcell|group|extraction_grid|gcell_grid|gcell|route_blockage|place_blockage|blockage|layer|site|via|exception|cost_group|external_delay|clock|clock_domain|delay_corner|constraint_mode|analysis_view|mode|hport_bus|port_bus|constant|pin_bus|hpin_bus|pg_pin|hpin|pin|hport|port|pg_hport|pg_port|pg_hnet|pg_net|net|hnet|inst|hinst|module|design|level_shifter_group|library_domain|virtual_techelt|timing_condition|rc_corner|opcond|library_set|base_cell_set|operating_condition|wireload_selection|wireload|lib_arc|pg_lib_pin|lib_pin|seq_function|lwlib_cell|lib_cell|lwlibrary|library|pg_base_pin|base_pin|base_cell|message|message_group|attribute|obj_type|root>+]:
        object of interest (must be unique) 

Usage: ::legacy::get_attr <string>
           [<rtl_port|rtl_instance|rtl_block|rtl_module|hdl_implementation|hdl_bind|hdl_parameter|hdl_pin|hdl_subprogram|hdl_label|hdl_inst|hdl_procedure|hdl_block|hdl_component|hdl_operator|hdl_package|hdl_architecture|hdl_configuration|hdl_lib|cell_model|cell|test_bus_interface|test_bus_port|osc_source_reference|opcg_mode|opcg_domain|domain_macro_parameter|opcg_trigger|osc_source|dft_configuration_mode|jtag_instruction|jtag_instruction_register|jtag_macro|boundary_scan_segment|tap_port|jtag_port|test_signal|formal_verification_constraint|mbist_clock|mbist_clock_domain|pmbist_port|programmable_direct_access_function|memory_spare_column_map_data|memory_spare_column_map_address|memory_spare_column_map|memory_spare_column|memory_spare_row_map_address|memory_spare_row|memory_data_bit_structure|memory_bank_structure|address_partition|write_mask_bit|memory_lib_pin_access|memory_lib_pin_action|memory_lib_pin_test|memory_lib_pin_alias|memory_lib_cell|memory_library_domain|fuse_cell|fuse_cell_domain|test_clock|test_clock_domain|scan_segment|scan_chain|actual_scan_segment|actual_scan_chain|violation|timing_bin_path|timing_bin|arc|timing_point|timing_path|sdp_instance|sdp_column|sdp_row|sdp_group|flow_step|flow|command_option|command|level_shifter_rule|isolation_rule|macro_isolation_rule|macro_power_domain|macro_model|repeater_rule|state_retention_rule|power_mode|power_domain|nominal_condition|power_intent_command_id|power_intent_command|power_model|power_scope|congestion_box|route_type|pdomain|route_rule|blackbox|fpobject|pinstance|cluster|def_pin|pnet|specialnet|style|fill|slot|track_pattern|row|region|bump|pcell|group|extraction_grid|gcell_grid|gcell|route_blockage|place_blockage|blockage|layer|site|via|exception|cost_group|external_delay|clock|clock_domain|delay_corner|constraint_mode|analysis_view|mode|hport_bus|port_bus|constant|pin_bus|hpin_bus|pg_pin|hpin|pin|hport|port|pg_hport|pg_port|pg_hnet|pg_net|net|hnet|inst|hinst|module|design|level_shifter_group|library_domain|virtual_techelt|timing_condition|rc_corner|opcond|library_set|base_cell_set|operating_condition|wireload_selection|wireload|lib_arc|pg_lib_pin|lib_pin|seq_function|lwlib_cell|lib_cell|lwlibrary|library|pg_base_pin|base_pin|base_cell|message|message_group|attribute|obj_type|root>+]

    <string>:
        attribute name 
    [<rtl_port|rtl_instance|rtl_block|rtl_module|hdl_implementation|hdl_bind|hdl_parameter|hdl_pin|hdl_subprogram|hdl_label|hdl_inst|hdl_procedure|hdl_block|hdl_component|hdl_operator|hdl_package|hdl_architecture|hdl_configuration|hdl_lib|cell_model|cell|test_bus_interface|test_bus_port|osc_source_reference|opcg_mode|opcg_domain|domain_macro_parameter|opcg_trigger|osc_source|dft_configuration_mode|jtag_instruction|jtag_instruction_register|jtag_macro|boundary_scan_segment|tap_port|jtag_port|test_signal|formal_verification_constraint|mbist_clock|mbist_clock_domain|pmbist_port|programmable_direct_access_function|memory_spare_column_map_data|memory_spare_column_map_address|memory_spare_column_map|memory_spare_column|memory_spare_row_map_address|memory_spare_row|memory_data_bit_structure|memory_bank_structure|address_partition|write_mask_bit|memory_lib_pin_access|memory_lib_pin_action|memory_lib_pin_test|memory_lib_pin_alias|memory_lib_cell|memory_library_domain|fuse_cell|fuse_cell_domain|test_clock|test_clock_domain|scan_segment|scan_chain|actual_scan_segment|actual_scan_chain|violation|timing_bin_path|timing_bin|arc|timing_point|timing_path|sdp_instance|sdp_column|sdp_row|sdp_group|flow_step|flow|command_option|command|level_shifter_rule|isolation_rule|macro_isolation_rule|macro_power_domain|macro_model|repeater_rule|state_retention_rule|power_mode|power_domain|nominal_condition|power_intent_command_id|power_intent_command|power_model|power_scope|congestion_box|route_type|pdomain|route_rule|blackbox|fpobject|pinstance|cluster|def_pin|pnet|specialnet|style|fill|slot|track_pattern|row|region|bump|pcell|group|extraction_grid|gcell_grid|gcell|route_blockage|place_blockage|blockage|layer|site|via|exception|cost_group|external_delay|clock|clock_domain|delay_corner|constraint_mode|analysis_view|mode|hport_bus|port_bus|constant|pin_bus|hpin_bus|pg_pin|hpin|pin|hport|port|pg_hport|pg_port|pg_hnet|pg_net|net|hnet|inst|hinst|module|design|level_shifter_group|library_domain|virtual_techelt|timing_condition|rc_corner|opcond|library_set|base_cell_set|operating_condition|wireload_selection|wireload|lib_arc|pg_lib_pin|lib_pin|seq_function|lwlib_cell|lib_cell|lwlibrary|library|pg_base_pin|base_pin|base_cell|message|message_group|attribute|obj_type|root>+]:
        object of interest (must be unique) 

Usage: ::legacy::get_attr <string>
           [<rtl_port|rtl_instance|rtl_block|rtl_module|hdl_implementation|hdl_bind|hdl_parameter|hdl_pin|hdl_subprogram|hdl_label|hdl_inst|hdl_procedure|hdl_block|hdl_component|hdl_operator|hdl_package|hdl_architecture|hdl_configuration|hdl_lib|cell_model|cell|test_bus_interface|test_bus_port|osc_source_reference|opcg_mode|opcg_domain|domain_macro_parameter|opcg_trigger|osc_source|dft_configuration_mode|jtag_instruction|jtag_instruction_register|jtag_macro|boundary_scan_segment|tap_port|jtag_port|test_signal|formal_verification_constraint|mbist_clock|mbist_clock_domain|pmbist_port|programmable_direct_access_function|memory_spare_column_map_data|memory_spare_column_map_address|memory_spare_column_map|memory_spare_column|memory_spare_row_map_address|memory_spare_row|memory_data_bit_structure|memory_bank_structure|address_partition|write_mask_bit|memory_lib_pin_access|memory_lib_pin_action|memory_lib_pin_test|memory_lib_pin_alias|memory_lib_cell|memory_library_domain|fuse_cell|fuse_cell_domain|test_clock|test_clock_domain|scan_segment|scan_chain|actual_scan_segment|actual_scan_chain|violation|timing_bin_path|timing_bin|arc|timing_point|timing_path|sdp_instance|sdp_column|sdp_row|sdp_group|flow_step|flow|command_option|command|level_shifter_rule|isolation_rule|macro_isolation_rule|macro_power_domain|macro_model|repeater_rule|state_retention_rule|power_mode|power_domain|nominal_condition|power_intent_command_id|power_intent_command|power_model|power_scope|congestion_box|route_type|pdomain|route_rule|blackbox|fpobject|pinstance|cluster|def_pin|pnet|specialnet|style|fill|slot|track_pattern|row|region|bump|pcell|group|extraction_grid|gcell_grid|gcell|route_blockage|place_blockage|blockage|layer|site|via|exception|cost_group|external_delay|clock|clock_domain|delay_corner|constraint_mode|analysis_view|mode|hport_bus|port_bus|constant|pin_bus|hpin_bus|pg_pin|hpin|pin|hport|port|pg_hport|pg_port|pg_hnet|pg_net|net|hnet|inst|hinst|module|design|level_shifter_group|library_domain|virtual_techelt|timing_condition|rc_corner|opcond|library_set|base_cell_set|operating_condition|wireload_selection|wireload|lib_arc|pg_lib_pin|lib_pin|seq_function|lwlib_cell|lib_cell|lwlibrary|library|pg_base_pin|base_pin|base_cell|message|message_group|attribute|obj_type|root>+]

    <string>:
        attribute name 
    [<rtl_port|rtl_instance|rtl_block|rtl_module|hdl_implementation|hdl_bind|hdl_parameter|hdl_pin|hdl_subprogram|hdl_label|hdl_inst|hdl_procedure|hdl_block|hdl_component|hdl_operator|hdl_package|hdl_architecture|hdl_configuration|hdl_lib|cell_model|cell|test_bus_interface|test_bus_port|osc_source_reference|opcg_mode|opcg_domain|domain_macro_parameter|opcg_trigger|osc_source|dft_configuration_mode|jtag_instruction|jtag_instruction_register|jtag_macro|boundary_scan_segment|tap_port|jtag_port|test_signal|formal_verification_constraint|mbist_clock|mbist_clock_domain|pmbist_port|programmable_direct_access_function|memory_spare_column_map_data|memory_spare_column_map_address|memory_spare_column_map|memory_spare_column|memory_spare_row_map_address|memory_spare_row|memory_data_bit_structure|memory_bank_structure|address_partition|write_mask_bit|memory_lib_pin_access|memory_lib_pin_action|memory_lib_pin_test|memory_lib_pin_alias|memory_lib_cell|memory_library_domain|fuse_cell|fuse_cell_domain|test_clock|test_clock_domain|scan_segment|scan_chain|actual_scan_segment|actual_scan_chain|violation|timing_bin_path|timing_bin|arc|timing_point|timing_path|sdp_instance|sdp_column|sdp_row|sdp_group|flow_step|flow|command_option|command|level_shifter_rule|isolation_rule|macro_isolation_rule|macro_power_domain|macro_model|repeater_rule|state_retention_rule|power_mode|power_domain|nominal_condition|power_intent_command_id|power_intent_command|power_model|power_scope|congestion_box|route_type|pdomain|route_rule|blackbox|fpobject|pinstance|cluster|def_pin|pnet|specialnet|style|fill|slot|track_pattern|row|region|bump|pcell|group|extraction_grid|gcell_grid|gcell|route_blockage|place_blockage|blockage|layer|site|via|exception|cost_group|external_delay|clock|clock_domain|delay_corner|constraint_mode|analysis_view|mode|hport_bus|port_bus|constant|pin_bus|hpin_bus|pg_pin|hpin|pin|hport|port|pg_hport|pg_port|pg_hnet|pg_net|net|hnet|inst|hinst|module|design|level_shifter_group|library_domain|virtual_techelt|timing_condition|rc_corner|opcond|library_set|base_cell_set|operating_condition|wireload_selection|wireload|lib_arc|pg_lib_pin|lib_pin|seq_function|lwlib_cell|lib_cell|lwlibrary|library|pg_base_pin|base_pin|base_cell|message|message_group|attribute|obj_type|root>+]:
        object of interest (must be unique) 

Usage: ::legacy::get_attr <string>
           [<rtl_port|rtl_instance|rtl_block|rtl_module|hdl_implementation|hdl_bind|hdl_parameter|hdl_pin|hdl_subprogram|hdl_label|hdl_inst|hdl_procedure|hdl_block|hdl_component|hdl_operator|hdl_package|hdl_architecture|hdl_configuration|hdl_lib|cell_model|cell|test_bus_interface|test_bus_port|osc_source_reference|opcg_mode|opcg_domain|domain_macro_parameter|opcg_trigger|osc_source|dft_configuration_mode|jtag_instruction|jtag_instruction_register|jtag_macro|boundary_scan_segment|tap_port|jtag_port|test_signal|formal_verification_constraint|mbist_clock|mbist_clock_domain|pmbist_port|programmable_direct_access_function|memory_spare_column_map_data|memory_spare_column_map_address|memory_spare_column_map|memory_spare_column|memory_spare_row_map_address|memory_spare_row|memory_data_bit_structure|memory_bank_structure|address_partition|write_mask_bit|memory_lib_pin_access|memory_lib_pin_action|memory_lib_pin_test|memory_lib_pin_alias|memory_lib_cell|memory_library_domain|fuse_cell|fuse_cell_domain|test_clock|test_clock_domain|scan_segment|scan_chain|actual_scan_segment|actual_scan_chain|violation|timing_bin_path|timing_bin|arc|timing_point|timing_path|sdp_instance|sdp_column|sdp_row|sdp_group|flow_step|flow|command_option|command|level_shifter_rule|isolation_rule|macro_isolation_rule|macro_power_domain|macro_model|repeater_rule|state_retention_rule|power_mode|power_domain|nominal_condition|power_intent_command_id|power_intent_command|power_model|power_scope|congestion_box|route_type|pdomain|route_rule|blackbox|fpobject|pinstance|cluster|def_pin|pnet|specialnet|style|fill|slot|track_pattern|row|region|bump|pcell|group|extraction_grid|gcell_grid|gcell|route_blockage|place_blockage|blockage|layer|site|via|exception|cost_group|external_delay|clock|clock_domain|delay_corner|constraint_mode|analysis_view|mode|hport_bus|port_bus|constant|pin_bus|hpin_bus|pg_pin|hpin|pin|hport|port|pg_hport|pg_port|pg_hnet|pg_net|net|hnet|inst|hinst|module|design|level_shifter_group|library_domain|virtual_techelt|timing_condition|rc_corner|opcond|library_set|base_cell_set|operating_condition|wireload_selection|wireload|lib_arc|pg_lib_pin|lib_pin|seq_function|lwlib_cell|lib_cell|lwlibrary|library|pg_base_pin|base_pin|base_cell|message|message_group|attribute|obj_type|root>+]

    <string>:
        attribute name 
    [<rtl_port|rtl_instance|rtl_block|rtl_module|hdl_implementation|hdl_bind|hdl_parameter|hdl_pin|hdl_subprogram|hdl_label|hdl_inst|hdl_procedure|hdl_block|hdl_component|hdl_operator|hdl_package|hdl_architecture|hdl_configuration|hdl_lib|cell_model|cell|test_bus_interface|test_bus_port|osc_source_reference|opcg_mode|opcg_domain|domain_macro_parameter|opcg_trigger|osc_source|dft_configuration_mode|jtag_instruction|jtag_instruction_register|jtag_macro|boundary_scan_segment|tap_port|jtag_port|test_signal|formal_verification_constraint|mbist_clock|mbist_clock_domain|pmbist_port|programmable_direct_access_function|memory_spare_column_map_data|memory_spare_column_map_address|memory_spare_column_map|memory_spare_column|memory_spare_row_map_address|memory_spare_row|memory_data_bit_structure|memory_bank_structure|address_partition|write_mask_bit|memory_lib_pin_access|memory_lib_pin_action|memory_lib_pin_test|memory_lib_pin_alias|memory_lib_cell|memory_library_domain|fuse_cell|fuse_cell_domain|test_clock|test_clock_domain|scan_segment|scan_chain|actual_scan_segment|actual_scan_chain|violation|timing_bin_path|timing_bin|arc|timing_point|timing_path|sdp_instance|sdp_column|sdp_row|sdp_group|flow_step|flow|command_option|command|level_shifter_rule|isolation_rule|macro_isolation_rule|macro_power_domain|macro_model|repeater_rule|state_retention_rule|power_mode|power_domain|nominal_condition|power_intent_command_id|power_intent_command|power_model|power_scope|congestion_box|route_type|pdomain|route_rule|blackbox|fpobject|pinstance|cluster|def_pin|pnet|specialnet|style|fill|slot|track_pattern|row|region|bump|pcell|group|extraction_grid|gcell_grid|gcell|route_blockage|place_blockage|blockage|layer|site|via|exception|cost_group|external_delay|clock|clock_domain|delay_corner|constraint_mode|analysis_view|mode|hport_bus|port_bus|constant|pin_bus|hpin_bus|pg_pin|hpin|pin|hport|port|pg_hport|pg_port|pg_hnet|pg_net|net|hnet|inst|hinst|module|design|level_shifter_group|library_domain|virtual_techelt|timing_condition|rc_corner|opcond|library_set|base_cell_set|operating_condition|wireload_selection|wireload|lib_arc|pg_lib_pin|lib_pin|seq_function|lwlib_cell|lib_cell|lwlibrary|library|pg_base_pin|base_pin|base_cell|message|message_group|attribute|obj_type|root>+]:
        object of interest (must be unique) 

Usage: ::legacy::get_attr <string>
           [<rtl_port|rtl_instance|rtl_block|rtl_module|hdl_implementation|hdl_bind|hdl_parameter|hdl_pin|hdl_subprogram|hdl_label|hdl_inst|hdl_procedure|hdl_block|hdl_component|hdl_operator|hdl_package|hdl_architecture|hdl_configuration|hdl_lib|cell_model|cell|test_bus_interface|test_bus_port|osc_source_reference|opcg_mode|opcg_domain|domain_macro_parameter|opcg_trigger|osc_source|dft_configuration_mode|jtag_instruction|jtag_instruction_register|jtag_macro|boundary_scan_segment|tap_port|jtag_port|test_signal|formal_verification_constraint|mbist_clock|mbist_clock_domain|pmbist_port|programmable_direct_access_function|memory_spare_column_map_data|memory_spare_column_map_address|memory_spare_column_map|memory_spare_column|memory_spare_row_map_address|memory_spare_row|memory_data_bit_structure|memory_bank_structure|address_partition|write_mask_bit|memory_lib_pin_access|memory_lib_pin_action|memory_lib_pin_test|memory_lib_pin_alias|memory_lib_cell|memory_library_domain|fuse_cell|fuse_cell_domain|test_clock|test_clock_domain|scan_segment|scan_chain|actual_scan_segment|actual_scan_chain|violation|timing_bin_path|timing_bin|arc|timing_point|timing_path|sdp_instance|sdp_column|sdp_row|sdp_group|flow_step|flow|command_option|command|level_shifter_rule|isolation_rule|macro_isolation_rule|macro_power_domain|macro_model|repeater_rule|state_retention_rule|power_mode|power_domain|nominal_condition|power_intent_command_id|power_intent_command|power_model|power_scope|congestion_box|route_type|pdomain|route_rule|blackbox|fpobject|pinstance|cluster|def_pin|pnet|specialnet|style|fill|slot|track_pattern|row|region|bump|pcell|group|extraction_grid|gcell_grid|gcell|route_blockage|place_blockage|blockage|layer|site|via|exception|cost_group|external_delay|clock|clock_domain|delay_corner|constraint_mode|analysis_view|mode|hport_bus|port_bus|constant|pin_bus|hpin_bus|pg_pin|hpin|pin|hport|port|pg_hport|pg_port|pg_hnet|pg_net|net|hnet|inst|hinst|module|design|level_shifter_group|library_domain|virtual_techelt|timing_condition|rc_corner|opcond|library_set|base_cell_set|operating_condition|wireload_selection|wireload|lib_arc|pg_lib_pin|lib_pin|seq_function|lwlib_cell|lib_cell|lwlibrary|library|pg_base_pin|base_pin|base_cell|message|message_group|attribute|obj_type|root>+]

    <string>:
        attribute name 
    [<rtl_port|rtl_instance|rtl_block|rtl_module|hdl_implementation|hdl_bind|hdl_parameter|hdl_pin|hdl_subprogram|hdl_label|hdl_inst|hdl_procedure|hdl_block|hdl_component|hdl_operator|hdl_package|hdl_architecture|hdl_configuration|hdl_lib|cell_model|cell|test_bus_interface|test_bus_port|osc_source_reference|opcg_mode|opcg_domain|domain_macro_parameter|opcg_trigger|osc_source|dft_configuration_mode|jtag_instruction|jtag_instruction_register|jtag_macro|boundary_scan_segment|tap_port|jtag_port|test_signal|formal_verification_constraint|mbist_clock|mbist_clock_domain|pmbist_port|programmable_direct_access_function|memory_spare_column_map_data|memory_spare_column_map_address|memory_spare_column_map|memory_spare_column|memory_spare_row_map_address|memory_spare_row|memory_data_bit_structure|memory_bank_structure|address_partition|write_mask_bit|memory_lib_pin_access|memory_lib_pin_action|memory_lib_pin_test|memory_lib_pin_alias|memory_lib_cell|memory_library_domain|fuse_cell|fuse_cell_domain|test_clock|test_clock_domain|scan_segment|scan_chain|actual_scan_segment|actual_scan_chain|violation|timing_bin_path|timing_bin|arc|timing_point|timing_path|sdp_instance|sdp_column|sdp_row|sdp_group|flow_step|flow|command_option|command|level_shifter_rule|isolation_rule|macro_isolation_rule|macro_power_domain|macro_model|repeater_rule|state_retention_rule|power_mode|power_domain|nominal_condition|power_intent_command_id|power_intent_command|power_model|power_scope|congestion_box|route_type|pdomain|route_rule|blackbox|fpobject|pinstance|cluster|def_pin|pnet|specialnet|style|fill|slot|track_pattern|row|region|bump|pcell|group|extraction_grid|gcell_grid|gcell|route_blockage|place_blockage|blockage|layer|site|via|exception|cost_group|external_delay|clock|clock_domain|delay_corner|constraint_mode|analysis_view|mode|hport_bus|port_bus|constant|pin_bus|hpin_bus|pg_pin|hpin|pin|hport|port|pg_hport|pg_port|pg_hnet|pg_net|net|hnet|inst|hinst|module|design|level_shifter_group|library_domain|virtual_techelt|timing_condition|rc_corner|opcond|library_set|base_cell_set|operating_condition|wireload_selection|wireload|lib_arc|pg_lib_pin|lib_pin|seq_function|lwlib_cell|lib_cell|lwlibrary|library|pg_base_pin|base_pin|base_cell|message|message_group|attribute|obj_type|root>+]:
        object of interest (must be unique) 

Usage: ::legacy::get_attr <string>
           [<rtl_port|rtl_instance|rtl_block|rtl_module|hdl_implementation|hdl_bind|hdl_parameter|hdl_pin|hdl_subprogram|hdl_label|hdl_inst|hdl_procedure|hdl_block|hdl_component|hdl_operator|hdl_package|hdl_architecture|hdl_configuration|hdl_lib|cell_model|cell|test_bus_interface|test_bus_port|osc_source_reference|opcg_mode|opcg_domain|domain_macro_parameter|opcg_trigger|osc_source|dft_configuration_mode|jtag_instruction|jtag_instruction_register|jtag_macro|boundary_scan_segment|tap_port|jtag_port|test_signal|formal_verification_constraint|mbist_clock|mbist_clock_domain|pmbist_port|programmable_direct_access_function|memory_spare_column_map_data|memory_spare_column_map_address|memory_spare_column_map|memory_spare_column|memory_spare_row_map_address|memory_spare_row|memory_data_bit_structure|memory_bank_structure|address_partition|write_mask_bit|memory_lib_pin_access|memory_lib_pin_action|memory_lib_pin_test|memory_lib_pin_alias|memory_lib_cell|memory_library_domain|fuse_cell|fuse_cell_domain|test_clock|test_clock_domain|scan_segment|scan_chain|actual_scan_segment|actual_scan_chain|violation|timing_bin_path|timing_bin|arc|timing_point|timing_path|sdp_instance|sdp_column|sdp_row|sdp_group|flow_step|flow|command_option|command|level_shifter_rule|isolation_rule|macro_isolation_rule|macro_power_domain|macro_model|repeater_rule|state_retention_rule|power_mode|power_domain|nominal_condition|power_intent_command_id|power_intent_command|power_model|power_scope|congestion_box|route_type|pdomain|route_rule|blackbox|fpobject|pinstance|cluster|def_pin|pnet|specialnet|style|fill|slot|track_pattern|row|region|bump|pcell|group|extraction_grid|gcell_grid|gcell|route_blockage|place_blockage|blockage|layer|site|via|exception|cost_group|external_delay|clock|clock_domain|delay_corner|constraint_mode|analysis_view|mode|hport_bus|port_bus|constant|pin_bus|hpin_bus|pg_pin|hpin|pin|hport|port|pg_hport|pg_port|pg_hnet|pg_net|net|hnet|inst|hinst|module|design|level_shifter_group|library_domain|virtual_techelt|timing_condition|rc_corner|opcond|library_set|base_cell_set|operating_condition|wireload_selection|wireload|lib_arc|pg_lib_pin|lib_pin|seq_function|lwlib_cell|lib_cell|lwlibrary|library|pg_base_pin|base_pin|base_cell|message|message_group|attribute|obj_type|root>+]

    <string>:
        attribute name 
    [<rtl_port|rtl_instance|rtl_block|rtl_module|hdl_implementation|hdl_bind|hdl_parameter|hdl_pin|hdl_subprogram|hdl_label|hdl_inst|hdl_procedure|hdl_block|hdl_component|hdl_operator|hdl_package|hdl_architecture|hdl_configuration|hdl_lib|cell_model|cell|test_bus_interface|test_bus_port|osc_source_reference|opcg_mode|opcg_domain|domain_macro_parameter|opcg_trigger|osc_source|dft_configuration_mode|jtag_instruction|jtag_instruction_register|jtag_macro|boundary_scan_segment|tap_port|jtag_port|test_signal|formal_verification_constraint|mbist_clock|mbist_clock_domain|pmbist_port|programmable_direct_access_function|memory_spare_column_map_data|memory_spare_column_map_address|memory_spare_column_map|memory_spare_column|memory_spare_row_map_address|memory_spare_row|memory_data_bit_structure|memory_bank_structure|address_partition|write_mask_bit|memory_lib_pin_access|memory_lib_pin_action|memory_lib_pin_test|memory_lib_pin_alias|memory_lib_cell|memory_library_domain|fuse_cell|fuse_cell_domain|test_clock|test_clock_domain|scan_segment|scan_chain|actual_scan_segment|actual_scan_chain|violation|timing_bin_path|timing_bin|arc|timing_point|timing_path|sdp_instance|sdp_column|sdp_row|sdp_group|flow_step|flow|command_option|command|level_shifter_rule|isolation_rule|macro_isolation_rule|macro_power_domain|macro_model|repeater_rule|state_retention_rule|power_mode|power_domain|nominal_condition|power_intent_command_id|power_intent_command|power_model|power_scope|congestion_box|route_type|pdomain|route_rule|blackbox|fpobject|pinstance|cluster|def_pin|pnet|specialnet|style|fill|slot|track_pattern|row|region|bump|pcell|group|extraction_grid|gcell_grid|gcell|route_blockage|place_blockage|blockage|layer|site|via|exception|cost_group|external_delay|clock|clock_domain|delay_corner|constraint_mode|analysis_view|mode|hport_bus|port_bus|constant|pin_bus|hpin_bus|pg_pin|hpin|pin|hport|port|pg_hport|pg_port|pg_hnet|pg_net|net|hnet|inst|hinst|module|design|level_shifter_group|library_domain|virtual_techelt|timing_condition|rc_corner|opcond|library_set|base_cell_set|operating_condition|wireload_selection|wireload|lib_arc|pg_lib_pin|lib_pin|seq_function|lwlib_cell|lib_cell|lwlibrary|library|pg_base_pin|base_pin|base_cell|message|message_group|attribute|obj_type|root>+]:
        object of interest (must be unique) 

Usage: ::legacy::get_attr <string>
           [<rtl_port|rtl_instance|rtl_block|rtl_module|hdl_implementation|hdl_bind|hdl_parameter|hdl_pin|hdl_subprogram|hdl_label|hdl_inst|hdl_procedure|hdl_block|hdl_component|hdl_operator|hdl_package|hdl_architecture|hdl_configuration|hdl_lib|cell_model|cell|test_bus_interface|test_bus_port|osc_source_reference|opcg_mode|opcg_domain|domain_macro_parameter|opcg_trigger|osc_source|dft_configuration_mode|jtag_instruction|jtag_instruction_register|jtag_macro|boundary_scan_segment|tap_port|jtag_port|test_signal|formal_verification_constraint|mbist_clock|mbist_clock_domain|pmbist_port|programmable_direct_access_function|memory_spare_column_map_data|memory_spare_column_map_address|memory_spare_column_map|memory_spare_column|memory_spare_row_map_address|memory_spare_row|memory_data_bit_structure|memory_bank_structure|address_partition|write_mask_bit|memory_lib_pin_access|memory_lib_pin_action|memory_lib_pin_test|memory_lib_pin_alias|memory_lib_cell|memory_library_domain|fuse_cell|fuse_cell_domain|test_clock|test_clock_domain|scan_segment|scan_chain|actual_scan_segment|actual_scan_chain|violation|timing_bin_path|timing_bin|arc|timing_point|timing_path|sdp_instance|sdp_column|sdp_row|sdp_group|flow_step|flow|command_option|command|level_shifter_rule|isolation_rule|macro_isolation_rule|macro_power_domain|macro_model|repeater_rule|state_retention_rule|power_mode|power_domain|nominal_condition|power_intent_command_id|power_intent_command|power_model|power_scope|congestion_box|route_type|pdomain|route_rule|blackbox|fpobject|pinstance|cluster|def_pin|pnet|specialnet|style|fill|slot|track_pattern|row|region|bump|pcell|group|extraction_grid|gcell_grid|gcell|route_blockage|place_blockage|blockage|layer|site|via|exception|cost_group|external_delay|clock|clock_domain|delay_corner|constraint_mode|analysis_view|mode|hport_bus|port_bus|constant|pin_bus|hpin_bus|pg_pin|hpin|pin|hport|port|pg_hport|pg_port|pg_hnet|pg_net|net|hnet|inst|hinst|module|design|level_shifter_group|library_domain|virtual_techelt|timing_condition|rc_corner|opcond|library_set|base_cell_set|operating_condition|wireload_selection|wireload|lib_arc|pg_lib_pin|lib_pin|seq_function|lwlib_cell|lib_cell|lwlibrary|library|pg_base_pin|base_pin|base_cell|message|message_group|attribute|obj_type|root>+]

    <string>:
        attribute name 
    [<rtl_port|rtl_instance|rtl_block|rtl_module|hdl_implementation|hdl_bind|hdl_parameter|hdl_pin|hdl_subprogram|hdl_label|hdl_inst|hdl_procedure|hdl_block|hdl_component|hdl_operator|hdl_package|hdl_architecture|hdl_configuration|hdl_lib|cell_model|cell|test_bus_interface|test_bus_port|osc_source_reference|opcg_mode|opcg_domain|domain_macro_parameter|opcg_trigger|osc_source|dft_configuration_mode|jtag_instruction|jtag_instruction_register|jtag_macro|boundary_scan_segment|tap_port|jtag_port|test_signal|formal_verification_constraint|mbist_clock|mbist_clock_domain|pmbist_port|programmable_direct_access_function|memory_spare_column_map_data|memory_spare_column_map_address|memory_spare_column_map|memory_spare_column|memory_spare_row_map_address|memory_spare_row|memory_data_bit_structure|memory_bank_structure|address_partition|write_mask_bit|memory_lib_pin_access|memory_lib_pin_action|memory_lib_pin_test|memory_lib_pin_alias|memory_lib_cell|memory_library_domain|fuse_cell|fuse_cell_domain|test_clock|test_clock_domain|scan_segment|scan_chain|actual_scan_segment|actual_scan_chain|violation|timing_bin_path|timing_bin|arc|timing_point|timing_path|sdp_instance|sdp_column|sdp_row|sdp_group|flow_step|flow|command_option|command|level_shifter_rule|isolation_rule|macro_isolation_rule|macro_power_domain|macro_model|repeater_rule|state_retention_rule|power_mode|power_domain|nominal_condition|power_intent_command_id|power_intent_command|power_model|power_scope|congestion_box|route_type|pdomain|route_rule|blackbox|fpobject|pinstance|cluster|def_pin|pnet|specialnet|style|fill|slot|track_pattern|row|region|bump|pcell|group|extraction_grid|gcell_grid|gcell|route_blockage|place_blockage|blockage|layer|site|via|exception|cost_group|external_delay|clock|clock_domain|delay_corner|constraint_mode|analysis_view|mode|hport_bus|port_bus|constant|pin_bus|hpin_bus|pg_pin|hpin|pin|hport|port|pg_hport|pg_port|pg_hnet|pg_net|net|hnet|inst|hinst|module|design|level_shifter_group|library_domain|virtual_techelt|timing_condition|rc_corner|opcond|library_set|base_cell_set|operating_condition|wireload_selection|wireload|lib_arc|pg_lib_pin|lib_pin|seq_function|lwlib_cell|lib_cell|lwlibrary|library|pg_base_pin|base_pin|base_cell|message|message_group|attribute|obj_type|root>+]:
        object of interest (must be unique) 

Usage: ::legacy::get_attr <string>
           [<rtl_port|rtl_instance|rtl_block|rtl_module|hdl_implementation|hdl_bind|hdl_parameter|hdl_pin|hdl_subprogram|hdl_label|hdl_inst|hdl_procedure|hdl_block|hdl_component|hdl_operator|hdl_package|hdl_architecture|hdl_configuration|hdl_lib|cell_model|cell|test_bus_interface|test_bus_port|osc_source_reference|opcg_mode|opcg_domain|domain_macro_parameter|opcg_trigger|osc_source|dft_configuration_mode|jtag_instruction|jtag_instruction_register|jtag_macro|boundary_scan_segment|tap_port|jtag_port|test_signal|formal_verification_constraint|mbist_clock|mbist_clock_domain|pmbist_port|programmable_direct_access_function|memory_spare_column_map_data|memory_spare_column_map_address|memory_spare_column_map|memory_spare_column|memory_spare_row_map_address|memory_spare_row|memory_data_bit_structure|memory_bank_structure|address_partition|write_mask_bit|memory_lib_pin_access|memory_lib_pin_action|memory_lib_pin_test|memory_lib_pin_alias|memory_lib_cell|memory_library_domain|fuse_cell|fuse_cell_domain|test_clock|test_clock_domain|scan_segment|scan_chain|actual_scan_segment|actual_scan_chain|violation|timing_bin_path|timing_bin|arc|timing_point|timing_path|sdp_instance|sdp_column|sdp_row|sdp_group|flow_step|flow|command_option|command|level_shifter_rule|isolation_rule|macro_isolation_rule|macro_power_domain|macro_model|repeater_rule|state_retention_rule|power_mode|power_domain|nominal_condition|power_intent_command_id|power_intent_command|power_model|power_scope|congestion_box|route_type|pdomain|route_rule|blackbox|fpobject|pinstance|cluster|def_pin|pnet|specialnet|style|fill|slot|track_pattern|row|region|bump|pcell|group|extraction_grid|gcell_grid|gcell|route_blockage|place_blockage|blockage|layer|site|via|exception|cost_group|external_delay|clock|clock_domain|delay_corner|constraint_mode|analysis_view|mode|hport_bus|port_bus|constant|pin_bus|hpin_bus|pg_pin|hpin|pin|hport|port|pg_hport|pg_port|pg_hnet|pg_net|net|hnet|inst|hinst|module|design|level_shifter_group|library_domain|virtual_techelt|timing_condition|rc_corner|opcond|library_set|base_cell_set|operating_condition|wireload_selection|wireload|lib_arc|pg_lib_pin|lib_pin|seq_function|lwlib_cell|lib_cell|lwlibrary|library|pg_base_pin|base_pin|base_cell|message|message_group|attribute|obj_type|root>+]

    <string>:
        attribute name 
    [<rtl_port|rtl_instance|rtl_block|rtl_module|hdl_implementation|hdl_bind|hdl_parameter|hdl_pin|hdl_subprogram|hdl_label|hdl_inst|hdl_procedure|hdl_block|hdl_component|hdl_operator|hdl_package|hdl_architecture|hdl_configuration|hdl_lib|cell_model|cell|test_bus_interface|test_bus_port|osc_source_reference|opcg_mode|opcg_domain|domain_macro_parameter|opcg_trigger|osc_source|dft_configuration_mode|jtag_instruction|jtag_instruction_register|jtag_macro|boundary_scan_segment|tap_port|jtag_port|test_signal|formal_verification_constraint|mbist_clock|mbist_clock_domain|pmbist_port|programmable_direct_access_function|memory_spare_column_map_data|memory_spare_column_map_address|memory_spare_column_map|memory_spare_column|memory_spare_row_map_address|memory_spare_row|memory_data_bit_structure|memory_bank_structure|address_partition|write_mask_bit|memory_lib_pin_access|memory_lib_pin_action|memory_lib_pin_test|memory_lib_pin_alias|memory_lib_cell|memory_library_domain|fuse_cell|fuse_cell_domain|test_clock|test_clock_domain|scan_segment|scan_chain|actual_scan_segment|actual_scan_chain|violation|timing_bin_path|timing_bin|arc|timing_point|timing_path|sdp_instance|sdp_column|sdp_row|sdp_group|flow_step|flow|command_option|command|level_shifter_rule|isolation_rule|macro_isolation_rule|macro_power_domain|macro_model|repeater_rule|state_retention_rule|power_mode|power_domain|nominal_condition|power_intent_command_id|power_intent_command|power_model|power_scope|congestion_box|route_type|pdomain|route_rule|blackbox|fpobject|pinstance|cluster|def_pin|pnet|specialnet|style|fill|slot|track_pattern|row|region|bump|pcell|group|extraction_grid|gcell_grid|gcell|route_blockage|place_blockage|blockage|layer|site|via|exception|cost_group|external_delay|clock|clock_domain|delay_corner|constraint_mode|analysis_view|mode|hport_bus|port_bus|constant|pin_bus|hpin_bus|pg_pin|hpin|pin|hport|port|pg_hport|pg_port|pg_hnet|pg_net|net|hnet|inst|hinst|module|design|level_shifter_group|library_domain|virtual_techelt|timing_condition|rc_corner|opcond|library_set|base_cell_set|operating_condition|wireload_selection|wireload|lib_arc|pg_lib_pin|lib_pin|seq_function|lwlib_cell|lib_cell|lwlibrary|library|pg_base_pin|base_pin|base_cell|message|message_group|attribute|obj_type|root>+]:
        object of interest (must be unique) 

Usage: ::legacy::get_attr <string>
           [<rtl_port|rtl_instance|rtl_block|rtl_module|hdl_implementation|hdl_bind|hdl_parameter|hdl_pin|hdl_subprogram|hdl_label|hdl_inst|hdl_procedure|hdl_block|hdl_component|hdl_operator|hdl_package|hdl_architecture|hdl_configuration|hdl_lib|cell_model|cell|test_bus_interface|test_bus_port|osc_source_reference|opcg_mode|opcg_domain|domain_macro_parameter|opcg_trigger|osc_source|dft_configuration_mode|jtag_instruction|jtag_instruction_register|jtag_macro|boundary_scan_segment|tap_port|jtag_port|test_signal|formal_verification_constraint|mbist_clock|mbist_clock_domain|pmbist_port|programmable_direct_access_function|memory_spare_column_map_data|memory_spare_column_map_address|memory_spare_column_map|memory_spare_column|memory_spare_row_map_address|memory_spare_row|memory_data_bit_structure|memory_bank_structure|address_partition|write_mask_bit|memory_lib_pin_access|memory_lib_pin_action|memory_lib_pin_test|memory_lib_pin_alias|memory_lib_cell|memory_library_domain|fuse_cell|fuse_cell_domain|test_clock|test_clock_domain|scan_segment|scan_chain|actual_scan_segment|actual_scan_chain|violation|timing_bin_path|timing_bin|arc|timing_point|timing_path|sdp_instance|sdp_column|sdp_row|sdp_group|flow_step|flow|command_option|command|level_shifter_rule|isolation_rule|macro_isolation_rule|macro_power_domain|macro_model|repeater_rule|state_retention_rule|power_mode|power_domain|nominal_condition|power_intent_command_id|power_intent_command|power_model|power_scope|congestion_box|route_type|pdomain|route_rule|blackbox|fpobject|pinstance|cluster|def_pin|pnet|specialnet|style|fill|slot|track_pattern|row|region|bump|pcell|group|extraction_grid|gcell_grid|gcell|route_blockage|place_blockage|blockage|layer|site|via|exception|cost_group|external_delay|clock|clock_domain|delay_corner|constraint_mode|analysis_view|mode|hport_bus|port_bus|constant|pin_bus|hpin_bus|pg_pin|hpin|pin|hport|port|pg_hport|pg_port|pg_hnet|pg_net|net|hnet|inst|hinst|module|design|level_shifter_group|library_domain|virtual_techelt|timing_condition|rc_corner|opcond|library_set|base_cell_set|operating_condition|wireload_selection|wireload|lib_arc|pg_lib_pin|lib_pin|seq_function|lwlib_cell|lib_cell|lwlibrary|library|pg_base_pin|base_pin|base_cell|message|message_group|attribute|obj_type|root>+]

    <string>:
        attribute name 
    [<rtl_port|rtl_instance|rtl_block|rtl_module|hdl_implementation|hdl_bind|hdl_parameter|hdl_pin|hdl_subprogram|hdl_label|hdl_inst|hdl_procedure|hdl_block|hdl_component|hdl_operator|hdl_package|hdl_architecture|hdl_configuration|hdl_lib|cell_model|cell|test_bus_interface|test_bus_port|osc_source_reference|opcg_mode|opcg_domain|domain_macro_parameter|opcg_trigger|osc_source|dft_configuration_mode|jtag_instruction|jtag_instruction_register|jtag_macro|boundary_scan_segment|tap_port|jtag_port|test_signal|formal_verification_constraint|mbist_clock|mbist_clock_domain|pmbist_port|programmable_direct_access_function|memory_spare_column_map_data|memory_spare_column_map_address|memory_spare_column_map|memory_spare_column|memory_spare_row_map_address|memory_spare_row|memory_data_bit_structure|memory_bank_structure|address_partition|write_mask_bit|memory_lib_pin_access|memory_lib_pin_action|memory_lib_pin_test|memory_lib_pin_alias|memory_lib_cell|memory_library_domain|fuse_cell|fuse_cell_domain|test_clock|test_clock_domain|scan_segment|scan_chain|actual_scan_segment|actual_scan_chain|violation|timing_bin_path|timing_bin|arc|timing_point|timing_path|sdp_instance|sdp_column|sdp_row|sdp_group|flow_step|flow|command_option|command|level_shifter_rule|isolation_rule|macro_isolation_rule|macro_power_domain|macro_model|repeater_rule|state_retention_rule|power_mode|power_domain|nominal_condition|power_intent_command_id|power_intent_command|power_model|power_scope|congestion_box|route_type|pdomain|route_rule|blackbox|fpobject|pinstance|cluster|def_pin|pnet|specialnet|style|fill|slot|track_pattern|row|region|bump|pcell|group|extraction_grid|gcell_grid|gcell|route_blockage|place_blockage|blockage|layer|site|via|exception|cost_group|external_delay|clock|clock_domain|delay_corner|constraint_mode|analysis_view|mode|hport_bus|port_bus|constant|pin_bus|hpin_bus|pg_pin|hpin|pin|hport|port|pg_hport|pg_port|pg_hnet|pg_net|net|hnet|inst|hinst|module|design|level_shifter_group|library_domain|virtual_techelt|timing_condition|rc_corner|opcond|library_set|base_cell_set|operating_condition|wireload_selection|wireload|lib_arc|pg_lib_pin|lib_pin|seq_function|lwlib_cell|lib_cell|lwlibrary|library|pg_base_pin|base_pin|base_cell|message|message_group|attribute|obj_type|root>+]:
        object of interest (must be unique) 

Usage: ::legacy::get_attr <string>
           [<rtl_port|rtl_instance|rtl_block|rtl_module|hdl_implementation|hdl_bind|hdl_parameter|hdl_pin|hdl_subprogram|hdl_label|hdl_inst|hdl_procedure|hdl_block|hdl_component|hdl_operator|hdl_package|hdl_architecture|hdl_configuration|hdl_lib|cell_model|cell|test_bus_interface|test_bus_port|osc_source_reference|opcg_mode|opcg_domain|domain_macro_parameter|opcg_trigger|osc_source|dft_configuration_mode|jtag_instruction|jtag_instruction_register|jtag_macro|boundary_scan_segment|tap_port|jtag_port|test_signal|formal_verification_constraint|mbist_clock|mbist_clock_domain|pmbist_port|programmable_direct_access_function|memory_spare_column_map_data|memory_spare_column_map_address|memory_spare_column_map|memory_spare_column|memory_spare_row_map_address|memory_spare_row|memory_data_bit_structure|memory_bank_structure|address_partition|write_mask_bit|memory_lib_pin_access|memory_lib_pin_action|memory_lib_pin_test|memory_lib_pin_alias|memory_lib_cell|memory_library_domain|fuse_cell|fuse_cell_domain|test_clock|test_clock_domain|scan_segment|scan_chain|actual_scan_segment|actual_scan_chain|violation|timing_bin_path|timing_bin|arc|timing_point|timing_path|sdp_instance|sdp_column|sdp_row|sdp_group|flow_step|flow|command_option|command|level_shifter_rule|isolation_rule|macro_isolation_rule|macro_power_domain|macro_model|repeater_rule|state_retention_rule|power_mode|power_domain|nominal_condition|power_intent_command_id|power_intent_command|power_model|power_scope|congestion_box|route_type|pdomain|route_rule|blackbox|fpobject|pinstance|cluster|def_pin|pnet|specialnet|style|fill|slot|track_pattern|row|region|bump|pcell|group|extraction_grid|gcell_grid|gcell|route_blockage|place_blockage|blockage|layer|site|via|exception|cost_group|external_delay|clock|clock_domain|delay_corner|constraint_mode|analysis_view|mode|hport_bus|port_bus|constant|pin_bus|hpin_bus|pg_pin|hpin|pin|hport|port|pg_hport|pg_port|pg_hnet|pg_net|net|hnet|inst|hinst|module|design|level_shifter_group|library_domain|virtual_techelt|timing_condition|rc_corner|opcond|library_set|base_cell_set|operating_condition|wireload_selection|wireload|lib_arc|pg_lib_pin|lib_pin|seq_function|lwlib_cell|lib_cell|lwlibrary|library|pg_base_pin|base_pin|base_cell|message|message_group|attribute|obj_type|root>+]

    <string>:
        attribute name 
    [<rtl_port|rtl_instance|rtl_block|rtl_module|hdl_implementation|hdl_bind|hdl_parameter|hdl_pin|hdl_subprogram|hdl_label|hdl_inst|hdl_procedure|hdl_block|hdl_component|hdl_operator|hdl_package|hdl_architecture|hdl_configuration|hdl_lib|cell_model|cell|test_bus_interface|test_bus_port|osc_source_reference|opcg_mode|opcg_domain|domain_macro_parameter|opcg_trigger|osc_source|dft_configuration_mode|jtag_instruction|jtag_instruction_register|jtag_macro|boundary_scan_segment|tap_port|jtag_port|test_signal|formal_verification_constraint|mbist_clock|mbist_clock_domain|pmbist_port|programmable_direct_access_function|memory_spare_column_map_data|memory_spare_column_map_address|memory_spare_column_map|memory_spare_column|memory_spare_row_map_address|memory_spare_row|memory_data_bit_structure|memory_bank_structure|address_partition|write_mask_bit|memory_lib_pin_access|memory_lib_pin_action|memory_lib_pin_test|memory_lib_pin_alias|memory_lib_cell|memory_library_domain|fuse_cell|fuse_cell_domain|test_clock|test_clock_domain|scan_segment|scan_chain|actual_scan_segment|actual_scan_chain|violation|timing_bin_path|timing_bin|arc|timing_point|timing_path|sdp_instance|sdp_column|sdp_row|sdp_group|flow_step|flow|command_option|command|level_shifter_rule|isolation_rule|macro_isolation_rule|macro_power_domain|macro_model|repeater_rule|state_retention_rule|power_mode|power_domain|nominal_condition|power_intent_command_id|power_intent_command|power_model|power_scope|congestion_box|route_type|pdomain|route_rule|blackbox|fpobject|pinstance|cluster|def_pin|pnet|specialnet|style|fill|slot|track_pattern|row|region|bump|pcell|group|extraction_grid|gcell_grid|gcell|route_blockage|place_blockage|blockage|layer|site|via|exception|cost_group|external_delay|clock|clock_domain|delay_corner|constraint_mode|analysis_view|mode|hport_bus|port_bus|constant|pin_bus|hpin_bus|pg_pin|hpin|pin|hport|port|pg_hport|pg_port|pg_hnet|pg_net|net|hnet|inst|hinst|module|design|level_shifter_group|library_domain|virtual_techelt|timing_condition|rc_corner|opcond|library_set|base_cell_set|operating_condition|wireload_selection|wireload|lib_arc|pg_lib_pin|lib_pin|seq_function|lwlib_cell|lib_cell|lwlibrary|library|pg_base_pin|base_pin|base_cell|message|message_group|attribute|obj_type|root>+]:
        object of interest (must be unique) 

Usage: ::legacy::get_attr <string>
           [<rtl_port|rtl_instance|rtl_block|rtl_module|hdl_implementation|hdl_bind|hdl_parameter|hdl_pin|hdl_subprogram|hdl_label|hdl_inst|hdl_procedure|hdl_block|hdl_component|hdl_operator|hdl_package|hdl_architecture|hdl_configuration|hdl_lib|cell_model|cell|test_bus_interface|test_bus_port|osc_source_reference|opcg_mode|opcg_domain|domain_macro_parameter|opcg_trigger|osc_source|dft_configuration_mode|jtag_instruction|jtag_instruction_register|jtag_macro|boundary_scan_segment|tap_port|jtag_port|test_signal|formal_verification_constraint|mbist_clock|mbist_clock_domain|pmbist_port|programmable_direct_access_function|memory_spare_column_map_data|memory_spare_column_map_address|memory_spare_column_map|memory_spare_column|memory_spare_row_map_address|memory_spare_row|memory_data_bit_structure|memory_bank_structure|address_partition|write_mask_bit|memory_lib_pin_access|memory_lib_pin_action|memory_lib_pin_test|memory_lib_pin_alias|memory_lib_cell|memory_library_domain|fuse_cell|fuse_cell_domain|test_clock|test_clock_domain|scan_segment|scan_chain|actual_scan_segment|actual_scan_chain|violation|timing_bin_path|timing_bin|arc|timing_point|timing_path|sdp_instance|sdp_column|sdp_row|sdp_group|flow_step|flow|command_option|command|level_shifter_rule|isolation_rule|macro_isolation_rule|macro_power_domain|macro_model|repeater_rule|state_retention_rule|power_mode|power_domain|nominal_condition|power_intent_command_id|power_intent_command|power_model|power_scope|congestion_box|route_type|pdomain|route_rule|blackbox|fpobject|pinstance|cluster|def_pin|pnet|specialnet|style|fill|slot|track_pattern|row|region|bump|pcell|group|extraction_grid|gcell_grid|gcell|route_blockage|place_blockage|blockage|layer|site|via|exception|cost_group|external_delay|clock|clock_domain|delay_corner|constraint_mode|analysis_view|mode|hport_bus|port_bus|constant|pin_bus|hpin_bus|pg_pin|hpin|pin|hport|port|pg_hport|pg_port|pg_hnet|pg_net|net|hnet|inst|hinst|module|design|level_shifter_group|library_domain|virtual_techelt|timing_condition|rc_corner|opcond|library_set|base_cell_set|operating_condition|wireload_selection|wireload|lib_arc|pg_lib_pin|lib_pin|seq_function|lwlib_cell|lib_cell|lwlibrary|library|pg_base_pin|base_pin|base_cell|message|message_group|attribute|obj_type|root>+]

    <string>:
        attribute name 
    [<rtl_port|rtl_instance|rtl_block|rtl_module|hdl_implementation|hdl_bind|hdl_parameter|hdl_pin|hdl_subprogram|hdl_label|hdl_inst|hdl_procedure|hdl_block|hdl_component|hdl_operator|hdl_package|hdl_architecture|hdl_configuration|hdl_lib|cell_model|cell|test_bus_interface|test_bus_port|osc_source_reference|opcg_mode|opcg_domain|domain_macro_parameter|opcg_trigger|osc_source|dft_configuration_mode|jtag_instruction|jtag_instruction_register|jtag_macro|boundary_scan_segment|tap_port|jtag_port|test_signal|formal_verification_constraint|mbist_clock|mbist_clock_domain|pmbist_port|programmable_direct_access_function|memory_spare_column_map_data|memory_spare_column_map_address|memory_spare_column_map|memory_spare_column|memory_spare_row_map_address|memory_spare_row|memory_data_bit_structure|memory_bank_structure|address_partition|write_mask_bit|memory_lib_pin_access|memory_lib_pin_action|memory_lib_pin_test|memory_lib_pin_alias|memory_lib_cell|memory_library_domain|fuse_cell|fuse_cell_domain|test_clock|test_clock_domain|scan_segment|scan_chain|actual_scan_segment|actual_scan_chain|violation|timing_bin_path|timing_bin|arc|timing_point|timing_path|sdp_instance|sdp_column|sdp_row|sdp_group|flow_step|flow|command_option|command|level_shifter_rule|isolation_rule|macro_isolation_rule|macro_power_domain|macro_model|repeater_rule|state_retention_rule|power_mode|power_domain|nominal_condition|power_intent_command_id|power_intent_command|power_model|power_scope|congestion_box|route_type|pdomain|route_rule|blackbox|fpobject|pinstance|cluster|def_pin|pnet|specialnet|style|fill|slot|track_pattern|row|region|bump|pcell|group|extraction_grid|gcell_grid|gcell|route_blockage|place_blockage|blockage|layer|site|via|exception|cost_group|external_delay|clock|clock_domain|delay_corner|constraint_mode|analysis_view|mode|hport_bus|port_bus|constant|pin_bus|hpin_bus|pg_pin|hpin|pin|hport|port|pg_hport|pg_port|pg_hnet|pg_net|net|hnet|inst|hinst|module|design|level_shifter_group|library_domain|virtual_techelt|timing_condition|rc_corner|opcond|library_set|base_cell_set|operating_condition|wireload_selection|wireload|lib_arc|pg_lib_pin|lib_pin|seq_function|lwlib_cell|lib_cell|lwlibrary|library|pg_base_pin|base_pin|base_cell|message|message_group|attribute|obj_type|root>+]:
        object of interest (must be unique) 

Usage: ::legacy::get_attr <string>
           [<rtl_port|rtl_instance|rtl_block|rtl_module|hdl_implementation|hdl_bind|hdl_parameter|hdl_pin|hdl_subprogram|hdl_label|hdl_inst|hdl_procedure|hdl_block|hdl_component|hdl_operator|hdl_package|hdl_architecture|hdl_configuration|hdl_lib|cell_model|cell|test_bus_interface|test_bus_port|osc_source_reference|opcg_mode|opcg_domain|domain_macro_parameter|opcg_trigger|osc_source|dft_configuration_mode|jtag_instruction|jtag_instruction_register|jtag_macro|boundary_scan_segment|tap_port|jtag_port|test_signal|formal_verification_constraint|mbist_clock|mbist_clock_domain|pmbist_port|programmable_direct_access_function|memory_spare_column_map_data|memory_spare_column_map_address|memory_spare_column_map|memory_spare_column|memory_spare_row_map_address|memory_spare_row|memory_data_bit_structure|memory_bank_structure|address_partition|write_mask_bit|memory_lib_pin_access|memory_lib_pin_action|memory_lib_pin_test|memory_lib_pin_alias|memory_lib_cell|memory_library_domain|fuse_cell|fuse_cell_domain|test_clock|test_clock_domain|scan_segment|scan_chain|actual_scan_segment|actual_scan_chain|violation|timing_bin_path|timing_bin|arc|timing_point|timing_path|sdp_instance|sdp_column|sdp_row|sdp_group|flow_step|flow|command_option|command|level_shifter_rule|isolation_rule|macro_isolation_rule|macro_power_domain|macro_model|repeater_rule|state_retention_rule|power_mode|power_domain|nominal_condition|power_intent_command_id|power_intent_command|power_model|power_scope|congestion_box|route_type|pdomain|route_rule|blackbox|fpobject|pinstance|cluster|def_pin|pnet|specialnet|style|fill|slot|track_pattern|row|region|bump|pcell|group|extraction_grid|gcell_grid|gcell|route_blockage|place_blockage|blockage|layer|site|via|exception|cost_group|external_delay|clock|clock_domain|delay_corner|constraint_mode|analysis_view|mode|hport_bus|port_bus|constant|pin_bus|hpin_bus|pg_pin|hpin|pin|hport|port|pg_hport|pg_port|pg_hnet|pg_net|net|hnet|inst|hinst|module|design|level_shifter_group|library_domain|virtual_techelt|timing_condition|rc_corner|opcond|library_set|base_cell_set|operating_condition|wireload_selection|wireload|lib_arc|pg_lib_pin|lib_pin|seq_function|lwlib_cell|lib_cell|lwlibrary|library|pg_base_pin|base_pin|base_cell|message|message_group|attribute|obj_type|root>+]

    <string>:
        attribute name 
    [<rtl_port|rtl_instance|rtl_block|rtl_module|hdl_implementation|hdl_bind|hdl_parameter|hdl_pin|hdl_subprogram|hdl_label|hdl_inst|hdl_procedure|hdl_block|hdl_component|hdl_operator|hdl_package|hdl_architecture|hdl_configuration|hdl_lib|cell_model|cell|test_bus_interface|test_bus_port|osc_source_reference|opcg_mode|opcg_domain|domain_macro_parameter|opcg_trigger|osc_source|dft_configuration_mode|jtag_instruction|jtag_instruction_register|jtag_macro|boundary_scan_segment|tap_port|jtag_port|test_signal|formal_verification_constraint|mbist_clock|mbist_clock_domain|pmbist_port|programmable_direct_access_function|memory_spare_column_map_data|memory_spare_column_map_address|memory_spare_column_map|memory_spare_column|memory_spare_row_map_address|memory_spare_row|memory_data_bit_structure|memory_bank_structure|address_partition|write_mask_bit|memory_lib_pin_access|memory_lib_pin_action|memory_lib_pin_test|memory_lib_pin_alias|memory_lib_cell|memory_library_domain|fuse_cell|fuse_cell_domain|test_clock|test_clock_domain|scan_segment|scan_chain|actual_scan_segment|actual_scan_chain|violation|timing_bin_path|timing_bin|arc|timing_point|timing_path|sdp_instance|sdp_column|sdp_row|sdp_group|flow_step|flow|command_option|command|level_shifter_rule|isolation_rule|macro_isolation_rule|macro_power_domain|macro_model|repeater_rule|state_retention_rule|power_mode|power_domain|nominal_condition|power_intent_command_id|power_intent_command|power_model|power_scope|congestion_box|route_type|pdomain|route_rule|blackbox|fpobject|pinstance|cluster|def_pin|pnet|specialnet|style|fill|slot|track_pattern|row|region|bump|pcell|group|extraction_grid|gcell_grid|gcell|route_blockage|place_blockage|blockage|layer|site|via|exception|cost_group|external_delay|clock|clock_domain|delay_corner|constraint_mode|analysis_view|mode|hport_bus|port_bus|constant|pin_bus|hpin_bus|pg_pin|hpin|pin|hport|port|pg_hport|pg_port|pg_hnet|pg_net|net|hnet|inst|hinst|module|design|level_shifter_group|library_domain|virtual_techelt|timing_condition|rc_corner|opcond|library_set|base_cell_set|operating_condition|wireload_selection|wireload|lib_arc|pg_lib_pin|lib_pin|seq_function|lwlib_cell|lib_cell|lwlibrary|library|pg_base_pin|base_pin|base_cell|message|message_group|attribute|obj_type|root>+]:
        object of interest (must be unique) 

Usage: ::legacy::get_attr <string>
           [<rtl_port|rtl_instance|rtl_block|rtl_module|hdl_implementation|hdl_bind|hdl_parameter|hdl_pin|hdl_subprogram|hdl_label|hdl_inst|hdl_procedure|hdl_block|hdl_component|hdl_operator|hdl_package|hdl_architecture|hdl_configuration|hdl_lib|cell_model|cell|test_bus_interface|test_bus_port|osc_source_reference|opcg_mode|opcg_domain|domain_macro_parameter|opcg_trigger|osc_source|dft_configuration_mode|jtag_instruction|jtag_instruction_register|jtag_macro|boundary_scan_segment|tap_port|jtag_port|test_signal|formal_verification_constraint|mbist_clock|mbist_clock_domain|pmbist_port|programmable_direct_access_function|memory_spare_column_map_data|memory_spare_column_map_address|memory_spare_column_map|memory_spare_column|memory_spare_row_map_address|memory_spare_row|memory_data_bit_structure|memory_bank_structure|address_partition|write_mask_bit|memory_lib_pin_access|memory_lib_pin_action|memory_lib_pin_test|memory_lib_pin_alias|memory_lib_cell|memory_library_domain|fuse_cell|fuse_cell_domain|test_clock|test_clock_domain|scan_segment|scan_chain|actual_scan_segment|actual_scan_chain|violation|timing_bin_path|timing_bin|arc|timing_point|timing_path|sdp_instance|sdp_column|sdp_row|sdp_group|flow_step|flow|command_option|command|level_shifter_rule|isolation_rule|macro_isolation_rule|macro_power_domain|macro_model|repeater_rule|state_retention_rule|power_mode|power_domain|nominal_condition|power_intent_command_id|power_intent_command|power_model|power_scope|congestion_box|route_type|pdomain|route_rule|blackbox|fpobject|pinstance|cluster|def_pin|pnet|specialnet|style|fill|slot|track_pattern|row|region|bump|pcell|group|extraction_grid|gcell_grid|gcell|route_blockage|place_blockage|blockage|layer|site|via|exception|cost_group|external_delay|clock|clock_domain|delay_corner|constraint_mode|analysis_view|mode|hport_bus|port_bus|constant|pin_bus|hpin_bus|pg_pin|hpin|pin|hport|port|pg_hport|pg_port|pg_hnet|pg_net|net|hnet|inst|hinst|module|design|level_shifter_group|library_domain|virtual_techelt|timing_condition|rc_corner|opcond|library_set|base_cell_set|operating_condition|wireload_selection|wireload|lib_arc|pg_lib_pin|lib_pin|seq_function|lwlib_cell|lib_cell|lwlibrary|library|pg_base_pin|base_pin|base_cell|message|message_group|attribute|obj_type|root>+]

    <string>:
        attribute name 
    [<rtl_port|rtl_instance|rtl_block|rtl_module|hdl_implementation|hdl_bind|hdl_parameter|hdl_pin|hdl_subprogram|hdl_label|hdl_inst|hdl_procedure|hdl_block|hdl_component|hdl_operator|hdl_package|hdl_architecture|hdl_configuration|hdl_lib|cell_model|cell|test_bus_interface|test_bus_port|osc_source_reference|opcg_mode|opcg_domain|domain_macro_parameter|opcg_trigger|osc_source|dft_configuration_mode|jtag_instruction|jtag_instruction_register|jtag_macro|boundary_scan_segment|tap_port|jtag_port|test_signal|formal_verification_constraint|mbist_clock|mbist_clock_domain|pmbist_port|programmable_direct_access_function|memory_spare_column_map_data|memory_spare_column_map_address|memory_spare_column_map|memory_spare_column|memory_spare_row_map_address|memory_spare_row|memory_data_bit_structure|memory_bank_structure|address_partition|write_mask_bit|memory_lib_pin_access|memory_lib_pin_action|memory_lib_pin_test|memory_lib_pin_alias|memory_lib_cell|memory_library_domain|fuse_cell|fuse_cell_domain|test_clock|test_clock_domain|scan_segment|scan_chain|actual_scan_segment|actual_scan_chain|violation|timing_bin_path|timing_bin|arc|timing_point|timing_path|sdp_instance|sdp_column|sdp_row|sdp_group|flow_step|flow|command_option|command|level_shifter_rule|isolation_rule|macro_isolation_rule|macro_power_domain|macro_model|repeater_rule|state_retention_rule|power_mode|power_domain|nominal_condition|power_intent_command_id|power_intent_command|power_model|power_scope|congestion_box|route_type|pdomain|route_rule|blackbox|fpobject|pinstance|cluster|def_pin|pnet|specialnet|style|fill|slot|track_pattern|row|region|bump|pcell|group|extraction_grid|gcell_grid|gcell|route_blockage|place_blockage|blockage|layer|site|via|exception|cost_group|external_delay|clock|clock_domain|delay_corner|constraint_mode|analysis_view|mode|hport_bus|port_bus|constant|pin_bus|hpin_bus|pg_pin|hpin|pin|hport|port|pg_hport|pg_port|pg_hnet|pg_net|net|hnet|inst|hinst|module|design|level_shifter_group|library_domain|virtual_techelt|timing_condition|rc_corner|opcond|library_set|base_cell_set|operating_condition|wireload_selection|wireload|lib_arc|pg_lib_pin|lib_pin|seq_function|lwlib_cell|lib_cell|lwlibrary|library|pg_base_pin|base_pin|base_cell|message|message_group|attribute|obj_type|root>+]:
        object of interest (must be unique) 

Usage: ::legacy::get_attr <string>
           [<rtl_port|rtl_instance|rtl_block|rtl_module|hdl_implementation|hdl_bind|hdl_parameter|hdl_pin|hdl_subprogram|hdl_label|hdl_inst|hdl_procedure|hdl_block|hdl_component|hdl_operator|hdl_package|hdl_architecture|hdl_configuration|hdl_lib|cell_model|cell|test_bus_interface|test_bus_port|osc_source_reference|opcg_mode|opcg_domain|domain_macro_parameter|opcg_trigger|osc_source|dft_configuration_mode|jtag_instruction|jtag_instruction_register|jtag_macro|boundary_scan_segment|tap_port|jtag_port|test_signal|formal_verification_constraint|mbist_clock|mbist_clock_domain|pmbist_port|programmable_direct_access_function|memory_spare_column_map_data|memory_spare_column_map_address|memory_spare_column_map|memory_spare_column|memory_spare_row_map_address|memory_spare_row|memory_data_bit_structure|memory_bank_structure|address_partition|write_mask_bit|memory_lib_pin_access|memory_lib_pin_action|memory_lib_pin_test|memory_lib_pin_alias|memory_lib_cell|memory_library_domain|fuse_cell|fuse_cell_domain|test_clock|test_clock_domain|scan_segment|scan_chain|actual_scan_segment|actual_scan_chain|violation|timing_bin_path|timing_bin|arc|timing_point|timing_path|sdp_instance|sdp_column|sdp_row|sdp_group|flow_step|flow|command_option|command|level_shifter_rule|isolation_rule|macro_isolation_rule|macro_power_domain|macro_model|repeater_rule|state_retention_rule|power_mode|power_domain|nominal_condition|power_intent_command_id|power_intent_command|power_model|power_scope|congestion_box|route_type|pdomain|route_rule|blackbox|fpobject|pinstance|cluster|def_pin|pnet|specialnet|style|fill|slot|track_pattern|row|region|bump|pcell|group|extraction_grid|gcell_grid|gcell|route_blockage|place_blockage|blockage|layer|site|via|exception|cost_group|external_delay|clock|clock_domain|delay_corner|constraint_mode|analysis_view|mode|hport_bus|port_bus|constant|pin_bus|hpin_bus|pg_pin|hpin|pin|hport|port|pg_hport|pg_port|pg_hnet|pg_net|net|hnet|inst|hinst|module|design|level_shifter_group|library_domain|virtual_techelt|timing_condition|rc_corner|opcond|library_set|base_cell_set|operating_condition|wireload_selection|wireload|lib_arc|pg_lib_pin|lib_pin|seq_function|lwlib_cell|lib_cell|lwlibrary|library|pg_base_pin|base_pin|base_cell|message|message_group|attribute|obj_type|root>+]

    <string>:
        attribute name 
    [<rtl_port|rtl_instance|rtl_block|rtl_module|hdl_implementation|hdl_bind|hdl_parameter|hdl_pin|hdl_subprogram|hdl_label|hdl_inst|hdl_procedure|hdl_block|hdl_component|hdl_operator|hdl_package|hdl_architecture|hdl_configuration|hdl_lib|cell_model|cell|test_bus_interface|test_bus_port|osc_source_reference|opcg_mode|opcg_domain|domain_macro_parameter|opcg_trigger|osc_source|dft_configuration_mode|jtag_instruction|jtag_instruction_register|jtag_macro|boundary_scan_segment|tap_port|jtag_port|test_signal|formal_verification_constraint|mbist_clock|mbist_clock_domain|pmbist_port|programmable_direct_access_function|memory_spare_column_map_data|memory_spare_column_map_address|memory_spare_column_map|memory_spare_column|memory_spare_row_map_address|memory_spare_row|memory_data_bit_structure|memory_bank_structure|address_partition|write_mask_bit|memory_lib_pin_access|memory_lib_pin_action|memory_lib_pin_test|memory_lib_pin_alias|memory_lib_cell|memory_library_domain|fuse_cell|fuse_cell_domain|test_clock|test_clock_domain|scan_segment|scan_chain|actual_scan_segment|actual_scan_chain|violation|timing_bin_path|timing_bin|arc|timing_point|timing_path|sdp_instance|sdp_column|sdp_row|sdp_group|flow_step|flow|command_option|command|level_shifter_rule|isolation_rule|macro_isolation_rule|macro_power_domain|macro_model|repeater_rule|state_retention_rule|power_mode|power_domain|nominal_condition|power_intent_command_id|power_intent_command|power_model|power_scope|congestion_box|route_type|pdomain|route_rule|blackbox|fpobject|pinstance|cluster|def_pin|pnet|specialnet|style|fill|slot|track_pattern|row|region|bump|pcell|group|extraction_grid|gcell_grid|gcell|route_blockage|place_blockage|blockage|layer|site|via|exception|cost_group|external_delay|clock|clock_domain|delay_corner|constraint_mode|analysis_view|mode|hport_bus|port_bus|constant|pin_bus|hpin_bus|pg_pin|hpin|pin|hport|port|pg_hport|pg_port|pg_hnet|pg_net|net|hnet|inst|hinst|module|design|level_shifter_group|library_domain|virtual_techelt|timing_condition|rc_corner|opcond|library_set|base_cell_set|operating_condition|wireload_selection|wireload|lib_arc|pg_lib_pin|lib_pin|seq_function|lwlib_cell|lib_cell|lwlibrary|library|pg_base_pin|base_pin|base_cell|message|message_group|attribute|obj_type|root>+]:
        object of interest (must be unique) 

Usage: ::legacy::get_attr <string>
           [<rtl_port|rtl_instance|rtl_block|rtl_module|hdl_implementation|hdl_bind|hdl_parameter|hdl_pin|hdl_subprogram|hdl_label|hdl_inst|hdl_procedure|hdl_block|hdl_component|hdl_operator|hdl_package|hdl_architecture|hdl_configuration|hdl_lib|cell_model|cell|test_bus_interface|test_bus_port|osc_source_reference|opcg_mode|opcg_domain|domain_macro_parameter|opcg_trigger|osc_source|dft_configuration_mode|jtag_instruction|jtag_instruction_register|jtag_macro|boundary_scan_segment|tap_port|jtag_port|test_signal|formal_verification_constraint|mbist_clock|mbist_clock_domain|pmbist_port|programmable_direct_access_function|memory_spare_column_map_data|memory_spare_column_map_address|memory_spare_column_map|memory_spare_column|memory_spare_row_map_address|memory_spare_row|memory_data_bit_structure|memory_bank_structure|address_partition|write_mask_bit|memory_lib_pin_access|memory_lib_pin_action|memory_lib_pin_test|memory_lib_pin_alias|memory_lib_cell|memory_library_domain|fuse_cell|fuse_cell_domain|test_clock|test_clock_domain|scan_segment|scan_chain|actual_scan_segment|actual_scan_chain|violation|timing_bin_path|timing_bin|arc|timing_point|timing_path|sdp_instance|sdp_column|sdp_row|sdp_group|flow_step|flow|command_option|command|level_shifter_rule|isolation_rule|macro_isolation_rule|macro_power_domain|macro_model|repeater_rule|state_retention_rule|power_mode|power_domain|nominal_condition|power_intent_command_id|power_intent_command|power_model|power_scope|congestion_box|route_type|pdomain|route_rule|blackbox|fpobject|pinstance|cluster|def_pin|pnet|specialnet|style|fill|slot|track_pattern|row|region|bump|pcell|group|extraction_grid|gcell_grid|gcell|route_blockage|place_blockage|blockage|layer|site|via|exception|cost_group|external_delay|clock|clock_domain|delay_corner|constraint_mode|analysis_view|mode|hport_bus|port_bus|constant|pin_bus|hpin_bus|pg_pin|hpin|pin|hport|port|pg_hport|pg_port|pg_hnet|pg_net|net|hnet|inst|hinst|module|design|level_shifter_group|library_domain|virtual_techelt|timing_condition|rc_corner|opcond|library_set|base_cell_set|operating_condition|wireload_selection|wireload|lib_arc|pg_lib_pin|lib_pin|seq_function|lwlib_cell|lib_cell|lwlibrary|library|pg_base_pin|base_pin|base_cell|message|message_group|attribute|obj_type|root>+]

    <string>:
        attribute name 
    [<rtl_port|rtl_instance|rtl_block|rtl_module|hdl_implementation|hdl_bind|hdl_parameter|hdl_pin|hdl_subprogram|hdl_label|hdl_inst|hdl_procedure|hdl_block|hdl_component|hdl_operator|hdl_package|hdl_architecture|hdl_configuration|hdl_lib|cell_model|cell|test_bus_interface|test_bus_port|osc_source_reference|opcg_mode|opcg_domain|domain_macro_parameter|opcg_trigger|osc_source|dft_configuration_mode|jtag_instruction|jtag_instruction_register|jtag_macro|boundary_scan_segment|tap_port|jtag_port|test_signal|formal_verification_constraint|mbist_clock|mbist_clock_domain|pmbist_port|programmable_direct_access_function|memory_spare_column_map_data|memory_spare_column_map_address|memory_spare_column_map|memory_spare_column|memory_spare_row_map_address|memory_spare_row|memory_data_bit_structure|memory_bank_structure|address_partition|write_mask_bit|memory_lib_pin_access|memory_lib_pin_action|memory_lib_pin_test|memory_lib_pin_alias|memory_lib_cell|memory_library_domain|fuse_cell|fuse_cell_domain|test_clock|test_clock_domain|scan_segment|scan_chain|actual_scan_segment|actual_scan_chain|violation|timing_bin_path|timing_bin|arc|timing_point|timing_path|sdp_instance|sdp_column|sdp_row|sdp_group|flow_step|flow|command_option|command|level_shifter_rule|isolation_rule|macro_isolation_rule|macro_power_domain|macro_model|repeater_rule|state_retention_rule|power_mode|power_domain|nominal_condition|power_intent_command_id|power_intent_command|power_model|power_scope|congestion_box|route_type|pdomain|route_rule|blackbox|fpobject|pinstance|cluster|def_pin|pnet|specialnet|style|fill|slot|track_pattern|row|region|bump|pcell|group|extraction_grid|gcell_grid|gcell|route_blockage|place_blockage|blockage|layer|site|via|exception|cost_group|external_delay|clock|clock_domain|delay_corner|constraint_mode|analysis_view|mode|hport_bus|port_bus|constant|pin_bus|hpin_bus|pg_pin|hpin|pin|hport|port|pg_hport|pg_port|pg_hnet|pg_net|net|hnet|inst|hinst|module|design|level_shifter_group|library_domain|virtual_techelt|timing_condition|rc_corner|opcond|library_set|base_cell_set|operating_condition|wireload_selection|wireload|lib_arc|pg_lib_pin|lib_pin|seq_function|lwlib_cell|lib_cell|lwlibrary|library|pg_base_pin|base_pin|base_cell|message|message_group|attribute|obj_type|root>+]:
        object of interest (must be unique) 

Usage: ::legacy::get_attr <string>
           [<rtl_port|rtl_instance|rtl_block|rtl_module|hdl_implementation|hdl_bind|hdl_parameter|hdl_pin|hdl_subprogram|hdl_label|hdl_inst|hdl_procedure|hdl_block|hdl_component|hdl_operator|hdl_package|hdl_architecture|hdl_configuration|hdl_lib|cell_model|cell|test_bus_interface|test_bus_port|osc_source_reference|opcg_mode|opcg_domain|domain_macro_parameter|opcg_trigger|osc_source|dft_configuration_mode|jtag_instruction|jtag_instruction_register|jtag_macro|boundary_scan_segment|tap_port|jtag_port|test_signal|formal_verification_constraint|mbist_clock|mbist_clock_domain|pmbist_port|programmable_direct_access_function|memory_spare_column_map_data|memory_spare_column_map_address|memory_spare_column_map|memory_spare_column|memory_spare_row_map_address|memory_spare_row|memory_data_bit_structure|memory_bank_structure|address_partition|write_mask_bit|memory_lib_pin_access|memory_lib_pin_action|memory_lib_pin_test|memory_lib_pin_alias|memory_lib_cell|memory_library_domain|fuse_cell|fuse_cell_domain|test_clock|test_clock_domain|scan_segment|scan_chain|actual_scan_segment|actual_scan_chain|violation|timing_bin_path|timing_bin|arc|timing_point|timing_path|sdp_instance|sdp_column|sdp_row|sdp_group|flow_step|flow|command_option|command|level_shifter_rule|isolation_rule|macro_isolation_rule|macro_power_domain|macro_model|repeater_rule|state_retention_rule|power_mode|power_domain|nominal_condition|power_intent_command_id|power_intent_command|power_model|power_scope|congestion_box|route_type|pdomain|route_rule|blackbox|fpobject|pinstance|cluster|def_pin|pnet|specialnet|style|fill|slot|track_pattern|row|region|bump|pcell|group|extraction_grid|gcell_grid|gcell|route_blockage|place_blockage|blockage|layer|site|via|exception|cost_group|external_delay|clock|clock_domain|delay_corner|constraint_mode|analysis_view|mode|hport_bus|port_bus|constant|pin_bus|hpin_bus|pg_pin|hpin|pin|hport|port|pg_hport|pg_port|pg_hnet|pg_net|net|hnet|inst|hinst|module|design|level_shifter_group|library_domain|virtual_techelt|timing_condition|rc_corner|opcond|library_set|base_cell_set|operating_condition|wireload_selection|wireload|lib_arc|pg_lib_pin|lib_pin|seq_function|lwlib_cell|lib_cell|lwlibrary|library|pg_base_pin|base_pin|base_cell|message|message_group|attribute|obj_type|root>+]

    <string>:
        attribute name 
    [<rtl_port|rtl_instance|rtl_block|rtl_module|hdl_implementation|hdl_bind|hdl_parameter|hdl_pin|hdl_subprogram|hdl_label|hdl_inst|hdl_procedure|hdl_block|hdl_component|hdl_operator|hdl_package|hdl_architecture|hdl_configuration|hdl_lib|cell_model|cell|test_bus_interface|test_bus_port|osc_source_reference|opcg_mode|opcg_domain|domain_macro_parameter|opcg_trigger|osc_source|dft_configuration_mode|jtag_instruction|jtag_instruction_register|jtag_macro|boundary_scan_segment|tap_port|jtag_port|test_signal|formal_verification_constraint|mbist_clock|mbist_clock_domain|pmbist_port|programmable_direct_access_function|memory_spare_column_map_data|memory_spare_column_map_address|memory_spare_column_map|memory_spare_column|memory_spare_row_map_address|memory_spare_row|memory_data_bit_structure|memory_bank_structure|address_partition|write_mask_bit|memory_lib_pin_access|memory_lib_pin_action|memory_lib_pin_test|memory_lib_pin_alias|memory_lib_cell|memory_library_domain|fuse_cell|fuse_cell_domain|test_clock|test_clock_domain|scan_segment|scan_chain|actual_scan_segment|actual_scan_chain|violation|timing_bin_path|timing_bin|arc|timing_point|timing_path|sdp_instance|sdp_column|sdp_row|sdp_group|flow_step|flow|command_option|command|level_shifter_rule|isolation_rule|macro_isolation_rule|macro_power_domain|macro_model|repeater_rule|state_retention_rule|power_mode|power_domain|nominal_condition|power_intent_command_id|power_intent_command|power_model|power_scope|congestion_box|route_type|pdomain|route_rule|blackbox|fpobject|pinstance|cluster|def_pin|pnet|specialnet|style|fill|slot|track_pattern|row|region|bump|pcell|group|extraction_grid|gcell_grid|gcell|route_blockage|place_blockage|blockage|layer|site|via|exception|cost_group|external_delay|clock|clock_domain|delay_corner|constraint_mode|analysis_view|mode|hport_bus|port_bus|constant|pin_bus|hpin_bus|pg_pin|hpin|pin|hport|port|pg_hport|pg_port|pg_hnet|pg_net|net|hnet|inst|hinst|module|design|level_shifter_group|library_domain|virtual_techelt|timing_condition|rc_corner|opcond|library_set|base_cell_set|operating_condition|wireload_selection|wireload|lib_arc|pg_lib_pin|lib_pin|seq_function|lwlib_cell|lib_cell|lwlibrary|library|pg_base_pin|base_pin|base_cell|message|message_group|attribute|obj_type|root>+]:
        object of interest (must be unique) 

Usage: ::legacy::get_attr <string>
           [<rtl_port|rtl_instance|rtl_block|rtl_module|hdl_implementation|hdl_bind|hdl_parameter|hdl_pin|hdl_subprogram|hdl_label|hdl_inst|hdl_procedure|hdl_block|hdl_component|hdl_operator|hdl_package|hdl_architecture|hdl_configuration|hdl_lib|cell_model|cell|test_bus_interface|test_bus_port|osc_source_reference|opcg_mode|opcg_domain|domain_macro_parameter|opcg_trigger|osc_source|dft_configuration_mode|jtag_instruction|jtag_instruction_register|jtag_macro|boundary_scan_segment|tap_port|jtag_port|test_signal|formal_verification_constraint|mbist_clock|mbist_clock_domain|pmbist_port|programmable_direct_access_function|memory_spare_column_map_data|memory_spare_column_map_address|memory_spare_column_map|memory_spare_column|memory_spare_row_map_address|memory_spare_row|memory_data_bit_structure|memory_bank_structure|address_partition|write_mask_bit|memory_lib_pin_access|memory_lib_pin_action|memory_lib_pin_test|memory_lib_pin_alias|memory_lib_cell|memory_library_domain|fuse_cell|fuse_cell_domain|test_clock|test_clock_domain|scan_segment|scan_chain|actual_scan_segment|actual_scan_chain|violation|timing_bin_path|timing_bin|arc|timing_point|timing_path|sdp_instance|sdp_column|sdp_row|sdp_group|flow_step|flow|command_option|command|level_shifter_rule|isolation_rule|macro_isolation_rule|macro_power_domain|macro_model|repeater_rule|state_retention_rule|power_mode|power_domain|nominal_condition|power_intent_command_id|power_intent_command|power_model|power_scope|congestion_box|route_type|pdomain|route_rule|blackbox|fpobject|pinstance|cluster|def_pin|pnet|specialnet|style|fill|slot|track_pattern|row|region|bump|pcell|group|extraction_grid|gcell_grid|gcell|route_blockage|place_blockage|blockage|layer|site|via|exception|cost_group|external_delay|clock|clock_domain|delay_corner|constraint_mode|analysis_view|mode|hport_bus|port_bus|constant|pin_bus|hpin_bus|pg_pin|hpin|pin|hport|port|pg_hport|pg_port|pg_hnet|pg_net|net|hnet|inst|hinst|module|design|level_shifter_group|library_domain|virtual_techelt|timing_condition|rc_corner|opcond|library_set|base_cell_set|operating_condition|wireload_selection|wireload|lib_arc|pg_lib_pin|lib_pin|seq_function|lwlib_cell|lib_cell|lwlibrary|library|pg_base_pin|base_pin|base_cell|message|message_group|attribute|obj_type|root>+]

    <string>:
        attribute name 
    [<rtl_port|rtl_instance|rtl_block|rtl_module|hdl_implementation|hdl_bind|hdl_parameter|hdl_pin|hdl_subprogram|hdl_label|hdl_inst|hdl_procedure|hdl_block|hdl_component|hdl_operator|hdl_package|hdl_architecture|hdl_configuration|hdl_lib|cell_model|cell|test_bus_interface|test_bus_port|osc_source_reference|opcg_mode|opcg_domain|domain_macro_parameter|opcg_trigger|osc_source|dft_configuration_mode|jtag_instruction|jtag_instruction_register|jtag_macro|boundary_scan_segment|tap_port|jtag_port|test_signal|formal_verification_constraint|mbist_clock|mbist_clock_domain|pmbist_port|programmable_direct_access_function|memory_spare_column_map_data|memory_spare_column_map_address|memory_spare_column_map|memory_spare_column|memory_spare_row_map_address|memory_spare_row|memory_data_bit_structure|memory_bank_structure|address_partition|write_mask_bit|memory_lib_pin_access|memory_lib_pin_action|memory_lib_pin_test|memory_lib_pin_alias|memory_lib_cell|memory_library_domain|fuse_cell|fuse_cell_domain|test_clock|test_clock_domain|scan_segment|scan_chain|actual_scan_segment|actual_scan_chain|violation|timing_bin_path|timing_bin|arc|timing_point|timing_path|sdp_instance|sdp_column|sdp_row|sdp_group|flow_step|flow|command_option|command|level_shifter_rule|isolation_rule|macro_isolation_rule|macro_power_domain|macro_model|repeater_rule|state_retention_rule|power_mode|power_domain|nominal_condition|power_intent_command_id|power_intent_command|power_model|power_scope|congestion_box|route_type|pdomain|route_rule|blackbox|fpobject|pinstance|cluster|def_pin|pnet|specialnet|style|fill|slot|track_pattern|row|region|bump|pcell|group|extraction_grid|gcell_grid|gcell|route_blockage|place_blockage|blockage|layer|site|via|exception|cost_group|external_delay|clock|clock_domain|delay_corner|constraint_mode|analysis_view|mode|hport_bus|port_bus|constant|pin_bus|hpin_bus|pg_pin|hpin|pin|hport|port|pg_hport|pg_port|pg_hnet|pg_net|net|hnet|inst|hinst|module|design|level_shifter_group|library_domain|virtual_techelt|timing_condition|rc_corner|opcond|library_set|base_cell_set|operating_condition|wireload_selection|wireload|lib_arc|pg_lib_pin|lib_pin|seq_function|lwlib_cell|lib_cell|lwlibrary|library|pg_base_pin|base_pin|base_cell|message|message_group|attribute|obj_type|root>+]:
        object of interest (must be unique) 

Usage: ::legacy::get_attr <string>
           [<rtl_port|rtl_instance|rtl_block|rtl_module|hdl_implementation|hdl_bind|hdl_parameter|hdl_pin|hdl_subprogram|hdl_label|hdl_inst|hdl_procedure|hdl_block|hdl_component|hdl_operator|hdl_package|hdl_architecture|hdl_configuration|hdl_lib|cell_model|cell|test_bus_interface|test_bus_port|osc_source_reference|opcg_mode|opcg_domain|domain_macro_parameter|opcg_trigger|osc_source|dft_configuration_mode|jtag_instruction|jtag_instruction_register|jtag_macro|boundary_scan_segment|tap_port|jtag_port|test_signal|formal_verification_constraint|mbist_clock|mbist_clock_domain|pmbist_port|programmable_direct_access_function|memory_spare_column_map_data|memory_spare_column_map_address|memory_spare_column_map|memory_spare_column|memory_spare_row_map_address|memory_spare_row|memory_data_bit_structure|memory_bank_structure|address_partition|write_mask_bit|memory_lib_pin_access|memory_lib_pin_action|memory_lib_pin_test|memory_lib_pin_alias|memory_lib_cell|memory_library_domain|fuse_cell|fuse_cell_domain|test_clock|test_clock_domain|scan_segment|scan_chain|actual_scan_segment|actual_scan_chain|violation|timing_bin_path|timing_bin|arc|timing_point|timing_path|sdp_instance|sdp_column|sdp_row|sdp_group|flow_step|flow|command_option|command|level_shifter_rule|isolation_rule|macro_isolation_rule|macro_power_domain|macro_model|repeater_rule|state_retention_rule|power_mode|power_domain|nominal_condition|power_intent_command_id|power_intent_command|power_model|power_scope|congestion_box|route_type|pdomain|route_rule|blackbox|fpobject|pinstance|cluster|def_pin|pnet|specialnet|style|fill|slot|track_pattern|row|region|bump|pcell|group|extraction_grid|gcell_grid|gcell|route_blockage|place_blockage|blockage|layer|site|via|exception|cost_group|external_delay|clock|clock_domain|delay_corner|constraint_mode|analysis_view|mode|hport_bus|port_bus|constant|pin_bus|hpin_bus|pg_pin|hpin|pin|hport|port|pg_hport|pg_port|pg_hnet|pg_net|net|hnet|inst|hinst|module|design|level_shifter_group|library_domain|virtual_techelt|timing_condition|rc_corner|opcond|library_set|base_cell_set|operating_condition|wireload_selection|wireload|lib_arc|pg_lib_pin|lib_pin|seq_function|lwlib_cell|lib_cell|lwlibrary|library|pg_base_pin|base_pin|base_cell|message|message_group|attribute|obj_type|root>+]

    <string>:
        attribute name 
    [<rtl_port|rtl_instance|rtl_block|rtl_module|hdl_implementation|hdl_bind|hdl_parameter|hdl_pin|hdl_subprogram|hdl_label|hdl_inst|hdl_procedure|hdl_block|hdl_component|hdl_operator|hdl_package|hdl_architecture|hdl_configuration|hdl_lib|cell_model|cell|test_bus_interface|test_bus_port|osc_source_reference|opcg_mode|opcg_domain|domain_macro_parameter|opcg_trigger|osc_source|dft_configuration_mode|jtag_instruction|jtag_instruction_register|jtag_macro|boundary_scan_segment|tap_port|jtag_port|test_signal|formal_verification_constraint|mbist_clock|mbist_clock_domain|pmbist_port|programmable_direct_access_function|memory_spare_column_map_data|memory_spare_column_map_address|memory_spare_column_map|memory_spare_column|memory_spare_row_map_address|memory_spare_row|memory_data_bit_structure|memory_bank_structure|address_partition|write_mask_bit|memory_lib_pin_access|memory_lib_pin_action|memory_lib_pin_test|memory_lib_pin_alias|memory_lib_cell|memory_library_domain|fuse_cell|fuse_cell_domain|test_clock|test_clock_domain|scan_segment|scan_chain|actual_scan_segment|actual_scan_chain|violation|timing_bin_path|timing_bin|arc|timing_point|timing_path|sdp_instance|sdp_column|sdp_row|sdp_group|flow_step|flow|command_option|command|level_shifter_rule|isolation_rule|macro_isolation_rule|macro_power_domain|macro_model|repeater_rule|state_retention_rule|power_mode|power_domain|nominal_condition|power_intent_command_id|power_intent_command|power_model|power_scope|congestion_box|route_type|pdomain|route_rule|blackbox|fpobject|pinstance|cluster|def_pin|pnet|specialnet|style|fill|slot|track_pattern|row|region|bump|pcell|group|extraction_grid|gcell_grid|gcell|route_blockage|place_blockage|blockage|layer|site|via|exception|cost_group|external_delay|clock|clock_domain|delay_corner|constraint_mode|analysis_view|mode|hport_bus|port_bus|constant|pin_bus|hpin_bus|pg_pin|hpin|pin|hport|port|pg_hport|pg_port|pg_hnet|pg_net|net|hnet|inst|hinst|module|design|level_shifter_group|library_domain|virtual_techelt|timing_condition|rc_corner|opcond|library_set|base_cell_set|operating_condition|wireload_selection|wireload|lib_arc|pg_lib_pin|lib_pin|seq_function|lwlib_cell|lib_cell|lwlibrary|library|pg_base_pin|base_pin|base_cell|message|message_group|attribute|obj_type|root>+]:
        object of interest (must be unique) 

Usage: ::legacy::get_attr <string>
           [<rtl_port|rtl_instance|rtl_block|rtl_module|hdl_implementation|hdl_bind|hdl_parameter|hdl_pin|hdl_subprogram|hdl_label|hdl_inst|hdl_procedure|hdl_block|hdl_component|hdl_operator|hdl_package|hdl_architecture|hdl_configuration|hdl_lib|cell_model|cell|test_bus_interface|test_bus_port|osc_source_reference|opcg_mode|opcg_domain|domain_macro_parameter|opcg_trigger|osc_source|dft_configuration_mode|jtag_instruction|jtag_instruction_register|jtag_macro|boundary_scan_segment|tap_port|jtag_port|test_signal|formal_verification_constraint|mbist_clock|mbist_clock_domain|pmbist_port|programmable_direct_access_function|memory_spare_column_map_data|memory_spare_column_map_address|memory_spare_column_map|memory_spare_column|memory_spare_row_map_address|memory_spare_row|memory_data_bit_structure|memory_bank_structure|address_partition|write_mask_bit|memory_lib_pin_access|memory_lib_pin_action|memory_lib_pin_test|memory_lib_pin_alias|memory_lib_cell|memory_library_domain|fuse_cell|fuse_cell_domain|test_clock|test_clock_domain|scan_segment|scan_chain|actual_scan_segment|actual_scan_chain|violation|timing_bin_path|timing_bin|arc|timing_point|timing_path|sdp_instance|sdp_column|sdp_row|sdp_group|flow_step|flow|command_option|command|level_shifter_rule|isolation_rule|macro_isolation_rule|macro_power_domain|macro_model|repeater_rule|state_retention_rule|power_mode|power_domain|nominal_condition|power_intent_command_id|power_intent_command|power_model|power_scope|congestion_box|route_type|pdomain|route_rule|blackbox|fpobject|pinstance|cluster|def_pin|pnet|specialnet|style|fill|slot|track_pattern|row|region|bump|pcell|group|extraction_grid|gcell_grid|gcell|route_blockage|place_blockage|blockage|layer|site|via|exception|cost_group|external_delay|clock|clock_domain|delay_corner|constraint_mode|analysis_view|mode|hport_bus|port_bus|constant|pin_bus|hpin_bus|pg_pin|hpin|pin|hport|port|pg_hport|pg_port|pg_hnet|pg_net|net|hnet|inst|hinst|module|design|level_shifter_group|library_domain|virtual_techelt|timing_condition|rc_corner|opcond|library_set|base_cell_set|operating_condition|wireload_selection|wireload|lib_arc|pg_lib_pin|lib_pin|seq_function|lwlib_cell|lib_cell|lwlibrary|library|pg_base_pin|base_pin|base_cell|message|message_group|attribute|obj_type|root>+]

    <string>:
        attribute name 
    [<rtl_port|rtl_instance|rtl_block|rtl_module|hdl_implementation|hdl_bind|hdl_parameter|hdl_pin|hdl_subprogram|hdl_label|hdl_inst|hdl_procedure|hdl_block|hdl_component|hdl_operator|hdl_package|hdl_architecture|hdl_configuration|hdl_lib|cell_model|cell|test_bus_interface|test_bus_port|osc_source_reference|opcg_mode|opcg_domain|domain_macro_parameter|opcg_trigger|osc_source|dft_configuration_mode|jtag_instruction|jtag_instruction_register|jtag_macro|boundary_scan_segment|tap_port|jtag_port|test_signal|formal_verification_constraint|mbist_clock|mbist_clock_domain|pmbist_port|programmable_direct_access_function|memory_spare_column_map_data|memory_spare_column_map_address|memory_spare_column_map|memory_spare_column|memory_spare_row_map_address|memory_spare_row|memory_data_bit_structure|memory_bank_structure|address_partition|write_mask_bit|memory_lib_pin_access|memory_lib_pin_action|memory_lib_pin_test|memory_lib_pin_alias|memory_lib_cell|memory_library_domain|fuse_cell|fuse_cell_domain|test_clock|test_clock_domain|scan_segment|scan_chain|actual_scan_segment|actual_scan_chain|violation|timing_bin_path|timing_bin|arc|timing_point|timing_path|sdp_instance|sdp_column|sdp_row|sdp_group|flow_step|flow|command_option|command|level_shifter_rule|isolation_rule|macro_isolation_rule|macro_power_domain|macro_model|repeater_rule|state_retention_rule|power_mode|power_domain|nominal_condition|power_intent_command_id|power_intent_command|power_model|power_scope|congestion_box|route_type|pdomain|route_rule|blackbox|fpobject|pinstance|cluster|def_pin|pnet|specialnet|style|fill|slot|track_pattern|row|region|bump|pcell|group|extraction_grid|gcell_grid|gcell|route_blockage|place_blockage|blockage|layer|site|via|exception|cost_group|external_delay|clock|clock_domain|delay_corner|constraint_mode|analysis_view|mode|hport_bus|port_bus|constant|pin_bus|hpin_bus|pg_pin|hpin|pin|hport|port|pg_hport|pg_port|pg_hnet|pg_net|net|hnet|inst|hinst|module|design|level_shifter_group|library_domain|virtual_techelt|timing_condition|rc_corner|opcond|library_set|base_cell_set|operating_condition|wireload_selection|wireload|lib_arc|pg_lib_pin|lib_pin|seq_function|lwlib_cell|lib_cell|lwlibrary|library|pg_base_pin|base_pin|base_cell|message|message_group|attribute|obj_type|root>+]:
        object of interest (must be unique) 

Usage: ::legacy::get_attr <string>
           [<rtl_port|rtl_instance|rtl_block|rtl_module|hdl_implementation|hdl_bind|hdl_parameter|hdl_pin|hdl_subprogram|hdl_label|hdl_inst|hdl_procedure|hdl_block|hdl_component|hdl_operator|hdl_package|hdl_architecture|hdl_configuration|hdl_lib|cell_model|cell|test_bus_interface|test_bus_port|osc_source_reference|opcg_mode|opcg_domain|domain_macro_parameter|opcg_trigger|osc_source|dft_configuration_mode|jtag_instruction|jtag_instruction_register|jtag_macro|boundary_scan_segment|tap_port|jtag_port|test_signal|formal_verification_constraint|mbist_clock|mbist_clock_domain|pmbist_port|programmable_direct_access_function|memory_spare_column_map_data|memory_spare_column_map_address|memory_spare_column_map|memory_spare_column|memory_spare_row_map_address|memory_spare_row|memory_data_bit_structure|memory_bank_structure|address_partition|write_mask_bit|memory_lib_pin_access|memory_lib_pin_action|memory_lib_pin_test|memory_lib_pin_alias|memory_lib_cell|memory_library_domain|fuse_cell|fuse_cell_domain|test_clock|test_clock_domain|scan_segment|scan_chain|actual_scan_segment|actual_scan_chain|violation|timing_bin_path|timing_bin|arc|timing_point|timing_path|sdp_instance|sdp_column|sdp_row|sdp_group|flow_step|flow|command_option|command|level_shifter_rule|isolation_rule|macro_isolation_rule|macro_power_domain|macro_model|repeater_rule|state_retention_rule|power_mode|power_domain|nominal_condition|power_intent_command_id|power_intent_command|power_model|power_scope|congestion_box|route_type|pdomain|route_rule|blackbox|fpobject|pinstance|cluster|def_pin|pnet|specialnet|style|fill|slot|track_pattern|row|region|bump|pcell|group|extraction_grid|gcell_grid|gcell|route_blockage|place_blockage|blockage|layer|site|via|exception|cost_group|external_delay|clock|clock_domain|delay_corner|constraint_mode|analysis_view|mode|hport_bus|port_bus|constant|pin_bus|hpin_bus|pg_pin|hpin|pin|hport|port|pg_hport|pg_port|pg_hnet|pg_net|net|hnet|inst|hinst|module|design|level_shifter_group|library_domain|virtual_techelt|timing_condition|rc_corner|opcond|library_set|base_cell_set|operating_condition|wireload_selection|wireload|lib_arc|pg_lib_pin|lib_pin|seq_function|lwlib_cell|lib_cell|lwlibrary|library|pg_base_pin|base_pin|base_cell|message|message_group|attribute|obj_type|root>+]

    <string>:
        attribute name 
    [<rtl_port|rtl_instance|rtl_block|rtl_module|hdl_implementation|hdl_bind|hdl_parameter|hdl_pin|hdl_subprogram|hdl_label|hdl_inst|hdl_procedure|hdl_block|hdl_component|hdl_operator|hdl_package|hdl_architecture|hdl_configuration|hdl_lib|cell_model|cell|test_bus_interface|test_bus_port|osc_source_reference|opcg_mode|opcg_domain|domain_macro_parameter|opcg_trigger|osc_source|dft_configuration_mode|jtag_instruction|jtag_instruction_register|jtag_macro|boundary_scan_segment|tap_port|jtag_port|test_signal|formal_verification_constraint|mbist_clock|mbist_clock_domain|pmbist_port|programmable_direct_access_function|memory_spare_column_map_data|memory_spare_column_map_address|memory_spare_column_map|memory_spare_column|memory_spare_row_map_address|memory_spare_row|memory_data_bit_structure|memory_bank_structure|address_partition|write_mask_bit|memory_lib_pin_access|memory_lib_pin_action|memory_lib_pin_test|memory_lib_pin_alias|memory_lib_cell|memory_library_domain|fuse_cell|fuse_cell_domain|test_clock|test_clock_domain|scan_segment|scan_chain|actual_scan_segment|actual_scan_chain|violation|timing_bin_path|timing_bin|arc|timing_point|timing_path|sdp_instance|sdp_column|sdp_row|sdp_group|flow_step|flow|command_option|command|level_shifter_rule|isolation_rule|macro_isolation_rule|macro_power_domain|macro_model|repeater_rule|state_retention_rule|power_mode|power_domain|nominal_condition|power_intent_command_id|power_intent_command|power_model|power_scope|congestion_box|route_type|pdomain|route_rule|blackbox|fpobject|pinstance|cluster|def_pin|pnet|specialnet|style|fill|slot|track_pattern|row|region|bump|pcell|group|extraction_grid|gcell_grid|gcell|route_blockage|place_blockage|blockage|layer|site|via|exception|cost_group|external_delay|clock|clock_domain|delay_corner|constraint_mode|analysis_view|mode|hport_bus|port_bus|constant|pin_bus|hpin_bus|pg_pin|hpin|pin|hport|port|pg_hport|pg_port|pg_hnet|pg_net|net|hnet|inst|hinst|module|design|level_shifter_group|library_domain|virtual_techelt|timing_condition|rc_corner|opcond|library_set|base_cell_set|operating_condition|wireload_selection|wireload|lib_arc|pg_lib_pin|lib_pin|seq_function|lwlib_cell|lib_cell|lwlibrary|library|pg_base_pin|base_pin|base_cell|message|message_group|attribute|obj_type|root>+]:
        object of interest (must be unique) 

Usage: ::legacy::get_attr <string>
           [<rtl_port|rtl_instance|rtl_block|rtl_module|hdl_implementation|hdl_bind|hdl_parameter|hdl_pin|hdl_subprogram|hdl_label|hdl_inst|hdl_procedure|hdl_block|hdl_component|hdl_operator|hdl_package|hdl_architecture|hdl_configuration|hdl_lib|cell_model|cell|test_bus_interface|test_bus_port|osc_source_reference|opcg_mode|opcg_domain|domain_macro_parameter|opcg_trigger|osc_source|dft_configuration_mode|jtag_instruction|jtag_instruction_register|jtag_macro|boundary_scan_segment|tap_port|jtag_port|test_signal|formal_verification_constraint|mbist_clock|mbist_clock_domain|pmbist_port|programmable_direct_access_function|memory_spare_column_map_data|memory_spare_column_map_address|memory_spare_column_map|memory_spare_column|memory_spare_row_map_address|memory_spare_row|memory_data_bit_structure|memory_bank_structure|address_partition|write_mask_bit|memory_lib_pin_access|memory_lib_pin_action|memory_lib_pin_test|memory_lib_pin_alias|memory_lib_cell|memory_library_domain|fuse_cell|fuse_cell_domain|test_clock|test_clock_domain|scan_segment|scan_chain|actual_scan_segment|actual_scan_chain|violation|timing_bin_path|timing_bin|arc|timing_point|timing_path|sdp_instance|sdp_column|sdp_row|sdp_group|flow_step|flow|command_option|command|level_shifter_rule|isolation_rule|macro_isolation_rule|macro_power_domain|macro_model|repeater_rule|state_retention_rule|power_mode|power_domain|nominal_condition|power_intent_command_id|power_intent_command|power_model|power_scope|congestion_box|route_type|pdomain|route_rule|blackbox|fpobject|pinstance|cluster|def_pin|pnet|specialnet|style|fill|slot|track_pattern|row|region|bump|pcell|group|extraction_grid|gcell_grid|gcell|route_blockage|place_blockage|blockage|layer|site|via|exception|cost_group|external_delay|clock|clock_domain|delay_corner|constraint_mode|analysis_view|mode|hport_bus|port_bus|constant|pin_bus|hpin_bus|pg_pin|hpin|pin|hport|port|pg_hport|pg_port|pg_hnet|pg_net|net|hnet|inst|hinst|module|design|level_shifter_group|library_domain|virtual_techelt|timing_condition|rc_corner|opcond|library_set|base_cell_set|operating_condition|wireload_selection|wireload|lib_arc|pg_lib_pin|lib_pin|seq_function|lwlib_cell|lib_cell|lwlibrary|library|pg_base_pin|base_pin|base_cell|message|message_group|attribute|obj_type|root>+]

    <string>:
        attribute name 
    [<rtl_port|rtl_instance|rtl_block|rtl_module|hdl_implementation|hdl_bind|hdl_parameter|hdl_pin|hdl_subprogram|hdl_label|hdl_inst|hdl_procedure|hdl_block|hdl_component|hdl_operator|hdl_package|hdl_architecture|hdl_configuration|hdl_lib|cell_model|cell|test_bus_interface|test_bus_port|osc_source_reference|opcg_mode|opcg_domain|domain_macro_parameter|opcg_trigger|osc_source|dft_configuration_mode|jtag_instruction|jtag_instruction_register|jtag_macro|boundary_scan_segment|tap_port|jtag_port|test_signal|formal_verification_constraint|mbist_clock|mbist_clock_domain|pmbist_port|programmable_direct_access_function|memory_spare_column_map_data|memory_spare_column_map_address|memory_spare_column_map|memory_spare_column|memory_spare_row_map_address|memory_spare_row|memory_data_bit_structure|memory_bank_structure|address_partition|write_mask_bit|memory_lib_pin_access|memory_lib_pin_action|memory_lib_pin_test|memory_lib_pin_alias|memory_lib_cell|memory_library_domain|fuse_cell|fuse_cell_domain|test_clock|test_clock_domain|scan_segment|scan_chain|actual_scan_segment|actual_scan_chain|violation|timing_bin_path|timing_bin|arc|timing_point|timing_path|sdp_instance|sdp_column|sdp_row|sdp_group|flow_step|flow|command_option|command|level_shifter_rule|isolation_rule|macro_isolation_rule|macro_power_domain|macro_model|repeater_rule|state_retention_rule|power_mode|power_domain|nominal_condition|power_intent_command_id|power_intent_command|power_model|power_scope|congestion_box|route_type|pdomain|route_rule|blackbox|fpobject|pinstance|cluster|def_pin|pnet|specialnet|style|fill|slot|track_pattern|row|region|bump|pcell|group|extraction_grid|gcell_grid|gcell|route_blockage|place_blockage|blockage|layer|site|via|exception|cost_group|external_delay|clock|clock_domain|delay_corner|constraint_mode|analysis_view|mode|hport_bus|port_bus|constant|pin_bus|hpin_bus|pg_pin|hpin|pin|hport|port|pg_hport|pg_port|pg_hnet|pg_net|net|hnet|inst|hinst|module|design|level_shifter_group|library_domain|virtual_techelt|timing_condition|rc_corner|opcond|library_set|base_cell_set|operating_condition|wireload_selection|wireload|lib_arc|pg_lib_pin|lib_pin|seq_function|lwlib_cell|lib_cell|lwlibrary|library|pg_base_pin|base_pin|base_cell|message|message_group|attribute|obj_type|root>+]:
        object of interest (must be unique) 

Usage: ::legacy::get_attr <string>
           [<rtl_port|rtl_instance|rtl_block|rtl_module|hdl_implementation|hdl_bind|hdl_parameter|hdl_pin|hdl_subprogram|hdl_label|hdl_inst|hdl_procedure|hdl_block|hdl_component|hdl_operator|hdl_package|hdl_architecture|hdl_configuration|hdl_lib|cell_model|cell|test_bus_interface|test_bus_port|osc_source_reference|opcg_mode|opcg_domain|domain_macro_parameter|opcg_trigger|osc_source|dft_configuration_mode|jtag_instruction|jtag_instruction_register|jtag_macro|boundary_scan_segment|tap_port|jtag_port|test_signal|formal_verification_constraint|mbist_clock|mbist_clock_domain|pmbist_port|programmable_direct_access_function|memory_spare_column_map_data|memory_spare_column_map_address|memory_spare_column_map|memory_spare_column|memory_spare_row_map_address|memory_spare_row|memory_data_bit_structure|memory_bank_structure|address_partition|write_mask_bit|memory_lib_pin_access|memory_lib_pin_action|memory_lib_pin_test|memory_lib_pin_alias|memory_lib_cell|memory_library_domain|fuse_cell|fuse_cell_domain|test_clock|test_clock_domain|scan_segment|scan_chain|actual_scan_segment|actual_scan_chain|violation|timing_bin_path|timing_bin|arc|timing_point|timing_path|sdp_instance|sdp_column|sdp_row|sdp_group|flow_step|flow|command_option|command|level_shifter_rule|isolation_rule|macro_isolation_rule|macro_power_domain|macro_model|repeater_rule|state_retention_rule|power_mode|power_domain|nominal_condition|power_intent_command_id|power_intent_command|power_model|power_scope|congestion_box|route_type|pdomain|route_rule|blackbox|fpobject|pinstance|cluster|def_pin|pnet|specialnet|style|fill|slot|track_pattern|row|region|bump|pcell|group|extraction_grid|gcell_grid|gcell|route_blockage|place_blockage|blockage|layer|site|via|exception|cost_group|external_delay|clock|clock_domain|delay_corner|constraint_mode|analysis_view|mode|hport_bus|port_bus|constant|pin_bus|hpin_bus|pg_pin|hpin|pin|hport|port|pg_hport|pg_port|pg_hnet|pg_net|net|hnet|inst|hinst|module|design|level_shifter_group|library_domain|virtual_techelt|timing_condition|rc_corner|opcond|library_set|base_cell_set|operating_condition|wireload_selection|wireload|lib_arc|pg_lib_pin|lib_pin|seq_function|lwlib_cell|lib_cell|lwlibrary|library|pg_base_pin|base_pin|base_cell|message|message_group|attribute|obj_type|root>+]

    <string>:
        attribute name 
    [<rtl_port|rtl_instance|rtl_block|rtl_module|hdl_implementation|hdl_bind|hdl_parameter|hdl_pin|hdl_subprogram|hdl_label|hdl_inst|hdl_procedure|hdl_block|hdl_component|hdl_operator|hdl_package|hdl_architecture|hdl_configuration|hdl_lib|cell_model|cell|test_bus_interface|test_bus_port|osc_source_reference|opcg_mode|opcg_domain|domain_macro_parameter|opcg_trigger|osc_source|dft_configuration_mode|jtag_instruction|jtag_instruction_register|jtag_macro|boundary_scan_segment|tap_port|jtag_port|test_signal|formal_verification_constraint|mbist_clock|mbist_clock_domain|pmbist_port|programmable_direct_access_function|memory_spare_column_map_data|memory_spare_column_map_address|memory_spare_column_map|memory_spare_column|memory_spare_row_map_address|memory_spare_row|memory_data_bit_structure|memory_bank_structure|address_partition|write_mask_bit|memory_lib_pin_access|memory_lib_pin_action|memory_lib_pin_test|memory_lib_pin_alias|memory_lib_cell|memory_library_domain|fuse_cell|fuse_cell_domain|test_clock|test_clock_domain|scan_segment|scan_chain|actual_scan_segment|actual_scan_chain|violation|timing_bin_path|timing_bin|arc|timing_point|timing_path|sdp_instance|sdp_column|sdp_row|sdp_group|flow_step|flow|command_option|command|level_shifter_rule|isolation_rule|macro_isolation_rule|macro_power_domain|macro_model|repeater_rule|state_retention_rule|power_mode|power_domain|nominal_condition|power_intent_command_id|power_intent_command|power_model|power_scope|congestion_box|route_type|pdomain|route_rule|blackbox|fpobject|pinstance|cluster|def_pin|pnet|specialnet|style|fill|slot|track_pattern|row|region|bump|pcell|group|extraction_grid|gcell_grid|gcell|route_blockage|place_blockage|blockage|layer|site|via|exception|cost_group|external_delay|clock|clock_domain|delay_corner|constraint_mode|analysis_view|mode|hport_bus|port_bus|constant|pin_bus|hpin_bus|pg_pin|hpin|pin|hport|port|pg_hport|pg_port|pg_hnet|pg_net|net|hnet|inst|hinst|module|design|level_shifter_group|library_domain|virtual_techelt|timing_condition|rc_corner|opcond|library_set|base_cell_set|operating_condition|wireload_selection|wireload|lib_arc|pg_lib_pin|lib_pin|seq_function|lwlib_cell|lib_cell|lwlibrary|library|pg_base_pin|base_pin|base_cell|message|message_group|attribute|obj_type|root>+]:
        object of interest (must be unique) 
1
1
    while executing
"::legacy::get_attr escaped_name $module"
    (procedure "::uiHalo::sch::updateLoadHistory" line 8)
    invoked from within
"::uiHalo::sch::updateLoadHistory main.schematic_qt iopt_partition"
    ("after" script)
1
1
    while executing
"::legacy::get_attr escaped_name $module"
    (procedure "::uiHalo::sch::updateLoadHistory" line 8)
    invoked from within
"::uiHalo::sch::updateLoadHistory main.schematic_qt iopt_partition"
    ("after" script)
1
1
    while executing
"::legacy::get_attr escaped_name $module"
    (procedure "::uiHalo::sch::updateLoadHistory" line 8)
    invoked from within
"::uiHalo::sch::updateLoadHistory main.schematic_qt iopt_partition"
    ("after" script)
1
1
    while executing
"::legacy::get_attr escaped_name $module"
    (procedure "::uiHalo::sch::updateLoadHistory" line 8)
    invoked from within
"::uiHalo::sch::updateLoadHistory main.schematic_qt iopt_partition"
    ("after" script)
1
1
    while executing
"::legacy::get_attr escaped_name $module"
    (procedure "::uiHalo::sch::updateLoadHistory" line 8)
    invoked from within
"::uiHalo::sch::updateLoadHistory main.schematic_qt iopt_partition"
    ("after" script)
1
1
    while executing
"::legacy::get_attr escaped_name $module"
    (procedure "::uiHalo::sch::updateLoadHistory" line 8)
    invoked from within
"::uiHalo::sch::updateLoadHistory main.schematic_qt iopt_partition"
    ("after" script)
1
1
    while executing
"::legacy::get_attr escaped_name $module"
    (procedure "::uiHalo::sch::updateLoadHistory" line 8)
    invoked from within
"::uiHalo::sch::updateLoadHistory main.schematic_qt iopt_partition"
    ("after" script)
1
1
    while executing
"::legacy::get_attr escaped_name $module"
    (procedure "::uiHalo::sch::updateLoadHistory" line 8)
    invoked from within
"::uiHalo::sch::updateLoadHistory main.schematic_qt iopt_partition"
    ("after" script)
1
1
    while executing
"::legacy::get_attr escaped_name $module"
    (procedure "::uiHalo::sch::updateLoadHistory" line 8)
    invoked from within
"::uiHalo::sch::updateLoadHistory main.schematic_qt iopt_partition"
    ("after" script)
1
1
    while executing
"::legacy::get_attr escaped_name $module"
    (procedure "::uiHalo::sch::updateLoadHistory" line 8)
    invoked from within
"::uiHalo::sch::updateLoadHistory main.schematic_qt iopt_partition"
    ("after" script)
1
1
    while executing
"::legacy::get_attr escaped_name $module"
    (procedure "::uiHalo::sch::updateLoadHistory" line 8)
    invoked from within
"::uiHalo::sch::updateLoadHistory main.schematic_qt iopt_partition"
    ("after" script)
1
1
    while executing
"::legacy::get_attr escaped_name $module"
    (procedure "::uiHalo::sch::updateLoadHistory" line 8)
    invoked from within
"::uiHalo::sch::updateLoadHistory main.schematic_qt iopt_partition"
    ("after" script)
1
1
    while executing
"::legacy::get_attr escaped_name $module"
    (procedure "::uiHalo::sch::updateLoadHistory" line 8)
    invoked from within
"::uiHalo::sch::updateLoadHistory main.schematic_qt iopt_partition"
    ("after" script)
1
1
    while executing
"::legacy::get_attr escaped_name $module"
    (procedure "::uiHalo::sch::updateLoadHistory" line 8)
    invoked from within
"::uiHalo::sch::updateLoadHistory main.schematic_qt iopt_partition"
    ("after" script)
1
1
    while executing
"::legacy::get_attr escaped_name $module"
    (procedure "::uiHalo::sch::updateLoadHistory" line 8)
    invoked from within
"::uiHalo::sch::updateLoadHistory main.schematic_qt iopt_partition"
    ("after" script)
1
1
    while executing
"::legacy::get_attr escaped_name $module"
    (procedure "::uiHalo::sch::updateLoadHistory" line 8)
    invoked from within
"::uiHalo::sch::updateLoadHistory main.schematic_qt iopt_partition"
    ("after" script)
1
1
    while executing
"::legacy::get_attr escaped_name $module"
    (procedure "::uiHalo::sch::updateLoadHistory" line 8)
    invoked from within
"::uiHalo::sch::updateLoadHistory main.schematic_qt iopt_partition"
    ("after" script)
1
1
    while executing
"::legacy::get_attr escaped_name $module"
    (procedure "::uiHalo::sch::updateLoadHistory" line 8)
    invoked from within
"::uiHalo::sch::updateLoadHistory main.schematic_qt iopt_partition"
    ("after" script)
1
1
    while executing
"::legacy::get_attr escaped_name $module"
    (procedure "::uiHalo::sch::updateLoadHistory" line 8)
    invoked from within
"::uiHalo::sch::updateLoadHistory main.schematic_qt iopt_partition"
    ("after" script)
1
1
    while executing
"::legacy::get_attr escaped_name $module"
    (procedure "::uiHalo::sch::updateLoadHistory" line 8)
    invoked from within
"::uiHalo::sch::updateLoadHistory main.schematic_qt iopt_partition"
    ("after" script)
1
1
    while executing
"::legacy::get_attr escaped_name $module"
    (procedure "::uiHalo::sch::updateLoadHistory" line 8)
    invoked from within
"::uiHalo::sch::updateLoadHistory main.schematic_qt iopt_partition"
    ("after" script)
1
1
    while executing
"::legacy::get_attr escaped_name $module"
    (procedure "::uiHalo::sch::updateLoadHistory" line 8)
    invoked from within
"::uiHalo::sch::updateLoadHistory main.schematic_qt iopt_partition"
    ("after" script)
1
1
    while executing
"::legacy::get_attr escaped_name $module"
    (procedure "::uiHalo::sch::updateLoadHistory" line 8)
    invoked from within
"::uiHalo::sch::updateLoadHistory main.schematic_qt iopt_partition"
    ("after" script)
1
1
    while executing
"::legacy::get_attr escaped_name $module"
    (procedure "::uiHalo::sch::updateLoadHistory" line 8)
    invoked from within
"::uiHalo::sch::updateLoadHistory main.schematic_qt iopt_partition"
    ("after" script)
1
1
    while executing
"::legacy::get_attr escaped_name $module"
    (procedure "::uiHalo::sch::updateLoadHistory" line 8)
    invoked from within
"::uiHalo::sch::updateLoadHistory main.schematic_qt iopt_partition"
    ("after" script)
1
1
    while executing
"::legacy::get_attr escaped_name $module"
    (procedure "::uiHalo::sch::updateLoadHistory" line 8)
    invoked from within
"::uiHalo::sch::updateLoadHistory main.schematic_qt iopt_partition"
    ("after" script)
1
1
    while executing
"::legacy::get_attr escaped_name $module"
    (procedure "::uiHalo::sch::updateLoadHistory" line 8)
    invoked from within
"::uiHalo::sch::updateLoadHistory main.schematic_qt iopt_partition"
    ("after" script)
1
1
    while executing
"::legacy::get_attr escaped_name $module"
    (procedure "::uiHalo::sch::updateLoadHistory" line 8)
    invoked from within
"::uiHalo::sch::updateLoadHistory main.schematic_qt iopt_partition"
    ("after" script)
1
1
    while executing
"::legacy::get_attr escaped_name $module"
    (procedure "::uiHalo::sch::updateLoadHistory" line 8)
    invoked from within
"::uiHalo::sch::updateLoadHistory main.schematic_qt iopt_partition"
    ("after" script)
1
1
    while executing
"::legacy::get_attr escaped_name $module"
    (procedure "::uiHalo::sch::updateLoadHistory" line 8)
    invoked from within
"::uiHalo::sch::updateLoadHistory main.schematic_qt iopt_partition"
    ("after" script)
1
1
    while executing
"::legacy::get_attr escaped_name $module"
    (procedure "::uiHalo::sch::updateLoadHistory" line 8)
    invoked from within
"::uiHalo::sch::updateLoadHistory main.schematic_qt iopt_partition"
    ("after" script)
1
1
    while executing
"::legacy::get_attr escaped_name $module"
    (procedure "::uiHalo::sch::updateLoadHistory" line 8)
    invoked from within
"::uiHalo::sch::updateLoadHistory main.schematic_qt iopt_partition"
    ("after" script)
1
1
    while executing
"::legacy::get_attr escaped_name $module"
    (procedure "::uiHalo::sch::updateLoadHistory" line 8)
    invoked from within
"::uiHalo::sch::updateLoadHistory main.schematic_qt iopt_partition"
    ("after" script)
1
1
    while executing
"::legacy::get_attr escaped_name $module"
    (procedure "::uiHalo::sch::updateLoadHistory" line 8)
    invoked from within
"::uiHalo::sch::updateLoadHistory main.schematic_qt iopt_partition"
    ("after" script)
1
1
    while executing
"::legacy::get_attr escaped_name $module"
    (procedure "::uiHalo::sch::updateLoadHistory" line 8)
    invoked from within
"::uiHalo::sch::updateLoadHistory main.schematic_qt iopt_partition"
    ("after" script)
1
1
    while executing
"::legacy::get_attr escaped_name $module"
    (procedure "::uiHalo::sch::updateLoadHistory" line 8)
    invoked from within
"::uiHalo::sch::updateLoadHistory main.schematic_qt iopt_partition"
    ("after" script)
1
1
    while executing
"::legacy::get_attr escaped_name $module"
    (procedure "::uiHalo::sch::updateLoadHistory" line 8)
    invoked from within
"::uiHalo::sch::updateLoadHistory main.schematic_qt iopt_partition"
    ("after" script)
1
1
    while executing
"::legacy::get_attr escaped_name $module"
    (procedure "::uiHalo::sch::updateLoadHistory" line 8)
    invoked from within
"::uiHalo::sch::updateLoadHistory main.schematic_qt iopt_partition"
    ("after" script)
1
1
    while executing
"::legacy::get_attr escaped_name $module"
    (procedure "::uiHalo::sch::updateLoadHistory" line 8)
    invoked from within
"::uiHalo::sch::updateLoadHistory main.schematic_qt iopt_partition"
    ("after" script)
1
1
    while executing
"::legacy::get_attr escaped_name $module"
    (procedure "::uiHalo::sch::updateLoadHistory" line 8)
    invoked from within
"::uiHalo::sch::updateLoadHistory main.schematic_qt iopt_partition"
    ("after" script)
1
1
    while executing
"::legacy::get_attr escaped_name $module"
    (procedure "::uiHalo::sch::updateLoadHistory" line 8)
    invoked from within
"::uiHalo::sch::updateLoadHistory main.schematic_qt iopt_partition"
    ("after" script)
1
1
    while executing
"::legacy::get_attr escaped_name $module"
    (procedure "::uiHalo::sch::updateLoadHistory" line 8)
    invoked from within
"::uiHalo::sch::updateLoadHistory main.schematic_qt iopt_partition"
    ("after" script)
1
1
    while executing
"::legacy::get_attr escaped_name $module"
    (procedure "::uiHalo::sch::updateLoadHistory" line 8)
    invoked from within
"::uiHalo::sch::updateLoadHistory main.schematic_qt iopt_partition"
    ("after" script)
1
1
    while executing
"::legacy::get_attr escaped_name $module"
    (procedure "::uiHalo::sch::updateLoadHistory" line 8)
    invoked from within
"::uiHalo::sch::updateLoadHistory main.schematic_qt iopt_partition"
    ("after" script)
1
1
    while executing
"::legacy::get_attr escaped_name $module"
    (procedure "::uiHalo::sch::updateLoadHistory" line 8)
    invoked from within
"::uiHalo::sch::updateLoadHistory main.schematic_qt iopt_partition"
    ("after" script)
1
1
    while executing
"::legacy::get_attr escaped_name $module"
    (procedure "::uiHalo::sch::updateLoadHistory" line 8)
    invoked from within
"::uiHalo::sch::updateLoadHistory main.schematic_qt iopt_partition"
    ("after" script)
1
1
    while executing
"::legacy::get_attr escaped_name $module"
    (procedure "::uiHalo::sch::updateLoadHistory" line 8)
    invoked from within
"::uiHalo::sch::updateLoadHistory main.schematic_qt iopt_partition"
    ("after" script)
1
1
    while executing
"::legacy::get_attr escaped_name $module"
    (procedure "::uiHalo::sch::updateLoadHistory" line 8)
    invoked from within
"::uiHalo::sch::updateLoadHistory main.schematic_qt iopt_partition"
    ("after" script)
1
1
    while executing
"::legacy::get_attr escaped_name $module"
    (procedure "::uiHalo::sch::updateLoadHistory" line 8)
    invoked from within
"::uiHalo::sch::updateLoadHistory main.schematic_qt iopt_partition"
    ("after" script)
1
1
    while executing
"::legacy::get_attr escaped_name $module"
    (procedure "::uiHalo::sch::updateLoadHistory" line 8)
    invoked from within
"::uiHalo::sch::updateLoadHistory main.schematic_qt iopt_partition"
    ("after" script)
1
1
    while executing
"::legacy::get_attr escaped_name $module"
    (procedure "::uiHalo::sch::updateLoadHistory" line 8)
    invoked from within
"::uiHalo::sch::updateLoadHistory main.schematic_qt iopt_partition"
    ("after" script)
1
1
    while executing
"::legacy::get_attr escaped_name $module"
    (procedure "::uiHalo::sch::updateLoadHistory" line 8)
    invoked from within
"::uiHalo::sch::updateLoadHistory main.schematic_qt iopt_partition"
    ("after" script)
1
1
    while executing
"::legacy::get_attr escaped_name $module"
    (procedure "::uiHalo::sch::updateLoadHistory" line 8)
    invoked from within
"::uiHalo::sch::updateLoadHistory main.schematic_qt iopt_partition"
    ("after" script)
1
1
    while executing
"::legacy::get_attr escaped_name $module"
    (procedure "::uiHalo::sch::updateLoadHistory" line 8)
    invoked from within
"::uiHalo::sch::updateLoadHistory main.schematic_qt iopt_partition"
    ("after" script)
1
1
    while executing
"::legacy::get_attr escaped_name $module"
    (procedure "::uiHalo::sch::updateLoadHistory" line 8)
    invoked from within
"::uiHalo::sch::updateLoadHistory main.schematic_qt iopt_partition"
    ("after" script)
1
1
    while executing
"::legacy::get_attr escaped_name $module"
    (procedure "::uiHalo::sch::updateLoadHistory" line 8)
    invoked from within
"::uiHalo::sch::updateLoadHistory main.schematic_qt iopt_partition"
    ("after" script)
1
1
    while executing
"::legacy::get_attr escaped_name $module"
    (procedure "::uiHalo::sch::updateLoadHistory" line 8)
    invoked from within
"::uiHalo::sch::updateLoadHistory main.schematic_qt iopt_partition"
    ("after" script)
1
1
    while executing
"::legacy::get_attr escaped_name $module"
    (procedure "::uiHalo::sch::updateLoadHistory" line 8)
    invoked from within
"::uiHalo::sch::updateLoadHistory main.schematic_qt iopt_partition"
    ("after" script)
1
1
    while executing
"::legacy::get_attr escaped_name $module"
    (procedure "::uiHalo::sch::updateLoadHistory" line 8)
    invoked from within
"::uiHalo::sch::updateLoadHistory main.schematic_qt iopt_partition"
    ("after" script)
1
1
    while executing
"::legacy::get_attr escaped_name $module"
    (procedure "::uiHalo::sch::updateLoadHistory" line 8)
    invoked from within
"::uiHalo::sch::updateLoadHistory main.schematic_qt iopt_partition"
    ("after" script)
1
1
    while executing
"::legacy::get_attr escaped_name $module"
    (procedure "::uiHalo::sch::updateLoadHistory" line 8)
    invoked from within
"::uiHalo::sch::updateLoadHistory main.schematic_qt iopt_partition"
    ("after" script)
1
1
    while executing
"::legacy::get_attr escaped_name $module"
    (procedure "::uiHalo::sch::updateLoadHistory" line 8)
    invoked from within
"::uiHalo::sch::updateLoadHistory main.schematic_qt iopt_partition"
    ("after" script)
1
1
    while executing
"::legacy::get_attr escaped_name $module"
    (procedure "::uiHalo::sch::updateLoadHistory" line 8)
    invoked from within
"::uiHalo::sch::updateLoadHistory main.schematic_qt iopt_partition"
    ("after" script)
1
1
    while executing
"::legacy::get_attr escaped_name $module"
    (procedure "::uiHalo::sch::updateLoadHistory" line 8)
    invoked from within
"::uiHalo::sch::updateLoadHistory main.schematic_qt iopt_partition"
    ("after" script)
1
1
    while executing
"::legacy::get_attr escaped_name $module"
    (procedure "::uiHalo::sch::updateLoadHistory" line 8)
    invoked from within
"::uiHalo::sch::updateLoadHistory main.schematic_qt iopt_partition"
    ("after" script)
1
1
    while executing
"::legacy::get_attr escaped_name $module"
    (procedure "::uiHalo::sch::updateLoadHistory" line 8)
    invoked from within
"::uiHalo::sch::updateLoadHistory main.schematic_qt iopt_partition"
    ("after" script)
1
1
    while executing
"::legacy::get_attr escaped_name $module"
    (procedure "::uiHalo::sch::updateLoadHistory" line 8)
    invoked from within
"::uiHalo::sch::updateLoadHistory main.schematic_qt iopt_partition"
    ("after" script)
1
1
    while executing
"::legacy::get_attr escaped_name $module"
    (procedure "::uiHalo::sch::updateLoadHistory" line 8)
    invoked from within
"::uiHalo::sch::updateLoadHistory main.schematic_qt iopt_partition"
    ("after" script)
1
1
    while executing
"::legacy::get_attr escaped_name $module"
    (procedure "::uiHalo::sch::updateLoadHistory" line 8)
    invoked from within
"::uiHalo::sch::updateLoadHistory main.schematic_qt iopt_partition"
    ("after" script)
1
1
    while executing
"::legacy::get_attr escaped_name $module"
    (procedure "::uiHalo::sch::updateLoadHistory" line 8)
    invoked from within
"::uiHalo::sch::updateLoadHistory main.schematic_qt iopt_partition"
    ("after" script)
1
1
    while executing
"::legacy::get_attr escaped_name $module"
    (procedure "::uiHalo::sch::updateLoadHistory" line 8)
    invoked from within
"::uiHalo::sch::updateLoadHistory main.schematic_qt iopt_partition"
    ("after" script)
1
1
    while executing
"::legacy::get_attr escaped_name $module"
    (procedure "::uiHalo::sch::updateLoadHistory" line 8)
    invoked from within
"::uiHalo::sch::updateLoadHistory main.schematic_qt iopt_partition"
    ("after" script)
1
1
    while executing
"::legacy::get_attr escaped_name $module"
    (procedure "::uiHalo::sch::updateLoadHistory" line 8)
    invoked from within
"::uiHalo::sch::updateLoadHistory main.schematic_qt iopt_partition"
    ("after" script)
1
1
    while executing
"::legacy::get_attr escaped_name $module"
    (procedure "::uiHalo::sch::updateLoadHistory" line 8)
    invoked from within
"::uiHalo::sch::updateLoadHistory main.schematic_qt iopt_partition"
    ("after" script)
1
1
    while executing
"::legacy::get_attr escaped_name $module"
    (procedure "::uiHalo::sch::updateLoadHistory" line 8)
    invoked from within
"::uiHalo::sch::updateLoadHistory main.schematic_qt iopt_partition"
    ("after" script)
1
1
    while executing
"::legacy::get_attr escaped_name $module"
    (procedure "::uiHalo::sch::updateLoadHistory" line 8)
    invoked from within
"::uiHalo::sch::updateLoadHistory main.schematic_qt iopt_partition"
    ("after" script)
1
1
    while executing
"::legacy::get_attr escaped_name $module"
    (procedure "::uiHalo::sch::updateLoadHistory" line 8)
    invoked from within
"::uiHalo::sch::updateLoadHistory main.schematic_qt iopt_partition"
    ("after" script)
1
1
    while executing
"::legacy::get_attr escaped_name $module"
    (procedure "::uiHalo::sch::updateLoadHistory" line 8)
    invoked from within
"::uiHalo::sch::updateLoadHistory main.schematic_qt iopt_partition"
    ("after" script)
1
1
    while executing
"::legacy::get_attr escaped_name $module"
    (procedure "::uiHalo::sch::updateLoadHistory" line 8)
    invoked from within
"::uiHalo::sch::updateLoadHistory main.schematic_qt iopt_partition"
    ("after" script)
1
1
    while executing
"::legacy::get_attr escaped_name $module"
    (procedure "::uiHalo::sch::updateLoadHistory" line 8)
    invoked from within
"::uiHalo::sch::updateLoadHistory main.schematic_qt iopt_partition"
    ("after" script)
1
1
    while executing
"::legacy::get_attr escaped_name $module"
    (procedure "::uiHalo::sch::updateLoadHistory" line 8)
    invoked from within
"::uiHalo::sch::updateLoadHistory main.schematic_qt iopt_partition"
    ("after" script)
1
1
    while executing
"::legacy::get_attr escaped_name $module"
    (procedure "::uiHalo::sch::updateLoadHistory" line 8)
    invoked from within
"::uiHalo::sch::updateLoadHistory main.schematic_qt iopt_partition"
    ("after" script)
1
1
    while executing
"::legacy::get_attr escaped_name $module"
    (procedure "::uiHalo::sch::updateLoadHistory" line 8)
    invoked from within
"::uiHalo::sch::updateLoadHistory main.schematic_qt iopt_partition"
    ("after" script)
1
1
    while executing
"::legacy::get_attr escaped_name $module"
    (procedure "::uiHalo::sch::updateLoadHistory" line 8)
    invoked from within
"::uiHalo::sch::updateLoadHistory main.schematic_qt iopt_partition"
    ("after" script)
1
1
    while executing
"::legacy::get_attr escaped_name $module"
    (procedure "::uiHalo::sch::updateLoadHistory" line 8)
    invoked from within
"::uiHalo::sch::updateLoadHistory main.schematic_qt iopt_partition"
    ("after" script)
1
1
    while executing
"::legacy::get_attr escaped_name $module"
    (procedure "::uiHalo::sch::updateLoadHistory" line 8)
    invoked from within
"::uiHalo::sch::updateLoadHistory main.schematic_qt iopt_partition"
    ("after" script)
@file(logic_synt.tcl) 64: file copy -force ${logs}/genus.log ${syn_folder}/reports/${design}.log
